id_cliente,prediccion
2,0.12646353
3,0.09496163
7,0.13719143
10,0.07234526
11,0.15059634
12,0.02803534
14,0.1403811
16,0.1364269
25,0.10632703
32,0.098815486
38,0.13224182
42,0.19372004
63,0.13506691
65,0.15134233
70,0.13891129
74,0.13846551
76,0.1959932
83,0.05884084
90,0.06626458
98,0.17301343
104,0.12510994
121,0.06849284
124,0.17544559
125,0.15531719
137,0.19290815
143,0.06298779
144,0.18212691
157,0.15742062
163,0.1254474
197,0.0586038
203,0.20043513
205,0.12029198
209,0.028998468
228,0.18671939
231,0.17482668
237,0.12813082
243,0.066335395
247,0.12599087
249,0.05438503
253,0.14061001
261,0.1313083
263,0.02570192
275,0.06515478
279,0.21399583
280,0.15371108
292,0.14740974
297,0.1751711
299,0.13119087
302,0.04434057
304,0.15395416
308,0.25531328
318,0.17844796
319,0.16082008
323,0.06255316
325,0.14722712
339,0.14328875
340,0.130196
355,0.12827681
359,0.13840578
368,0.16517438
371,0.17438513
378,0.15740807
390,0.16958503
392,0.16400552
409,0.13158475
412,0.08145298
420,0.18593897
422,0.08132337
428,0.16712739
429,0.048750684
430,0.17093913
434,0.05147735
437,0.12599632
447,0.09465445
464,0.058404736
466,0.1820038
468,0.2297734
470,0.14639829
473,0.12832955
475,0.060740612
476,0.18451956
480,0.060635936
483,0.10831367
487,0.19477157
495,0.16563296
496,0.22716762
499,0.11191871
502,0.061752457
504,0.13772564
508,0.09413406
514,0.11707423
515,0.14103991
538,0.116824165
548,0.15097813
551,0.15609859
553,0.13013557
560,0.0466479
564,0.11601217
572,0.064285025
577,0.021862308
578,0.2841805
591,0.056580946
593,0.09866432
604,0.16053964
606,0.16183433
614,0.21099429
616,0.0686183
622,0.14623731
626,0.060549855
632,0.074769765
637,0.058730513
640,0.05645356
647,0.11366748
648,0.06121002
653,0.14208025
654,0.0493141
659,0.1346532
661,0.03680527
670,0.067956075
671,0.056208223
673,0.1283338
674,0.06154882
682,0.14161423
683,0.13005745
687,0.13866962
688,0.06539198
689,0.19042832
701,0.11965367
705,0.12167227
707,0.13529068
710,0.13553455
714,0.10030177
716,0.14076942
717,0.16761471
729,0.08027109
732,0.11884013
734,0.1390705
736,0.16757856
742,0.063097045
750,0.1344726
764,0.16761763
767,0.1014969
768,0.16534603
774,0.13927414
777,0.08010078
784,0.15639931
785,0.14005376
786,0.11385975
787,0.21253796
788,0.13188356
790,0.1422808
794,0.05871242
796,0.11799776
802,0.05740006
812,0.12155813
814,0.05752767
816,0.055650365
817,0.15430431
834,0.14087184
835,0.14851892
836,0.11547456
837,0.14550538
840,0.023298072
841,0.02676627
854,0.020456206
858,0.1149829
859,0.06384745
883,0.15322192
887,0.06326369
902,0.11409252
913,0.1579251
915,0.13811453
916,0.1322712
917,0.13478528
924,0.12525125
929,0.2129679
933,0.14726587
936,0.13424549
941,0.05943867
946,0.07687373
948,0.073871486
952,0.12574343
959,0.12785523
963,0.14003074
965,0.08539974
970,0.18174942
975,0.17459638
979,0.12977394
982,0.11885477
986,0.02807378
992,0.16719097
1003,0.041376065
1004,0.14212395
1007,0.15210286
1014,0.069748886
1017,0.059534006
1018,0.12030858
1043,0.073421195
1046,0.16012526
1052,0.13447513
1061,0.07560501
1063,0.15725143
1064,0.14334807
1067,0.13021763
1070,0.09465459
1075,0.057855636
1105,0.06692566
1116,0.20765805
1117,0.19372456
1123,0.19052443
1125,0.1449914
1132,0.12619974
1160,0.035188936
1161,0.16818397
1165,0.0670681
1171,0.22654071
1181,0.09152132
1185,0.15158117
1197,0.15357336
1202,0.1663688
1205,0.030974872
1206,0.16483404
1213,0.15223761
1216,0.07208537
1228,0.15755115
1232,0.1398336
1238,0.075234964
1241,0.07501276
1246,0.110045426
1258,0.08827944
1263,0.12566529
1289,0.15651432
1301,0.1917296
1302,0.059049234
1303,0.18332063
1312,0.17359047
1314,0.16110532
1322,0.06137173
1326,0.05407347
1328,0.062039956
1334,0.13465391
1336,0.124024615
1337,0.06058638
1338,0.14276978
1340,0.18700206
1361,0.18001959
1365,0.16451657
1368,0.27638438
1370,0.0611351
1378,0.14094736
1381,0.16139346
1388,0.1429607
1393,0.14105271
1395,0.10077072
1400,0.15894826
1404,0.058980215
1405,0.07599746
1411,0.15824461
1414,0.13161168
1415,0.027801448
1420,0.07317614
1425,0.07442551
1434,0.20456162
1453,0.161122
1455,0.20177382
1460,0.17567629
1465,0.23198871
1474,0.13285545
1475,0.026483951
1476,0.07812766
1477,0.1272476
1489,0.060234223
1495,0.10988729
1496,0.08221657
1501,0.13957143
1504,0.06458007
1506,0.17717183
1516,0.16145842
1535,0.0687835
1541,0.058642574
1546,0.060588356
1552,0.058372583
1558,0.14398041
1559,0.1479971
1564,0.11256183
1566,0.12485714
1567,0.20045039
1573,0.16356719
1576,0.07372037
1577,0.07305452
1578,0.13445452
1586,0.12661473
1587,0.06585859
1589,0.14176951
1591,0.131874
1592,0.06123691
1598,0.06499408
1602,0.15361334
1604,0.07843224
1606,0.11608873
1614,0.023863075
1615,0.21478368
1619,0.13088623
1623,0.16413765
1631,0.15032881
1639,0.054941576
1648,0.018919019
1659,0.15336242
1669,0.15734512
1673,0.18951993
1678,0.14205633
1682,0.25604972
1683,0.13207118
1692,0.11057996
1693,0.17970821
1695,0.13399105
1698,0.17348263
1706,0.23883347
1709,0.13473344
1710,0.18672082
1719,0.13119698
1720,0.02915417
1726,0.12585954
1730,0.12586996
1732,0.10701921
1733,0.13938491
1736,0.06279217
1743,0.12124291
1751,0.1495899
1752,0.1388059
1754,0.16356869
1756,0.022097152
1760,0.11863357
1765,0.07279457
1776,0.157162
1778,0.035375014
1779,0.15010293
1781,0.05489622
1795,0.15890864
1808,0.022921862
1809,0.14291687
1814,0.11178517
1821,0.11851504
1822,0.12163011
1824,0.14619364
1827,0.1311287
1834,0.13538389
1844,0.20786677
1851,0.18502024
1867,0.14229955
1869,0.12079278
1875,0.22789632
1882,0.15650405
1897,0.17038317
1910,0.13439338
1917,0.13936901
1918,0.09229432
1935,0.1488277
1936,0.19292809
1937,0.057889346
1949,0.107832596
1952,0.04770687
1956,0.13571513
1969,0.05287364
1970,0.12402271
1971,0.12747116
1977,0.19154014
1982,0.1432777
1995,0.11306838
2002,0.18839125
2004,0.16583964
2011,0.1441692
2013,0.12616076
2014,0.12757938
2026,0.15238854
2040,0.11398073
2043,0.18983701
2060,0.111149505
2069,0.084409334
2073,0.073488064
2076,0.038338058
2082,0.17217833
2089,0.047080595
2091,0.17631093
2103,0.065598585
2109,0.061840724
2112,0.13792685
2113,0.15566882
2119,0.06999479
2121,0.14431265
2125,0.1491051
2127,0.2831631
2128,0.17754172
2132,0.14750174
2146,0.15821695
2148,0.027817672
2149,0.17664298
2156,0.06364284
2157,0.16341904
2159,0.16256207
2160,0.1325328
2169,0.15512283
2170,0.04438142
2186,0.069582544
2188,0.045422535
2190,0.1343651
2203,0.11410429
2204,0.14888608
2205,0.1816204
2207,0.16969606
2209,0.053198136
2211,0.058650825
2220,0.05425542
2226,0.19134349
2229,0.12352115
2234,0.13443953
2237,0.14752403
2240,0.12910265
2249,0.067687444
2252,0.15299545
2264,0.16860174
2269,0.1499268
2272,0.07463407
2283,0.15260465
2284,0.15530552
2287,0.14328787
2290,0.15415671
2298,0.07004996
2328,0.14529961
2329,0.16027687
2330,0.20097315
2336,0.17757992
2338,0.13986029
2341,0.2077444
2353,0.19193563
2356,0.03490579
2366,0.1465581
2401,0.123436294
2404,0.07275098
2408,0.11644045
2409,0.11949297
2410,0.10688323
2421,0.25401306
2425,0.16611975
2427,0.17473313
2429,0.12153621
2432,0.1389967
2435,0.13057686
2436,0.12282944
2447,0.12001087
2449,0.05626647
2454,0.06876886
2460,0.020843616
2472,0.19205114
2479,0.11803551
2483,0.1496697
2484,0.16421118
2492,0.15802011
2493,0.06518834
2495,0.11551669
2498,0.23121455
2501,0.13853791
2510,0.1428468
2512,0.045927674
2516,0.031894166
2517,0.1555189
2538,0.022151534
2561,0.15957613
2563,0.14610976
2567,0.14135012
2569,0.05682112
2576,0.11593864
2588,0.134735
2592,0.0371799
2593,0.16330509
2604,0.111064754
2613,0.11130558
2620,0.13601267
2626,0.07950912
2629,0.057499465
2634,0.072864175
2637,0.18776745
2649,0.18132922
2653,0.21039136
2661,0.14894913
2662,0.09299838
2668,0.070151225
2684,0.15687308
2686,0.17005914
2706,0.12941492
2709,0.13837513
2710,0.13182004
2712,0.07093959
2717,0.14748995
2718,0.14377461
2720,0.12397489
2726,0.13866282
2732,0.16207658
2735,0.17804033
2736,0.12851138
2754,0.098858215
2755,0.05782035
2758,0.13420494
2759,0.05950526
2768,0.17928053
2769,0.18375301
2770,0.18773288
2776,0.054655902
2779,0.21639854
2790,0.06386842
2794,0.12720829
2796,0.022519652
2801,0.13897566
2810,0.07791936
2813,0.19242303
2820,0.17872658
2822,0.19648445
2830,0.16816214
2831,0.14202295
2835,0.15622646
2837,0.12614381
2852,0.12825327
2861,0.12848929
2864,0.058849987
2869,0.05488454
2870,0.29567328
2883,0.018613586
2890,0.045318097
2892,0.0560337
2895,0.17182088
2908,0.20459197
2911,0.047106013
2918,0.18802977
2931,0.1621769
2936,0.12103551
2938,0.22502148
2940,0.14813912
2942,0.13039249
2943,0.02407175
2945,0.17822894
2949,0.08547247
2959,0.15139712
2966,0.18784922
2969,0.14859872
2970,0.10887889
2975,0.13009891
2976,0.1197128
2987,0.11909768
2993,0.06587014
2995,0.07305025
2998,0.06042379
3002,0.14860833
3004,0.12409852
3008,0.1611786
3010,0.1503923
3019,0.06278945
3027,0.055177804
3030,0.17189495
3031,0.22213873
3037,0.14042297
3038,0.11543518
3039,0.066477545
3043,0.1642566
3048,0.060844697
3049,0.11743245
3053,0.04847781
3054,0.091059364
3056,0.07691933
3069,0.24460776
3071,0.18414032
3072,0.15906684
3075,0.1585155
3078,0.13494672
3080,0.0827078
3104,0.13477701
3109,0.16714008
3126,0.07625898
3137,0.06627055
3139,0.073233336
3142,0.15679108
3147,0.053807765
3168,0.14262009
3169,0.14115646
3172,0.13654757
3174,0.14263846
3178,0.15750183
3179,0.054129265
3181,0.11166904
3190,0.1351149
3192,0.15044162
3196,0.17760533
3197,0.16590221
3206,0.15224394
3208,0.022574814
3210,0.09779219
3214,0.24476327
3220,0.060932122
3228,0.059836593
3232,0.14039958
3247,0.15903506
3253,0.080458574
3256,0.050513647
3257,0.13471588
3262,0.115887366
3269,0.044103947
3276,0.07237343
3279,0.30070972
3282,0.086078905
3284,0.07398421
3285,0.14668335
3295,0.1291937
3297,0.07648308
3298,0.1254005
3311,0.04208239
3313,0.13721073
3321,0.11773531
3325,0.117941245
3329,0.2411005
3345,0.17326884
3347,0.09205072
3349,0.15874925
3350,0.07231007
3354,0.13756315
3356,0.24607864
3363,0.108685106
3372,0.14985399
3376,0.116175845
3380,0.11920906
3383,0.12732506
3385,0.14536151
3387,0.1334918
3395,0.07628352
3396,0.054299343
3397,0.13224696
3411,0.07109788
3413,0.049348585
3415,0.07072625
3444,0.17954087
3446,0.13319597
3447,0.058707044
3448,0.09328334
3454,0.05019982
3466,0.13737905
3471,0.15428406
3474,0.05818285
3488,0.13397448
3496,0.06938169
3498,0.13841417
3508,0.14691773
3511,0.04489141
3514,0.062213827
3524,0.07101493
3526,0.11971369
3529,0.02102355
3552,0.030771673
3561,0.040473305
3564,0.18608135
3566,0.050195694
3576,0.14184418
3581,0.055875324
3582,0.1372005
3583,0.23762728
3587,0.14363968
3589,0.16822863
3590,0.09477758
3592,0.14950457
3594,0.06366348
3598,0.110603236
3605,0.17088404
3608,0.13191383
3610,0.19144258
3619,0.17485218
3622,0.09069883
3623,0.1811608
3628,0.14526035
3629,0.16462705
3647,0.07078903
3653,0.15054265
3657,0.15608087
3658,0.121762216
3661,0.022583459
3665,0.14092179
3668,0.047449917
3670,0.048879668
3672,0.02105577
3675,0.11586944
3680,0.021220189
3697,0.07219446
3698,0.015748858
3699,0.14741188
3703,0.047160335
3711,0.14713767
3712,0.17709173
3716,0.15851235
3717,0.20525597
3721,0.15301606
3726,0.14794484
3735,0.17935377
3736,0.26498738
3740,0.15217343
3748,0.08921802
3751,0.063175626
3753,0.06782696
3754,0.06502192
3755,0.0632297
3764,0.12750088
3768,0.17406638
3781,0.14817351
3782,0.16385067
3787,0.056166906
3800,0.10619461
3804,0.054006014
3820,0.13438049
3821,0.20099069
3824,0.054646555
3825,0.13047765
3826,0.16531773
3831,0.115207545
3834,0.12077308
3835,0.13445155
3836,0.15704843
3840,0.07711381
3841,0.19883406
3848,0.15974233
3863,0.18184981
3869,0.11600157
3875,0.12007012
3877,0.25327164
3878,0.14164813
3879,0.22336094
3881,0.16775167
3882,0.06576017
3887,0.17383125
3890,0.114746615
3904,0.024730338
3905,0.2352151
3908,0.1400156
3917,0.22963136
3927,0.13082162
3931,0.15700848
3938,0.16196632
3944,0.1622489
3947,0.13488951
3950,0.18901385
3971,0.12338127
3982,0.08099197
3991,0.021075932
3992,0.123174235
3997,0.07430229
4005,0.058104776
4008,0.13198948
4016,0.0666162
4018,0.16024736
4020,0.16555488
4027,0.066851534
4038,0.12209551
4045,0.16404444
4048,0.16040923
4051,0.105374925
4054,0.122091204
4055,0.15810092
4065,0.10538819
4066,0.11827681
4073,0.07801114
4079,0.06358827
4084,0.1472127
4087,0.20109081
4089,0.040737316
4091,0.19665323
4092,0.17884837
4102,0.309044
4108,0.18037908
4113,0.16747998
4116,0.14415677
4117,0.048317418
4124,0.17137688
4125,0.16417676
4128,0.16540137
4129,0.16124125
4130,0.15999393
4134,0.16666906
4144,0.12588269
4147,0.17095956
4150,0.06075588
4158,0.17039485
4162,0.13299324
4163,0.13713397
4166,0.020537157
4167,0.11869609
4168,0.14311147
4175,0.025169767
4179,0.05793016
4180,0.15898448
4189,0.17296895
4192,0.16550514
4195,0.1307981
4197,0.14504099
4198,0.15766661
4202,0.14145786
4208,0.16642055
4222,0.19468857
4225,0.024999624
4227,0.17923142
4229,0.14367817
4230,0.14960858
4244,0.22332436
4247,0.113134384
4249,0.1794791
4258,0.16877571
4266,0.18049945
4283,0.09139378
4286,0.10945958
4287,0.10737855
4289,0.093744315
4291,0.13590828
4292,0.13399379
4296,0.060719587
4309,0.043937143
4323,0.15067184
4324,0.1345258
4327,0.0812911
4328,0.14639248
4330,0.07150241
4334,0.018842362
4338,0.057539355
4341,0.15772897
4343,0.23800467
4349,0.06642354
4366,0.10057349
4367,0.04199666
4373,0.09119044
4374,0.19927196
4384,0.15073343
4390,0.1339998
4403,0.15452786
4409,0.08547985
4419,0.14645194
4427,0.16272531
4428,0.14847164
4429,0.11753481
4430,0.05009532
4431,0.12835687
4433,0.06544504
4434,0.11290931
4442,0.039009564
4444,0.13028954
4456,0.067162596
4457,0.12075018
4459,0.15121919
4463,0.16292593
4465,0.1685502
4466,0.07246287
4469,0.06712651
4486,0.124873556
4488,0.16944401
4490,0.088091455
4492,0.1453528
4500,0.070765406
4502,0.15039177
4507,0.15740587
4511,0.13832448
4512,0.10369929
4516,0.11884873
4520,0.15945284
4536,0.054432664
4538,0.054501485
4549,0.060653128
4554,0.14657414
4561,0.19019273
4564,0.11387041
4566,0.1757844
4568,0.16109829
4580,0.14463325
4586,0.062076103
4594,0.17054863
4598,0.09998071
4602,0.13663763
4609,0.1574476
4610,0.124760196
4611,0.13050358
4619,0.15511236
4624,0.19846965
4627,0.14681746
4631,0.13463685
4632,0.123338215
4635,0.052452967
4637,0.14449595
4641,0.20846069
4643,0.061157092
4660,0.01899051
4665,0.15402684
4667,0.031204669
4668,0.135418
4670,0.15728028
4674,0.0514005
4676,0.14087959
4683,0.2003064
4684,0.05741065
4687,0.11990676
4704,0.16280204
4706,0.14494088
4732,0.15485054
4734,0.1549862
4735,0.10311797
4744,0.06211962
4755,0.13444579
4759,0.05767048
4762,0.05326788
4765,0.17301644
4767,0.17488463
4775,0.1435615
4780,0.1658978
4789,0.1189568
4794,0.1623444
4795,0.18310128
4797,0.15081473
4803,0.054741595
4810,0.14625373
4812,0.19401948
4814,0.15197341
4818,0.10137386
4820,0.060006637
4822,0.11988179
4827,0.06124688
4828,0.075442314
4831,0.027628338
4839,0.18426757
4841,0.13593002
4842,0.025323119
4844,0.14023027
4852,0.051954135
4861,0.06419135
4863,0.19708973
4878,0.18535925
4881,0.15263848
4883,0.18832523
4884,0.14001441
4890,0.12888964
4894,0.021156216
4895,0.37435746
4898,0.109719835
4899,0.04031177
4901,0.06870717
4902,0.04797254
4919,0.14297435
4934,0.06677984
4937,0.1442803
4939,0.057527706
4945,0.027858198
4952,0.10334963
4953,0.12146145
4954,0.13927272
4955,0.10715805
4967,0.05639073
4970,0.15705025
4979,0.1691848
4983,0.12864207
4989,0.115608595
4995,0.14274152
5004,0.19926849
5007,0.1696214
5009,0.049028352
5010,0.122534245
5016,0.15639558
5033,0.050004825
5038,0.020224025
5045,0.07131455
5049,0.067103185
5051,0.05116004
5055,0.12846754
5058,0.09156054
5059,0.05384731
5073,0.092567466
5074,0.24799818
5076,0.16038889
5078,0.06563907
5081,0.1284103
5082,0.13914414
5084,0.026548006
5105,0.1448944
5107,0.13508017
5111,0.08076577
5120,0.026399627
5121,0.13603047
5123,0.12698808
5141,0.13109215
5144,0.14560042
5147,0.1444075
5149,0.03039907
5152,0.028938292
5160,0.1509899
5170,0.15340741
5171,0.20238504
5176,0.16721284
5178,0.15436694
5192,0.052857704
5195,0.07803592
5204,0.16321398
5208,0.11401806
5211,0.09647449
5216,0.029405529
5217,0.14592822
5225,0.14216153
5228,0.16381368
5239,0.02981735
5241,0.07848289
5243,0.16595727
5246,0.18340518
5247,0.14957213
5249,0.04904764
5251,0.16906032
5255,0.16752131
5257,0.13897191
5259,0.06577601
5260,0.1778555
5269,0.175353
5281,0.14030178
5284,0.10249953
5286,0.0898723
5292,0.06862467
5293,0.20874323
5299,0.17873767
5301,0.12464185
5303,0.103384465
5305,0.12103267
5319,0.070437595
5325,0.054856468
5331,0.12211018
5333,0.06328803
5335,0.14429846
5339,0.07396392
5340,0.1479484
5341,0.17345463
5343,0.084824726
5347,0.21124144
5353,0.2302914
5355,0.12264658
5363,0.11664452
5365,0.15880767
5373,0.12904148
5377,0.14635196
5379,0.060921926
5385,0.16750005
5386,0.038313556
5387,0.13085173
5389,0.028320806
5390,0.12009331
5396,0.07331328
5397,0.023564879
5404,0.14216128
5407,0.15061893
5410,0.02137788
5411,0.07109123
5412,0.11038846
5413,0.048733186
5418,0.19021094
5424,0.14372624
5427,0.17565352
5428,0.1603083
5433,0.18401606
5441,0.17427295
5448,0.13411899
5456,0.13102081
5460,0.048264638
5465,0.17362663
5468,0.06743645
5470,0.1326547
5475,0.13138501
5487,0.12693793
5501,0.05206653
5504,0.1250898
5508,0.12647268
5510,0.08130551
5514,0.055290114
5528,0.13204345
5540,0.12749965
5543,0.112174794
5545,0.109730154
5546,0.11842932
5548,0.06096557
5551,0.2552012
5553,0.11833624
5556,0.1504325
5560,0.13253637
5563,0.14631641
5569,0.02466708
5572,0.08390477
5576,0.049816865
5582,0.14059462
5586,0.06635837
5598,0.048918817
5605,0.12954868
5608,0.14305809
5610,0.14068155
5622,0.047935694
5628,0.13315329
5632,0.15191548
5640,0.04521126
5641,0.07270337
5647,0.049161296
5654,0.20595604
5665,0.15407285
5667,0.13787697
5674,0.09234295
5691,0.13239369
5694,0.16977336
5706,0.10703096
5716,0.08786529
5722,0.070707515
5738,0.14997524
5745,0.15982972
5746,0.0919984
5755,0.1487578
5756,0.025168762
5760,0.14783625
5761,0.12717251
5762,0.06594235
5763,0.05999718
5765,0.13457823
5773,0.14871289
5781,0.16665405
5786,0.13969958
5789,0.13976969
5802,0.12787123
5808,0.16512851
5811,0.12003142
5812,0.2229345
5813,0.13101192
5821,0.18227161
5829,0.1361419
5838,0.18569764
5842,0.14857459
5861,0.12917025
5864,0.0980971
5871,0.12955894
5875,0.17142881
5879,0.13512692
5881,0.1534343
5891,0.05271363
5903,0.028555254
5909,0.19041543
5914,0.19131546
5918,0.14773737
5933,0.0712615
5945,0.057648662
5948,0.059703466
5949,0.021007234
5950,0.15843247
5952,0.14032029
5955,0.16754639
5959,0.24174117
5961,0.13619918
5964,0.03427407
5966,0.20984057
5978,0.1438501
5980,0.108565964
5983,0.17910086
5985,0.17692836
5995,0.16143337
6009,0.16113414
6016,0.07554126
6021,0.14306566
6023,0.0849146
6029,0.14254887
6033,0.15207489
6036,0.023126323
6039,0.11719164
6046,0.19271815
6047,0.095344625
6051,0.1394372
6054,0.0518095
6061,0.1699548
6065,0.13575487
6068,0.13550474
6069,0.22476116
6070,0.1833967
6072,0.105676755
6076,0.11669135
6082,0.05902275
6104,0.12303618
6110,0.094881766
6122,0.10525126
6123,0.1917417
6126,0.046353895
6128,0.11349532
6131,0.054644298
6139,0.1133259
6140,0.13531181
6142,0.24868044
6143,0.080022395
6147,0.14695932
6152,0.18383348
6164,0.1246025
6171,0.22049108
6173,0.13023187
6175,0.115762815
6176,0.02070631
6179,0.1554979
6181,0.1637865
6191,0.08693087
6200,0.12742174
6201,0.15893745
6208,0.16307466
6219,0.1519789
6223,0.06312032
6224,0.13497227
6237,0.060043905
6255,0.15195964
6265,0.14103886
6273,0.13201436
6279,0.11892578
6284,0.19134966
6295,0.18389845
6306,0.028135695
6311,0.23141775
6327,0.12347398
6330,0.1588056
6338,0.14370096
6343,0.15119004
6345,0.29888478
6351,0.13370408
6357,0.033534918
6360,0.14699835
6389,0.06214725
6392,0.18192929
6404,0.12863296
6406,0.067855746
6407,0.1710786
6414,0.06821784
6419,0.13608424
6425,0.1442763
6428,0.05246434
6431,0.08358614
6435,0.14139362
6436,0.057488773
6440,0.0786512
6446,0.1700587
6465,0.13441777
6473,0.15850599
6476,0.0591202
6477,0.092508666
6478,0.19441864
6494,0.13986759
6501,0.19710864
6502,0.18873979
6503,0.11864393
6514,0.040993806
6516,0.14454643
6534,0.12718213
6541,0.05634737
6553,0.12601553
6557,0.18042803
6559,0.12833488
6560,0.16730556
6562,0.14129889
6575,0.15844318
6583,0.031016344
6588,0.15308453
6590,0.07558451
6594,0.08538648
6602,0.14847142
6603,0.11402255
6606,0.116645426
6614,0.15868405
6618,0.10764055
6628,0.14950076
6633,0.060000826
6639,0.11373145
6648,0.17864722
6654,0.1278481
6656,0.056554556
6657,0.29003996
6663,0.023435099
6664,0.103240676
6666,0.02808412
6670,0.13081773
6671,0.09135
6683,0.07260459
6694,0.10943808
6695,0.1390717
6699,0.12805486
6701,0.15526171
6706,0.02258195
6707,0.024243314
6720,0.15699774
6721,0.06697205
6726,0.1879578
6735,0.15561987
6745,0.12134254
6746,0.114339
6751,0.026026472
6759,0.16395986
6760,0.09632814
6765,0.13129665
6774,0.07617554
6776,0.15812825
6779,0.15930405
6789,0.13781717
6792,0.2604886
6797,0.02439008
6807,0.14886954
6808,0.14968541
6811,0.16703449
6813,0.05865143
6814,0.15839009
6817,0.13295768
6826,0.12437017
6830,0.079683065
6832,0.118574195
6838,0.22454457
6840,0.14541534
6850,0.13773417
6851,0.12888448
6854,0.25378817
6856,0.19995876
6858,0.089102626
6866,0.09049427
6871,0.16948895
6872,0.13961852
6879,0.11109988
6881,0.060733795
6882,0.16675644
6883,0.16381112
6894,0.18674959
6899,0.06612546
6903,0.16980574
6908,0.13694872
6914,0.13290142
6915,0.15504979
6917,0.1700558
6922,0.03266775
6933,0.068864815
6944,0.1309998
6948,0.16480224
6957,0.120697476
6964,0.12667494
6987,0.11116589
6989,0.027223157
6991,0.1017332
6992,0.07877935
7019,0.13425848
7021,0.06471517
7023,0.15174122
7033,0.05332769
7034,0.124926105
7043,0.11601638
7047,0.12075277
7050,0.1133548
7057,0.084811285
7069,0.073648304
7070,0.071659945
7072,0.16719392
7081,0.14398171
7082,0.061568856
7088,0.1422932
7093,0.18132599
7100,0.14039247
7104,0.0919377
7109,0.048866246
7111,0.14402892
7113,0.017600019
7119,0.124342375
7122,0.05672077
7134,0.24679217
7147,0.0526646
7155,0.15671085
7156,0.1340258
7163,0.28134853
7173,0.057640918
7177,0.13952522
7179,0.19266254
7191,0.16740143
7196,0.20507582
7197,0.01723264
7205,0.06618429
7209,0.06616301
7215,0.06620384
7216,0.10876266
7217,0.15297644
7224,0.15260522
7230,0.14071918
7235,0.19114235
7237,0.13235699
7245,0.17653261
7246,0.117093496
7252,0.060829304
7257,0.15559822
7258,0.13868722
7261,0.09049217
7269,0.1343183
7270,0.121534824
7283,0.19716409
7299,0.10619801
7301,0.033175763
7304,0.16326532
7311,0.18923233
7314,0.15811333
7332,0.15755126
7333,0.16814294
7335,0.15619841
7336,0.08739095
7337,0.23429504
7344,0.08946981
7348,0.1422681
7351,0.15353413
7352,0.06299843
7371,0.14031
7373,0.15901642
7376,0.07090629
7383,0.21024202
7390,0.028397571
7391,0.121367946
7392,0.13207161
7395,0.056362156
7400,0.14869325
7403,0.13685904
7404,0.12892067
7414,0.12219155
7429,0.1269102
7435,0.16136906
7436,0.13011079
7438,0.116928294
7441,0.022914195
7443,0.21704578
7444,0.21292321
7452,0.071987994
7456,0.12385863
7462,0.05694036
7483,0.0956762
7490,0.17197466
7492,0.13214006
7504,0.06178645
7507,0.12667154
7511,0.06825596
7519,0.16073033
7520,0.2488588
7522,0.05231837
7530,0.059869952
7536,0.14610223
7541,0.1748142
7543,0.09731062
7545,0.14220597
7558,0.16980371
7560,0.15225916
7561,0.12770268
7571,0.13468409
7579,0.12565468
7580,0.08227377
7581,0.14324042
7586,0.1261799
7590,0.15620033
7592,0.14537384
7594,0.146051
7595,0.13390048
7601,0.10745399
7602,0.16865537
7603,0.15473472
7611,0.13570376
7617,0.057801757
7618,0.16954195
7619,0.1402751
7625,0.06232518
7628,0.1524844
7630,0.041154347
7631,0.046432868
7633,0.16660094
7634,0.14960055
7641,0.21375936
7642,0.18253134
7646,0.07749221
7662,0.16229294
7666,0.15010843
7674,0.095675305
7676,0.12299814
7679,0.16419297
7681,0.15917915
7686,0.051181417
7696,0.2282084
7707,0.06502254
7708,0.027386261
7712,0.024372367
7715,0.14579453
7716,0.055715296
7717,0.20676756
7719,0.071400054
7723,0.07841074
7726,0.12963262
7734,0.16015
7739,0.060010497
7743,0.13756314
7751,0.091832966
7752,0.1561839
7755,0.14445144
7758,0.05094874
7761,0.1278216
7767,0.062425837
7773,0.10417725
7779,0.07993836
7785,0.06676574
7792,0.061133467
7800,0.15744194
7801,0.09912175
7802,0.12338897
7808,0.16926005
7811,0.102732554
7816,0.07866413
7822,0.07612617
7823,0.06813949
7832,0.13468583
7833,0.14351067
7838,0.098763674
7840,0.15655687
7857,0.10744077
7877,0.06909609
7885,0.23229592
7900,0.11879173
7907,0.13744618
7910,0.053102545
7918,0.137845
7919,0.0713017
7928,0.13342552
7933,0.1381672
7941,0.15371478
7947,0.08674265
7955,0.20179184
7956,0.15265957
7957,0.1364739
7964,0.14468391
7968,0.14157219
7980,0.0872098
8004,0.29483575
8016,0.13655496
8017,0.05549344
8024,0.20351556
8031,0.16462791
8032,0.07339483
8035,0.15594466
8036,0.15126237
8037,0.07352952
8052,0.14708334
8055,0.06827146
8059,0.1522097
8063,0.14979851
8064,0.097778104
8068,0.13990586
8070,0.059854705
8072,0.17289582
8085,0.17170325
8089,0.15871263
8097,0.05096772
8100,0.12748863
8102,0.14776343
8105,0.05727247
8114,0.17912436
8117,0.11361896
8120,0.13605374
8126,0.118769445
8128,0.07482457
8135,0.080508016
8137,0.09762318
8148,0.09576423
8169,0.05782232
8173,0.05220773
8178,0.16960567
8179,0.21056472
8182,0.0314227
8184,0.12560606
8186,0.1562068
8189,0.17399041
8196,0.14834158
8216,0.15420721
8219,0.14935379
8221,0.15485887
8227,0.069778025
8232,0.11716125
8245,0.13729675
8248,0.13633572
8249,0.19218041
8250,0.1531854
8256,0.041044302
8258,0.121432856
8259,0.020195011
8268,0.13816494
8271,0.11821364
8273,0.1684244
8275,0.13059741
8277,0.14794545
8283,0.14290577
8288,0.09014359
8299,0.06454902
8300,0.14648668
8301,0.051500045
8307,0.14883153
8315,0.13930617
8324,0.09235498
8326,0.1288683
8351,0.06917529
8367,0.019916564
8368,0.16200937
8371,0.24813768
8383,0.12594208
8386,0.17490546
8402,0.056612417
8404,0.14104106
8421,0.17601584
8422,0.08157924
8425,0.15664764
8429,0.12280032
8433,0.14639038
8437,0.13472657
8440,0.045985367
8455,0.17267635
8479,0.23034663
8482,0.058335938
8485,0.15785548
8489,0.07354778
8490,0.0202481
8492,0.038647145
8496,0.17623848
8497,0.17023182
8498,0.12051484
8500,0.15105233
8501,0.12796938
8508,0.14065345
8512,0.19846922
8522,0.14539923
8536,0.028333018
8545,0.10983615
8546,0.13980022
8554,0.16025591
8556,0.12423904
8557,0.15564507
8559,0.15735818
8560,0.12888047
8563,0.1443557
8565,0.1332927
8574,0.109284095
8578,0.052115466
8585,0.04732212
8602,0.19009648
8605,0.085183114
8609,0.13492204
8614,0.089619435
8619,0.14950214
8629,0.15209465
8632,0.16374074
8635,0.048319712
8639,0.041029457
8642,0.059943866
8643,0.14414595
8655,0.14033306
8657,0.14362814
8662,0.14702931
8666,0.15917316
8674,0.06283031
8676,0.15256178
8686,0.14327314
8691,0.10298328
8702,0.16556056
8714,0.060123626
8718,0.16676864
8731,0.150935
8738,0.16936424
8745,0.06342618
8749,0.12467941
8754,0.13263881
8760,0.13815424
8762,0.06171396
8767,0.016409643
8768,0.15386952
8769,0.020695662
8771,0.1443667
8795,0.10596871
8796,0.05486025
8811,0.14314757
8815,0.15111277
8820,0.13418604
8825,0.14755173
8832,0.11746458
8839,0.073064625
8841,0.19255412
8848,0.14930966
8849,0.066648
8856,0.13912898
8875,0.1092093
8879,0.07060768
8882,0.13460879
8885,0.1329339
8892,0.12457412
8897,0.13823733
8905,0.0215065
8921,0.06678495
8928,0.13914332
8935,0.13160816
8939,0.0708556
8941,0.13397199
8942,0.038974945
8949,0.13569388
8951,0.07534423
8958,0.14341126
8964,0.040952854
8972,0.023053776
8978,0.15674095
8979,0.09819646
8988,0.18963672
8997,0.11345045
8998,0.026038285
8999,0.16193938
9006,0.06332457
9012,0.22661752
9024,0.13779524
9026,0.14308655
9030,0.13677785
9034,0.040162474
9036,0.14279597
9038,0.048797
9040,0.16410848
9041,0.066995144
9042,0.06581528
9046,0.06568086
9051,0.16941631
9054,0.14988847
9057,0.057719383
9062,0.05533895
9072,0.13993417
9075,0.114810325
9079,0.14482734
9081,0.054688532
9091,0.1652933
9110,0.06315395
9113,0.1943533
9116,0.143885
9120,0.074088916
9126,0.15926774
9133,0.14717232
9135,0.15483887
9144,0.10710539
9146,0.13498075
9153,0.11373076
9155,0.07062152
9160,0.06834394
9165,0.1576158
9172,0.12107734
9174,0.055666585
9179,0.043457627
9180,0.09861474
9195,0.25764322
9199,0.13006513
9204,0.08723863
9205,0.054624327
9210,0.18904081
9228,0.12146162
9233,0.143913
9235,0.1374208
9237,0.057304364
9239,0.06978225
9240,0.052684993
9241,0.26023927
9242,0.10939733
9246,0.06556108
9248,0.17426646
9253,0.13264607
9254,0.117476664
9260,0.15301159
9261,0.021733664
9262,0.11582182
9263,0.18729721
9268,0.107762545
9275,0.060276527
9278,0.12662508
9287,0.11261976
9292,0.13598815
9308,0.20042834
9309,0.14468963
9310,0.16672722
9312,0.08633882
9314,0.06559944
9316,0.041225936
9318,0.16714738
9322,0.116184905
9325,0.20175317
9327,0.12332867
9336,0.1018907
9340,0.1421346
9342,0.13678691
9346,0.13045733
9351,0.23916203
9357,0.13099083
9372,0.16069488
9374,0.025793495
9378,0.19952731
9385,0.074046046
9413,0.08384804
9418,0.11541457
9420,0.11346447
9422,0.07795346
9423,0.1666253
9425,0.12303366
9426,0.17747028
9434,0.15962675
9436,0.11544006
9439,0.02390091
9446,0.0691939
9460,0.098518394
9461,0.15589552
9467,0.15629616
9472,0.12140515
9483,0.1289448
9485,0.16148393
9492,0.064522766
9500,0.11585808
9507,0.14806539
9514,0.122226246
9516,0.1744954
9520,0.08724885
9542,0.15662457
9544,0.24337758
9548,0.18735942
9556,0.06133761
9558,0.1555257
9565,0.16838272
9571,0.10941645
9575,0.13504335
9587,0.09828982
9602,0.20364143
9609,0.05147024
9618,0.092444815
9622,0.13173094
9624,0.13450463
9648,0.16383597
9658,0.15749289
9668,0.1274253
9702,0.049944293
9705,0.14446999
9706,0.06997249
9707,0.12904339
9708,0.096313655
9710,0.18350995
9726,0.15275122
9753,0.021479448
9757,0.09830083
9761,0.061579734
9765,0.19340943
9768,0.16517451
9769,0.16422985
9775,0.017708898
9778,0.12676093
9788,0.07830494
9789,0.13362381
9792,0.14942288
9815,0.113026865
9816,0.05901683
9822,0.044861224
9823,0.1393638
9827,0.11278489
9835,0.15746942
9840,0.03593575
9841,0.11348611
9849,0.15130372
9853,0.15863967
9869,0.08286559
9873,0.05688278
9881,0.035417758
9892,0.14468166
9898,0.1758978
9899,0.13789982
9915,0.1244931
9936,0.1836853
9940,0.1251048
9941,0.061136954
9947,0.022163767
9957,0.13913783
9962,0.0660491
9963,0.15177497
9964,0.15831263
9965,0.1392933
9968,0.17174034
9971,0.082461156
9973,0.15958877
9980,0.07142205
10002,0.21930958
10005,0.057323027
10007,0.091787465
10010,0.11229814
10013,0.1824276
10014,0.0778635
10017,0.12845574
10024,0.15697365
10030,0.064462736
10037,0.13006347
10046,0.08958313
10051,0.13815846
10063,0.14045177
10067,0.12707809
10073,0.06860876
10096,0.052640624
10099,0.07140617
10100,0.028134258
10101,0.14362887
10103,0.055518452
10110,0.16379502
10113,0.15070397
10116,0.044966687
10124,0.16569683
10127,0.09033989
10129,0.1697945
10139,0.17714486
10140,0.2303206
10145,0.2393384
10149,0.09460022
10151,0.17660889
10165,0.042462304
10166,0.045579493
10168,0.14370784
10174,0.053853706
10186,0.06068318
10189,0.13064587
10193,0.17024857
10197,0.0645365
10201,0.10255082
10206,0.16935255
10211,0.12959132
10216,0.18163961
10224,0.15630534
10234,0.20270403
10236,0.1280168
10239,0.1368253
10247,0.06354915
10250,0.03029124
10253,0.12059725
10254,0.1598368
10263,0.13744316
10264,0.16118611
10265,0.13587628
10275,0.04889472
10280,0.1401005
10286,0.13403095
10287,0.15130049
10293,0.10195855
10294,0.12126382
10303,0.06676562
10308,0.15342617
10311,0.12657535
10318,0.14786173
10323,0.1495359
10324,0.14247356
10327,0.10229426
10330,0.15605386
10331,0.107857846
10333,0.06042412
10334,0.16835026
10335,0.21605228
10338,0.12743437
10339,0.12407244
10348,0.05525112
10354,0.2531485
10356,0.116092116
10367,0.0693286
10375,0.12454482
10384,0.19268006
10386,0.052494656
10389,0.120103516
10393,0.13403228
10404,0.12922285
10408,0.05239287
10416,0.19149101
10434,0.14793807
10448,0.18289801
10449,0.07649521
10452,0.052528463
10453,0.14752384
10454,0.1334494
10461,0.13605788
10462,0.0585083
10472,0.09774882
10474,0.18773057
10476,0.1596669
10478,0.03583911
10483,0.09534932
10492,0.10768126
10493,0.17483945
10499,0.08037743
10501,0.05205688
10509,0.14383413
10512,0.14257844
10513,0.09198265
10516,0.12804148
10517,0.14025395
10525,0.12897903
10529,0.11439789
10532,0.14426655
10537,0.15140174
10541,0.20531392
10545,0.10742868
10548,0.090594806
10552,0.034893934
10554,0.1658587
10557,0.12761271
10564,0.18137687
10574,0.06244548
10591,0.09568673
10596,0.1318568
10600,0.1544043
10606,0.047272697
10611,0.13414957
10622,0.049334783
10626,0.104756705
10629,0.072220184
10630,0.12240312
10631,0.14887609
10633,0.024271015
10638,0.13650574
10639,0.19527858
10640,0.060905922
10657,0.1433789
10663,0.19344774
10664,0.13374074
10667,0.14286199
10671,0.1388167
10672,0.12859103
10675,0.1125133
10679,0.14758664
10681,0.13072278
10683,0.07482924
10688,0.13355094
10701,0.13553637
10704,0.17583133
10709,0.15890458
10715,0.15245377
10718,0.062296268
10724,0.13834311
10731,0.056042135
10733,0.1291733
10737,0.23417951
10744,0.0419076
10750,0.11069568
10770,0.10787384
10776,0.12512878
10780,0.054651037
10782,0.23721287
10789,0.13737525
10793,0.1882384
10795,0.1333333
10807,0.13949077
10813,0.115624316
10815,0.15449384
10817,0.15166873
10819,0.1074164
10824,0.16214146
10828,0.16037218
10830,0.05715891
10832,0.180592
10836,0.1592281
10839,0.16016941
10843,0.13370967
10844,0.10330053
10866,0.26373747
10872,0.085189596
10873,0.042833492
10878,0.25367472
10889,0.065466814
10899,0.1807511
10901,0.16461153
10904,0.16789131
10910,0.19558384
10911,0.1453849
10917,0.09965681
10920,0.13664924
10921,0.024904413
10922,0.07388023
10929,0.024660802
10930,0.04020368
10933,0.1354674
10934,0.066690594
10939,0.1825372
10942,0.019462157
10943,0.018737998
10945,0.18122919
10946,0.1376923
10949,0.06228341
10951,0.1359446
10952,0.16608885
10953,0.047604147
10955,0.026103219
10956,0.14401312
10959,0.20669685
10963,0.05883623
10965,0.18188913
10971,0.076142184
10975,0.18283552
10979,0.15745014
10983,0.14649194
10984,0.115618415
10989,0.07037588
10992,0.114337504
11001,0.06469547
11003,0.10080971
11004,0.035065148
11008,0.056405768
11016,0.06362163
11017,0.024516702
11021,0.27230528
11028,0.20850459
11034,0.15480146
11035,0.05919214
11036,0.058090344
11041,0.13316159
11047,0.17130946
11056,0.23967189
11058,0.16038112
11059,0.09048685
11060,0.08820097
11064,0.12915286
11066,0.07568317
11069,0.15884623
11071,0.13444644
11072,0.16948992
11077,0.15608642
11080,0.13397095
11092,0.11638297
11097,0.05774273
11098,0.13553992
11114,0.11252779
11121,0.042155247
11124,0.19016227
11131,0.16965535
11143,0.20803991
11146,0.06866392
11154,0.1146971
11164,0.20899451
11172,0.15958336
11173,0.06449812
11174,0.117516026
11175,0.14141122
11180,0.15950194
11184,0.063112296
11188,0.1308803
11189,0.046066463
11190,0.05661578
11197,0.044113256
11201,0.17320555
11204,0.1789864
11211,0.12579423
11212,0.16283296
11218,0.15532972
11219,0.1139516
11227,0.14109498
11241,0.18217354
11251,0.08865625
11254,0.022958789
11260,0.07768738
11264,0.13125838
11273,0.055423703
11276,0.07285985
11278,0.06518632
11282,0.15460883
11283,0.11775767
11291,0.14021689
11293,0.14364178
11302,0.18900707
11304,0.06933906
11305,0.20031796
11315,0.16776574
11321,0.09669578
11325,0.15887098
11335,0.17620379
11341,0.13909216
11343,0.16076395
11344,0.21096937
11361,0.11629121
11375,0.15518467
11377,0.10812378
11379,0.21618895
11380,0.1966572
11391,0.19499329
11393,0.12689336
11394,0.1970866
11398,0.15427125
11399,0.12918319
11408,0.097676136
11412,0.121837765
11420,0.16468665
11421,0.16220649
11430,0.061459333
11437,0.16122414
11446,0.29066923
11471,0.10221655
11472,0.11105105
11475,0.059084684
11483,0.16410376
11492,0.13687506
11497,0.14124651
11498,0.116595894
11502,0.18467152
11504,0.2613952
11511,0.20326982
11512,0.12607554
11514,0.07719132
11522,0.15843664
11524,0.1562435
11533,0.18764845
11534,0.06276069
11541,0.13885933
11542,0.16142547
11547,0.11581149
11548,0.053631037
11566,0.16258417
11572,0.16503859
11574,0.089158215
11576,0.12793516
11577,0.051009446
11580,0.14442867
11598,0.046659183
11603,0.13355008
11613,0.18247259
11614,0.16327292
11620,0.12139223
11621,0.1851443
11622,0.06848103
11626,0.024393035
11630,0.19394791
11636,0.13943782
11637,0.07397799
11639,0.09030934
11647,0.12999302
11653,0.11495537
11654,0.041708566
11660,0.15004888
11664,0.115831
11667,0.13502319
11679,0.14241374
11687,0.1828801
11691,0.061265174
11696,0.15780275
11702,0.1798987
11703,0.060015325
11705,0.17961751
11711,0.16161798
11716,0.08940835
11717,0.15655738
11722,0.0650648
11724,0.135546
11728,0.19981931
11737,0.1274271
11738,0.11546327
11744,0.11938924
11747,0.025873369
11753,0.03230402
11757,0.1468361
11758,0.10352393
11760,0.103088334
11762,0.14246424
11764,0.14366186
11768,0.061648447
11773,0.09960828
11774,0.21576107
11783,0.15142544
11785,0.07841096
11787,0.14156172
11791,0.14211194
11796,0.059911143
11797,0.059687234
11798,0.043077983
11803,0.055905484
11808,0.14939846
11810,0.14185514
11814,0.15168193
11822,0.1692414
11824,0.072290696
11829,0.15694606
11846,0.14148492
11847,0.13853309
11850,0.27164224
11853,0.067263894
11854,0.0723667
11857,0.15575165
11862,0.12693563
11883,0.056649394
11890,0.14198457
11909,0.022215767
11913,0.2219347
11917,0.15551771
11919,0.101959154
11920,0.06876336
11921,0.21080138
11928,0.124114394
11929,0.15124442
11935,0.027367469
11936,0.046929974
11939,0.057738733
11942,0.060525633
11943,0.1433659
11946,0.16152129
11947,0.13415527
11952,0.15621924
11956,0.15084632
11959,0.23891947
11969,0.1534905
11973,0.1740364
11974,0.17271577
11975,0.15049514
11993,0.19833805
11994,0.1773363
11995,0.10831102
12002,0.18276182
12006,0.10944142
12007,0.14630985
12014,0.15048432
12017,0.19892535
12021,0.1298869
12023,0.17562138
12024,0.12471059
12027,0.23824388
12034,0.17238857
12040,0.13811609
12048,0.13520426
12052,0.089775
12057,0.16431098
12058,0.21071869
12061,0.11343121
12062,0.16525057
12064,0.05932724
12071,0.21580236
12080,0.20930213
12085,0.055515412
12090,0.1667769
12100,0.1487593
12103,0.15927553
12104,0.12746784
12109,0.042067673
12114,0.17306942
12123,0.08420386
12124,0.065568775
12128,0.24591571
12132,0.1746699
12135,0.1156815
12140,0.3277661
12149,0.061949
12155,0.13554926
12158,0.1341888
12161,0.17178145
12163,0.1561406
12164,0.14355232
12174,0.07085812
12175,0.15748842
12179,0.25715917
12183,0.16349511
12184,0.17551975
12186,0.062824264
12190,0.11614756
12193,0.1682147
12195,0.044931073
12196,0.054878116
12205,0.17376967
12213,0.13695146
12220,0.1420474
12221,0.1494488
12222,0.08907892
12224,0.14696528
12230,0.14842
12239,0.13444173
12242,0.1488287
12244,0.11782097
12245,0.16400683
12247,0.15527071
12254,0.19457306
12258,0.12729324
12266,0.05802582
12267,0.14871876
12272,0.2272525
12273,0.13447136
12276,0.18365774
12277,0.14023048
12283,0.1454457
12289,0.06031887
12297,0.18143207
12300,0.2812837
12302,0.06669192
12310,0.056459937
12312,0.1540042
12314,0.070313655
12315,0.021025913
12327,0.13900243
12329,0.13207613
12332,0.12859641
12342,0.07724734
12346,0.126574
12347,0.277272
12349,0.081968844
12350,0.1479464
12354,0.16270588
12356,0.051240616
12359,0.14275423
12360,0.16918303
12369,0.15160473
12372,0.07513692
12373,0.023032613
12375,0.13439517
12376,0.17368428
12379,0.078171544
12382,0.16159058
12387,0.0709283
12389,0.15044682
12394,0.17416039
12395,0.14398377
12396,0.18372935
12404,0.19502196
12405,0.15045051
12412,0.2759095
12419,0.112746194
12431,0.12756042
12440,0.17720124
12444,0.21090585
12447,0.08169065
12452,0.14356668
12454,0.13157602
12456,0.15797815
12461,0.065334536
12469,0.16401021
12472,0.07858516
12473,0.057253428
12474,0.13689911
12476,0.15058394
12479,0.2015671
12481,0.13328576
12487,0.06434333
12493,0.17930768
12501,0.14888427
12504,0.13112547
12507,0.090294234
12510,0.12915991
12512,0.29212207
12520,0.14251748
12526,0.17865077
12529,0.18676078
12532,0.1239527
12533,0.15664358
12544,0.22163083
12546,0.14444007
12551,0.17345162
12555,0.30804786
12576,0.15895145
12581,0.14556503
12588,0.14753081
12593,0.069152944
12594,0.124496676
12598,0.13747036
12599,0.15346585
12601,0.14906773
12610,0.18527369
12622,0.06461251
12624,0.11846194
12625,0.13962291
12629,0.32536498
12632,0.02098953
12634,0.05163517
12635,0.14583802
12638,0.14884317
12640,0.04810149
12641,0.14117748
12643,0.133087
12644,0.0347565
12647,0.14362712
12651,0.208677
12657,0.17374255
12658,0.15912367
12660,0.13318573
12661,0.13565947
12666,0.13588065
12673,0.091614574
12678,0.1679161
12681,0.1626677
12682,0.2523997
12684,0.028216202
12689,0.16641138
12699,0.15933858
12701,0.1501745
12710,0.071171716
12712,0.1716538
12713,0.14525089
12715,0.15544601
12716,0.11899826
12717,0.16666664
12718,0.13704805
12720,0.12497875
12724,0.13450006
12725,0.14803444
12726,0.109183975
12741,0.15301645
12742,0.20427376
12743,0.16609363
12748,0.11771938
12749,0.022506919
12751,0.14280455
12752,0.16202524
12756,0.11895328
12760,0.15561786
12761,0.12573825
12764,0.16232707
12767,0.065220006
12774,0.15006803
12782,0.065375574
12783,0.25731924
12784,0.14395577
12785,0.1686214
12787,0.20888263
12798,0.13218348
12805,0.10450851
12806,0.14581454
12809,0.115700945
12815,0.13664627
12820,0.049142286
12824,0.10295708
12829,0.16003814
12833,0.11993603
12841,0.14100464
12843,0.1407519
12847,0.12230062
12848,0.17045565
12849,0.13577215
12852,0.15778807
12855,0.12644607
12864,0.21200438
12872,0.074984394
12873,0.17542739
12874,0.12243705
12877,0.24957004
12879,0.13568762
12885,0.113766715
12893,0.14662299
12894,0.16422722
12895,0.22170927
12901,0.053596232
12912,0.12984419
12919,0.15097259
12924,0.11737619
12929,0.1410008
12931,0.15049715
12945,0.121074036
12958,0.019541755
12962,0.13065432
12964,0.17410578
12974,0.13577504
12976,0.02610205
12980,0.14562233
12984,0.14682615
12987,0.048727117
12991,0.17681324
12995,0.11982733
13001,0.23172505
13005,0.14350723
13006,0.1525014
13015,0.15492949
13017,0.13637629
13033,0.1639343
13034,0.17449449
13035,0.17006747
13038,0.22482063
13044,0.059635766
13045,0.1325405
13052,0.055111248
13059,0.16903211
13060,0.042398565
13061,0.15349673
13066,0.2483255
13080,0.21847825
13082,0.18463257
13105,0.1763262
13106,0.20428006
13121,0.20258656
13123,0.15920277
13125,0.07925102
13129,0.12743478
13130,0.09641123
13132,0.21135803
13133,0.13556704
13135,0.18005827
13141,0.121462464
13145,0.24861564
13149,0.06751268
13153,0.16101292
13158,0.15761463
13159,0.14389233
13169,0.2711529
13170,0.17183003
13178,0.16031292
13179,0.06473552
13180,0.14652596
13181,0.1565183
13183,0.06199206
13196,0.12848017
13200,0.17658295
13202,0.053189095
13204,0.06284924
13208,0.14284742
13212,0.15493867
13213,0.13601269
13218,0.13966897
13225,0.12251065
13229,0.14340563
13232,0.1412787
13233,0.18379535
13234,0.07024053
13249,0.07014695
13253,0.12628788
13255,0.16924785
13257,0.25265938
13266,0.048231542
13269,0.06269625
13270,0.14670411
13274,0.15914541
13281,0.15014246
13287,0.0896898
13305,0.20344262
13308,0.05314495
13309,0.06761645
13310,0.204451
13314,0.13351357
13315,0.026002841
13324,0.10220064
13326,0.14707044
13333,0.15106574
13336,0.13511509
13345,0.12144688
13348,0.15202901
13350,0.22014755
13354,0.1817157
13360,0.13478693
13364,0.13243242
13366,0.16380122
13368,0.10802066
13375,0.07805811
13376,0.10355131
13380,0.1149156
13382,0.027567573
13384,0.15267628
13387,0.1344988
13390,0.051934868
13398,0.14901997
13403,0.10964909
13404,0.08966319
13405,0.12182082
13409,0.18673891
13411,0.11186311
13414,0.11501259
13416,0.11796667
13417,0.0631795
13418,0.16756964
13422,0.044484787
13430,0.2625323
13435,0.021270748
13439,0.13842474
13446,0.11681809
13448,0.038119107
13449,0.10501269
13451,0.12401493
13455,0.17334703
13468,0.15149821
13470,0.053987283
13474,0.055936046
13478,0.18758152
13485,0.15088788
13488,0.15643448
13489,0.11628941
13500,0.15409441
13505,0.05350553
13506,0.13322434
13517,0.07404031
13518,0.09191747
13523,0.10847191
13529,0.12639771
13532,0.048444573
13534,0.115028486
13539,0.15507759
13547,0.1429127
13548,0.14069286
13550,0.27176723
13554,0.16576456
13555,0.18148018
13556,0.17240961
13558,0.052007806
13562,0.14957318
13566,0.15599757
13574,0.06267598
13576,0.1472091
13577,0.17696716
13580,0.03483084
13586,0.24964336
13598,0.24972677
13600,0.13043773
13602,0.10619805
13604,0.12947488
13616,0.13771091
13623,0.12794618
13627,0.14787963
13630,0.071459435
13633,0.13526286
13635,0.12248317
13636,0.14664483
13640,0.1235715
13642,0.21889278
13647,0.16212095
13648,0.22878361
13652,0.15710893
13659,0.023831258
13660,0.13020588
13666,0.15752555
13667,0.069894254
13672,0.1204057
13673,0.15745318
13675,0.10411271
13678,0.13605863
13682,0.08853627
13684,0.14832172
13689,0.107992135
13690,0.10779452
13696,0.13112152
13706,0.14488816
13710,0.3869123
13711,0.15087183
13712,0.14502093
13717,0.053283438
13718,0.09882876
13719,0.13932894
13720,0.07098999
13722,0.098548785
13723,0.1491513
13726,0.11994012
13733,0.027227607
13739,0.13778043
13743,0.14652593
13750,0.1611653
13751,0.09421963
13754,0.17542963
13756,0.06034278
13760,0.0668132
13762,0.14281192
13763,0.14951731
13766,0.06248905
13767,0.049413912
13769,0.074388735
13770,0.1047882
13774,0.13995267
13776,0.17752229
13780,0.071663305
13784,0.055157177
13789,0.1221446
13790,0.15263176
13792,0.079848416
13795,0.1368222
13797,0.10395469
13800,0.11427312
13804,0.12530676
13815,0.13070452
13816,0.16088441
13817,0.16283354
13820,0.21764255
13824,0.14282376
13830,0.19948722
13838,0.13891597
13840,0.059062324
13841,0.056842823
13842,0.16017571
13843,0.06751521
13849,0.14431526
13852,0.15262973
13855,0.025894593
13858,0.1194313
13863,0.06688212
13871,0.19927274
13872,0.15375602
13873,0.108290955
13874,0.14929688
13877,0.15445285
13879,0.13863613
13885,0.14974654
13886,0.12288532
13892,0.12203358
13895,0.096921235
13906,0.16127504
13907,0.14652401
13908,0.05904466
13909,0.11804253
13911,0.090855174
13918,0.1850843
13919,0.13105251
13927,0.19747522
13930,0.06768272
13931,0.1337702
13933,0.15494831
13938,0.15552631
13943,0.05260278
13944,0.05774727
13946,0.12294023
13949,0.08322452
13952,0.18548165
13957,0.13432904
13958,0.07177258
13965,0.09301564
13970,0.045334682
13972,0.18370824
13981,0.13763201
13983,0.05623173
13985,0.12107348
13986,0.07533438
13993,0.16284089
13995,0.12573388
13998,0.10782124
14000,0.04823064
14002,0.023507606
14003,0.06792567
14019,0.13715121
14021,0.34393892
14026,0.116870746
14031,0.068158045
14032,0.15167813
14034,0.1270603
14035,0.120098814
14043,0.06160393
14046,0.16908005
14048,0.18058509
14057,0.14008932
14065,0.13522796
14067,0.05108088
14082,0.025402108
14086,0.1387141
14103,0.24672547
14104,0.18136463
14106,0.16977087
14107,0.17169917
14111,0.06481221
14116,0.07646179
14118,0.053040672
14119,0.13429801
14122,0.11518716
14123,0.10710997
14124,0.06385972
14125,0.15613998
14126,0.1334899
14127,0.11607517
14133,0.16147906
14137,0.123649634
14139,0.11631384
14143,0.13185225
14148,0.14509462
14149,0.11818395
14150,0.07434001
14162,0.03642069
14163,0.14833598
14164,0.120747596
14173,0.12430307
14174,0.16434555
14178,0.13939187
14181,0.07699118
14186,0.11516789
14187,0.15461123
14188,0.11773921
14192,0.1392299
14193,0.115893744
14198,0.25555018
14200,0.14265312
14201,0.10913528
14208,0.2455995
14214,0.15912023
14220,0.120555766
14224,0.13753685
14229,0.12658471
14233,0.08387926
14241,0.057813376
14242,0.1220803
14246,0.116340704
14247,0.12512854
14250,0.06617101
14251,0.24071926
14254,0.16964643
14257,0.025213966
14259,0.13285448
14261,0.1263048
14281,0.10984795
14282,0.14989129
14285,0.056213968
14286,0.1551039
14293,0.14139363
14297,0.04488488
14298,0.10434035
14301,0.05392403
14308,0.13440521
14311,0.13056669
14313,0.22075781
14314,0.04698129
14315,0.044853244
14320,0.12561582
14325,0.023909885
14333,0.11074088
14336,0.13931394
14338,0.13327973
14354,0.18135954
14359,0.15286678
14361,0.12260961
14362,0.14103945
14363,0.15168862
14369,0.068770416
14370,0.25807878
14376,0.100884736
14382,0.254379
14387,0.13395125
14389,0.16044296
14390,0.14275242
14392,0.13719043
14393,0.06782257
14396,0.14013094
14407,0.13626443
14412,0.09259226
14413,0.16344616
14414,0.04457773
14416,0.13295452
14417,0.13187173
14423,0.1545977
14427,0.16044287
14430,0.16114442
14433,0.1150402
14434,0.1403307
14435,0.1924476
14436,0.12988095
14438,0.044040527
14439,0.15107915
14442,0.11273129
14444,0.08718541
14446,0.11978149
14449,0.2579992
14451,0.123643175
14459,0.12797949
14464,0.13073528
14467,0.1858614
14469,0.15240473
14470,0.060411643
14471,0.14887843
14476,0.052745532
14477,0.13875316
14479,0.06068578
14480,0.16207448
14481,0.021149956
14485,0.11151905
14486,0.13849396
14493,0.13863169
14504,0.14165568
14508,0.14818187
14509,0.15642022
14516,0.18890178
14520,0.12329585
14522,0.12574552
14523,0.13342538
14529,0.15652852
14532,0.05346256
14537,0.060012273
14540,0.13362987
14541,0.13795942
14544,0.121114485
14548,0.12841307
14550,0.18604831
14554,0.05647282
14555,0.061407167
14564,0.08128124
14571,0.074206814
14572,0.14031194
14576,0.15128064
14580,0.051543746
14581,0.12392476
14582,0.18935855
14583,0.11620999
14586,0.11750849
14591,0.119634986
14593,0.14121854
14594,0.105967484
14601,0.12573582
14602,0.09403565
14604,0.14780572
14610,0.16616079
14620,0.12624161
14622,0.18252358
14628,0.060759906
14629,0.29686835
14630,0.10634862
14632,0.34484923
14634,0.12375487
14646,0.05848063
14648,0.16969873
14651,0.14455938
14658,0.27210608
14661,0.14563636
14666,0.04091677
14672,0.17470561
14673,0.13456431
14680,0.13618219
14685,0.1693266
14688,0.15388133
14694,0.14610079
14695,0.15961106
14702,0.13422225
14705,0.039590884
14706,0.11803596
14707,0.15553217
14711,0.15064849
14713,0.06929378
14714,0.118377976
14717,0.13807623
14722,0.23241241
14726,0.12119962
14735,0.11536939
14736,0.14595148
14742,0.19826329
14744,0.40581125
14746,0.14524649
14748,0.15465082
14751,0.15917407
14753,0.14598042
14754,0.15293367
14759,0.15957093
14764,0.16372673
14766,0.16863066
14767,0.10900342
14768,0.17249821
14770,0.124623634
14773,0.20209412
14777,0.12189972
14778,0.12746167
14779,0.113961086
14782,0.13077432
14783,0.14199895
14784,0.113890335
14793,0.026655056
14795,0.13732895
14797,0.11811877
14800,0.047329083
14802,0.1358162
14803,0.063798234
14805,0.1795781
14808,0.2214402
14809,0.05938377
14812,0.41028896
14813,0.18716711
14814,0.15788189
14818,0.1684533
14819,0.063201524
14820,0.052891575
14821,0.27026817
14822,0.12590349
14826,0.15936518
14827,0.11438358
14831,0.16439247
14832,0.13690563
14839,0.1651014
14842,0.16258273
14848,0.10485984
14849,0.050976347
14855,0.12880617
14856,0.16939633
14865,0.07399797
14866,0.08166693
14869,0.12456015
14873,0.16623396
14877,0.121907726
14881,0.044324227
14882,0.22786972
14883,0.14432517
14885,0.15790403
14889,0.18813582
14890,0.15680599
14892,0.15732689
14893,0.047566503
14894,0.05364206
14897,0.16419597
14901,0.10319601
14904,0.050570436
14908,0.17221175
14914,0.13400383
14916,0.09918391
14917,0.05668958
14918,0.13460016
14923,0.136884
14927,0.15565224
14929,0.13382274
14931,0.13310713
14935,0.25933036
14948,0.24040188
14950,0.1657845
14951,0.14590544
14952,0.048514355
14954,0.24311414
14960,0.064651944
14962,0.052446872
14970,0.12982322
14973,0.16492392
14976,0.16381672
14978,0.1364579
14982,0.1416008
14985,0.052117858
14986,0.12791403
14987,0.11062839
14988,0.18057957
14991,0.13365506
14997,0.13771974
14998,0.1447045
14999,0.14643705
15000,0.1078178
15005,0.16341124
15006,0.13833734
15009,0.1566576
15015,0.1362441
15018,0.133986
15029,0.15289143
15037,0.24944729
15041,0.15009244
15042,0.11471499
15047,0.117827155
15050,0.17156494
15053,0.17549714
15056,0.15831167
15057,0.16736895
15058,0.12764546
15060,0.16454062
15062,0.15589675
15066,0.070207916
15067,0.14424643
15068,0.07500938
15069,0.06181194
15072,0.11127621
15077,0.15444304
15089,0.14130883
15093,0.123141214
15099,0.09073791
15101,0.17811498
15103,0.12761208
15104,0.14248648
15105,0.116273105
15108,0.08855744
15109,0.12202353
15112,0.13101847
15114,0.14118628
15117,0.04851043
15122,0.13610952
15130,0.048461966
15132,0.048892293
15133,0.13833316
15134,0.049297057
15136,0.14763875
15137,0.21817371
15142,0.060449626
15145,0.08475249
15146,0.027021328
15147,0.126278
15150,0.20526662
15163,0.19367051
15165,0.061934493
15167,0.11127259
15168,0.038675774
15173,0.1256956
15181,0.1370448
15183,0.17834726
15185,0.16581275
15186,0.13582832
15189,0.097952746
15190,0.06730613
15191,0.11241988
15193,0.14913525
15196,0.12109403
15199,0.16693802
15200,0.14741403
15201,0.12449319
15204,0.22594762
15207,0.063190736
15209,0.17375042
15212,0.15350433
15213,0.11549018
15214,0.13873711
15215,0.17515013
15216,0.17043081
15222,0.1391919
15223,0.15978295
15231,0.13785556
15236,0.128838
15240,0.19777708
15241,0.15966924
15242,0.16092041
15243,0.15247469
15247,0.15322362
15250,0.110802144
15253,0.15739451
15254,0.13706726
15255,0.16816247
15260,0.13317293
15265,0.05542263
15275,0.12500568
15280,0.14165598
15281,0.15789892
15282,0.16904157
15283,0.15531318
15284,0.18375582
15292,0.1557809
15293,0.099262565
15300,0.18700415
15301,0.1286341
15302,0.36490664
15303,0.1359
15306,0.13600932
15311,0.13811943
15313,0.18154693
15320,0.138573
15322,0.04979345
15324,0.13187587
15327,0.19791211
15329,0.14623892
15340,0.25852084
15349,0.13074139
15355,0.13082771
15356,0.13575238
15359,0.3303104
15360,0.15239586
15361,0.071732506
15364,0.15122062
15367,0.12989719
15368,0.21116695
15372,0.23199138
15374,0.07379685
15377,0.15776628
15383,0.1362104
15386,0.018718198
15391,0.116042905
15394,0.043636177
15395,0.15476565
15396,0.063542634
15397,0.1354179
15400,0.07477754
15404,0.12516865
15408,0.10961648
15409,0.06955847
15411,0.23790008
15414,0.15601592
15416,0.1065762
15421,0.06767065
15423,0.11109197
15425,0.05134824
15426,0.16523808
15428,0.145001
15429,0.11396408
15437,0.15461388
15438,0.07125686
15449,0.14311206
15456,0.16148156
15459,0.19886057
15460,0.13226278
15465,0.18211938
15466,0.17873302
15468,0.18037492
15469,0.044584982
15470,0.11446182
15473,0.16394278
15474,0.19279261
15484,0.11018873
15486,0.14448793
15488,0.11327203
15489,0.023604525
15493,0.11883241
15494,0.15002349
15511,0.053205647
15512,0.13450168
15517,0.17224616
15518,0.14065391
15522,0.043157913
15524,0.13041724
15526,0.1318274
15527,0.13448818
15528,0.13401844
15534,0.15187432
15537,0.17106053
15538,0.14362189
15541,0.027300721
15544,0.15147556
15545,0.1405185
15546,0.047900572
15547,0.06421327
15548,0.16871846
15549,0.15825473
15550,0.11233779
15551,0.07306064
15552,0.059922777
15553,0.13016398
15562,0.102751575
15563,0.22798643
15564,0.13973458
15567,0.15961957
15568,0.13755053
15569,0.065611735
15573,0.058091026
15574,0.11422586
15579,0.14154391
15581,0.06315572
15582,0.15801823
15586,0.14149971
15589,0.1456054
15591,0.113533035
15594,0.11479739
15596,0.12466933
15598,0.14204292
15600,0.13381186
15603,0.16206735
15617,0.06326215
15619,0.14208394
15625,0.10918634
15633,0.059538953
15636,0.20162804
15637,0.15280795
15640,0.13599877
15641,0.12760699
15642,0.12253383
15643,0.06903284
15650,0.107070416
15653,0.06724544
15655,0.19777782
15661,0.17697541
15663,0.1290341
15665,0.053874988
15667,0.15301366
15671,0.058151178
15673,0.2194258
15676,0.047307864
15679,0.15679835
15684,0.25038323
15685,0.048028115
15690,0.118032224
15695,0.11561608
15699,0.18288514
15701,0.0592619
15705,0.21486896
15709,0.055457436
15717,0.16509151
15718,0.26113144
15724,0.14350697
15725,0.1341472
15728,0.12826522
15729,0.13999382
15731,0.1121479
15732,0.1306456
15733,0.14116552
15739,0.18655284
15742,0.049755983
15743,0.06890342
15744,0.120187245
15745,0.047031585
15748,0.06146591
15751,0.19428915
15752,0.15829602
15760,0.0606393
15761,0.052442715
15764,0.1453928
15766,0.16356613
15770,0.054498263
15773,0.07116764
15777,0.17047374
15778,0.19924931
15780,0.08063522
15782,0.3675067
15783,0.15709686
15785,0.1415131
15787,0.14561781
15788,0.17750153
15793,0.18607517
15795,0.13758141
15798,0.17290366
15801,0.19282043
15809,0.15372252
15810,0.1428336
15814,0.13719657
15833,0.22129515
15835,0.17719764
15837,0.040914174
15841,0.11781678
15842,0.027604109
15845,0.1268585
15849,0.067432374
15850,0.07099653
15851,0.045677166
15853,0.10012229
15854,0.14383169
15857,0.06612109
15861,0.23321916
15868,0.20343326
15871,0.13924254
15873,0.10629524
15876,0.1377225
15883,0.13750595
15884,0.12257446
15887,0.06366674
15888,0.11625465
15890,0.08044184
15891,0.17698765
15892,0.14285934
15893,0.122504525
15897,0.13172679
15898,0.24541527
15902,0.18773843
15903,0.07488571
15905,0.15932271
15910,0.12982787
15911,0.12941882
15912,0.13129422
15916,0.08470845
15917,0.044372253
15924,0.18497628
15930,0.20704924
15932,0.19874695
15937,0.10943782
15940,0.13577418
15942,0.15353681
15943,0.27145258
15946,0.14909816
15948,0.05665002
15949,0.050233345
15952,0.11867661
15954,0.048214458
15956,0.14728397
15957,0.07603025
15960,0.058095906
15962,0.13098948
15965,0.12824935
15968,0.14529413
15969,0.11797986
15975,0.11397853
15977,0.24666421
15982,0.18962145
15988,0.16236925
15990,0.054924853
15991,0.055393305
15992,0.0394397
15993,0.17051788
15997,0.15211983
16003,0.12126847
16009,0.17131183
16014,0.16928947
16015,0.14775437
16016,0.06261304
16019,0.13765638
16026,0.13275106
16029,0.16730921
16030,0.1448162
16031,0.047674656
16032,0.14592215
16037,0.055795036
16045,0.16181506
16049,0.1517293
16051,0.12868091
16055,0.15780096
16061,0.14677565
16064,0.14387952
16065,0.026173849
16076,0.30898592
16078,0.23735903
16085,0.14389448
16087,0.04954944
16088,0.17440236
16091,0.12013335
16092,0.14418475
16093,0.1689339
16095,0.13513225
16101,0.14346375
16102,0.16755807
16110,0.16175248
16111,0.13421403
16113,0.14023362
16118,0.16299379
16121,0.025246913
16123,0.2078467
16127,0.15229584
16129,0.022455331
16130,0.120443426
16133,0.12944196
16135,0.12791853
16136,0.13400787
16137,0.1756492
16138,0.059889812
16140,0.17431433
16141,0.1568247
16142,0.12287855
16145,0.14836837
16147,0.18584265
16148,0.20841523
16149,0.15538684
16163,0.22056845
16166,0.051865015
16169,0.099547066
16172,0.15779014
16173,0.16499633
16176,0.18458919
16177,0.12179565
16179,0.19082259
16181,0.019870352
16182,0.31080636
16197,0.14844708
16198,0.13892837
16199,0.13731042
16203,0.08351201
16204,0.05946476
16218,0.080005474
16219,0.21068211
16226,0.16762851
16227,0.11114409
16228,0.17202598
16229,0.15755942
16230,0.13018437
16235,0.12500754
16237,0.06595367
16240,0.104862474
16242,0.12504405
16246,0.17994282
16247,0.14320387
16248,0.13149254
16254,0.40066087
16256,0.13931319
16258,0.104060896
16260,0.049253274
16266,0.14805219
16270,0.12112349
16271,0.14601313
16272,0.12171927
16274,0.08963942
16275,0.15744501
16276,0.053360295
16277,0.12415328
16278,0.024309043
16279,0.155031
16280,0.16500379
16284,0.12367542
16286,0.12766166
16288,0.18895741
16293,0.12406043
16299,0.25322634
16300,0.13677074
16307,0.1208129
16314,0.12846255
16315,0.14135121
16319,0.13863826
16320,0.19639085
16321,0.13301252
16325,0.038843676
16329,0.045760643
16333,0.025758939
16335,0.16316663
16336,0.16160065
16342,0.127929
16343,0.2133956
16346,0.1745297
16347,0.16056037
16348,0.19150408
16350,0.054183446
16352,0.097652294
16354,0.14675595
16356,0.13955261
16357,0.17800055
16358,0.11926641
16362,0.13101518
16364,0.05064658
16367,0.1576007
16371,0.11725848
16374,0.15323353
16376,0.15653627
16377,0.2127298
16378,0.16560487
16381,0.06326075
16384,0.15762816
16386,0.14980204
16388,0.13317358
16391,0.18186173
16394,0.14104077
16397,0.046225235
16398,0.19495028
16400,0.17203316
16404,0.17378451
16409,0.12917577
16411,0.1186493
16418,0.2703445
16420,0.13836351
16421,0.16279769
16425,0.14892551
16426,0.13782835
16429,0.17822288
16430,0.15560372
16431,0.052995972
16437,0.065885
16438,0.028776802
16439,0.13202615
16440,0.054447
16441,0.14875324
16451,0.14131866
16461,0.16631828
16464,0.2279741
16466,0.2204648
16467,0.12146766
16468,0.1668589
16469,0.1582182
16470,0.1523414
16483,0.18503593
16488,0.065600306
16490,0.0685915
16496,0.18154658
16502,0.06739917
16511,0.054676257
16512,0.15015769
16513,0.14852078
16514,0.020790793
16515,0.0405763
16517,0.1468313
16520,0.057433087
16525,0.14143308
16529,0.12866151
16532,0.121063665
16536,0.2864563
16540,0.0575858
16542,0.1517735
16548,0.138093
16549,0.11369512
16551,0.31417826
16552,0.11148944
16557,0.13950913
16558,0.10397086
16559,0.15948565
16561,0.14714286
16562,0.14906363
16564,0.11279121
16566,0.14840128
16572,0.16195062
16573,0.16295023
16574,0.17099173
16575,0.059486445
16579,0.18642822
16582,0.11104447
16584,0.18023801
16586,0.12707923
16588,0.1395044
16595,0.13815734
16597,0.11170741
16600,0.1565068
16601,0.12981272
16606,0.3380742
16608,0.022340534
16611,0.17250459
16613,0.16791354
16619,0.13823694
16622,0.14258754
16624,0.12099784
16626,0.14768146
16628,0.1261968
16630,0.13537808
16631,0.06606793
16634,0.13866161
16638,0.17235234
16643,0.098615885
16645,0.18886484
16649,0.14276789
16651,0.14879405
16652,0.1076156
16653,0.08101703
16669,0.12004907
16672,0.15241158
16677,0.17011173
16679,0.13721135
16680,0.16434042
16681,0.051178083
16684,0.04331163
16685,0.12221322
16686,0.14953138
16689,0.11289004
16690,0.031382684
16692,0.11023039
16693,0.03731021
16696,0.067772605
16703,0.14696215
16704,0.029611733
16707,0.091049574
16711,0.104023464
16713,0.114190154
16714,0.36488408
16716,0.11736757
16717,0.17088233
16718,0.12547827
16720,0.042930387
16723,0.11594598
16724,0.20929004
16728,0.2726374
16730,0.10500546
16743,0.10485688
16744,0.025935382
16748,0.12976117
16750,0.124446355
16752,0.13457419
16753,0.12245531
16755,0.16193725
16756,0.060209285
16760,0.13460234
16764,0.055100966
16771,0.13488905
16772,0.18748271
16776,0.1384831
16777,0.06729175
16780,0.1668247
16781,0.12708062
16788,0.12131817
16792,0.114867546
16794,0.16663034
16795,0.04922525
16796,0.025778547
16798,0.13733803
16801,0.16522123
16802,0.109768026
16803,0.13396648
16815,0.14981161
16816,0.14747608
16818,0.15370849
16819,0.21198925
16824,0.14712144
16829,0.14312206
16833,0.1440556
16834,0.14231074
16846,0.15194139
16847,0.17491385
16848,0.16469769
16852,0.09709917
16853,0.1500131
16857,0.13071178
16858,0.15632743
16861,0.14867333
16862,0.14594454
16867,0.10586845
16869,0.11815628
16870,0.13590564
16872,0.13590187
16877,0.0854846
16883,0.12645659
16890,0.05826393
16893,0.14172538
16894,0.062407065
16897,0.12121108
16901,0.13269283
16902,0.073662505
16906,0.03376848
16910,0.02443538
16911,0.28804964
16921,0.12009276
16926,0.14264457
16928,0.16574332
16932,0.22046567
16933,0.12787914
16935,0.14341149
16943,0.15743914
16947,0.047739524
16948,0.12968034
16949,0.077660754
16953,0.1653109
16954,0.14208274
16956,0.12516412
16958,0.02429725
16962,0.15629168
16969,0.0645535
16970,0.020407215
16979,0.15261973
16981,0.12665822
16983,0.15507862
16984,0.11350503
16985,0.126714
16987,0.1712657
16989,0.305024
16990,0.16542444
16992,0.14520533
16995,0.124699555
16997,0.2996093
17000,0.1589755
17002,0.15235014
17003,0.11871813
17006,0.23778136
17007,0.14361759
17008,0.04212598
17014,0.14727701
17015,0.13900368
17018,0.12509751
17020,0.056552537
17024,0.24105966
17026,0.20508644
17028,0.13683777
17035,0.11258254
17038,0.12433494
17041,0.27824745
17046,0.16637133
17052,0.026655598
17053,0.07805706
17056,0.10531991
17063,0.13538858
17068,0.14641835
17073,0.059891388
17077,0.14120857
17078,0.12914252
17081,0.13253118
17083,0.14978547
17085,0.12864125
17086,0.13900931
17087,0.12794313
17088,0.13974164
17090,0.15531899
17093,0.05552084
17094,0.058966685
17095,0.10293292
17096,0.05592231
17099,0.14898863
17101,0.1553504
17102,0.14497258
17104,0.15661189
17105,0.12333994
17115,0.1328591
17116,0.14246416
17122,0.05686267
17123,0.05148673
17127,0.1611509
17128,0.14707251
17131,0.16174556
17136,0.13353032
17140,0.04081872
17141,0.14615083
17146,0.1044662
17147,0.037111565
17149,0.20693511
17155,0.13818662
17158,0.1963097
17159,0.1278031
17163,0.1360001
17164,0.12352043
17165,0.15587577
17169,0.2044274
17170,0.1345784
17171,0.18958908
17172,0.06795506
17175,0.38579795
17177,0.13329026
17181,0.12802784
17183,0.04685158
17188,0.09618291
17189,0.13318995
17191,0.12241477
17192,0.12602665
17194,0.10849842
17210,0.117302895
17212,0.19237658
17219,0.28649515
17220,0.111879066
17225,0.13554417
17227,0.14418934
17228,0.048303608
17229,0.051690172
17231,0.13847795
17232,0.16724509
17233,0.0468077
17237,0.13568564
17240,0.16084561
17241,0.11203991
17243,0.10584689
17246,0.24718484
17247,0.1332879
17251,0.32097617
17253,0.13961244
17254,0.053628325
17256,0.05011773
17257,0.13713233
17262,0.11628085
17267,0.060553584
17268,0.13062097
17269,0.14331058
17270,0.12720355
17275,0.16020574
17276,0.19448511
17277,0.25971714
17279,0.11937701
17283,0.07294548
17287,0.12100136
17288,0.062456273
17294,0.14117317
17295,0.02687266
17298,0.14607938
17300,0.054335922
17302,0.19339576
17303,0.13633333
17305,0.171673
17307,0.16924447
17310,0.11782574
17312,0.089529335
17316,0.14794691
17317,0.12799864
17318,0.040576186
17320,0.05653553
17323,0.1332586
17324,0.09626587
17328,0.23323214
17332,0.14230259
17333,0.11899518
17335,0.02604388
17338,0.14749016
17340,0.1739453
17344,0.15996844
17345,0.19697355
17349,0.17562255
17351,0.13788934
17352,0.111385785
17354,0.07016388
17356,0.21243371
17357,0.17072926
17361,0.0637549
17362,0.1882474
17363,0.16452108
17366,0.12267884
17367,0.1046084
17369,0.05118167
17371,0.23967068
17373,0.15248708
17378,0.16706094
17380,0.1617888
17382,0.13205266
17383,0.14482203
17387,0.12142213
17389,0.15950625
17391,0.07813174
17398,0.15901105
17402,0.11316407
17405,0.23187941
17407,0.052555133
17409,0.12869294
17411,0.18349648
17412,0.03577255
17413,0.13023356
17415,0.1772221
17420,0.13083152
17421,0.13565691
17422,0.15613228
17428,0.13533677
17430,0.08857943
17433,0.12264843
17435,0.17321311
17438,0.107442275
17440,0.046489492
17442,0.13718966
17444,0.14116909
17448,0.15726897
17449,0.2293548
17462,0.15596645
17464,0.13183288
17466,0.06048922
17468,0.15825911
17469,0.18080658
17472,0.11603202
17473,0.140645
17475,0.13539052
17479,0.054872625
17481,0.12607202
17482,0.15638854
17485,0.045786783
17486,0.22796775
17488,0.15519013
17489,0.026705611
17490,0.10730638
17491,0.07279768
17492,0.12232175
17494,0.115087815
17497,0.21567237
17500,0.10580167
17506,0.15129483
17507,0.16339181
17508,0.26844466
17510,0.12150962
17512,0.25581995
17513,0.16711117
17515,0.1577397
17520,0.13231418
17521,0.1405649
17522,0.14463061
17523,0.121388264
17524,0.11169282
17530,0.2404086
17535,0.160529
17536,0.11484246
17545,0.12801117
17548,0.18032184
17549,0.119752936
17553,0.14412491
17555,0.18047976
17557,0.1426352
17558,0.16942608
17559,0.14086401
17562,0.18014184
17564,0.051351093
17565,0.2293695
17566,0.14186998
17567,0.1527625
17568,0.05600857
17569,0.14494273
17572,0.09442847
17573,0.15083063
17575,0.13896245
17577,0.16739559
17578,0.14402728
17580,0.09633644
17581,0.16526814
17585,0.1398747
17586,0.19053417
17591,0.15677877
17594,0.16347605
17596,0.11006102
17599,0.23113611
17602,0.16374803
17603,0.15426828
17606,0.05566473
17614,0.16971202
17621,0.15936208
17624,0.1377362
17626,0.20183504
17628,0.027938481
17629,0.13606164
17630,0.1635443
17631,0.14383979
17633,0.08042979
17636,0.19249755
17641,0.13460948
17642,0.25126353
17645,0.19637226
17646,0.1573828
17650,0.15791851
17655,0.11461571
17659,0.1437275
17660,0.12677369
17662,0.14216489
17664,0.06983817
17671,0.019915665
17673,0.16875976
17676,0.16857313
17679,0.13917819
17685,0.16921191
17705,0.19698113
17708,0.15789266
17711,0.19671156
17714,0.18523037
17715,0.05953414
17721,0.1330829
17724,0.22489387
17726,0.14475887
17728,0.11542984
17730,0.12610917
17732,0.13369904
17735,0.32833913
17737,0.10205158
17738,0.1554614
17739,0.16332969
17747,0.15948652
17749,0.16793
17752,0.1315224
17753,0.15426883
17756,0.13591787
17758,0.056750625
17760,0.14687559
17762,0.14936186
17763,0.2056192
17769,0.065702476
17775,0.14087743
17776,0.07224657
17781,0.15099505
17782,0.13153794
17783,0.04326377
17784,0.2215735
17785,0.10782759
17798,0.10995423
17799,0.15924573
17800,0.25076392
17803,0.12653911
17804,0.021635303
17805,0.12813011
17808,0.1817184
17817,0.13981682
17823,0.3119561
17824,0.15826938
17825,0.13653821
17827,0.045744676
17828,0.13803242
17831,0.13013251
17834,0.12796012
17835,0.31955695
17837,0.14467803
17838,0.18599255
17839,0.16428031
17843,0.21508788
17846,0.36699498
17847,0.15144292
17848,0.14672957
17853,0.080494195
17856,0.1551516
17859,0.15556505
17863,0.05773187
17868,0.05925186
17869,0.12719573
17870,0.16435476
17875,0.058094192
17876,0.14241575
17877,0.15057619
17879,0.1625018
17884,0.15971704
17885,0.07669415
17886,0.023249906
17890,0.12979275
17897,0.057981484
17900,0.064036034
17902,0.13411959
17903,0.14180975
17908,0.1185721
17914,0.13080977
17915,0.13302916
17916,0.059484325
17920,0.13349636
17921,0.23015754
17924,0.15606698
17925,0.093501315
17926,0.05761545
17928,0.17633808
17930,0.109236896
17932,0.1084924
17933,0.18471016
17939,0.14913477
17941,0.25051737
17943,0.18365468
17947,0.064541996
17948,0.1313064
17950,0.14219402
17956,0.15086707
17959,0.12779683
17970,0.17943187
17973,0.14889416
17974,0.15621488
17975,0.119731076
17976,0.16511048
17980,0.088514276
17986,0.1865726
17987,0.05714636
17990,0.20065817
17994,0.11673465
17999,0.1427927
18002,0.061359547
18003,0.04766963
18005,0.18048698
18007,0.21487032
18013,0.114492685
18015,0.04895811
18016,0.13222274
18018,0.12795159
18019,0.15505451
18026,0.1336641
18030,0.14915545
18032,0.16115458
18035,0.15154387
18039,0.1468076
18042,0.13560735
18044,0.16982761
18045,0.1300025
18046,0.1443471
18052,0.11682611
18054,0.057927024
18055,0.17557162
18059,0.11995288
18066,0.14384237
18072,0.18559676
18073,0.026873233
18077,0.17919491
18081,0.06084083
18083,0.13643506
18084,0.15075469
18085,0.16134888
18086,0.13303669
18087,0.15524061
18092,0.13419779
18093,0.08374207
18095,0.04986743
18097,0.12276816
18100,0.1632109
18101,0.12681833
18103,0.15427378
18104,0.12322103
18105,0.13197596
18109,0.103953786
18110,0.1743963
18113,0.21213701
18117,0.062872835
18119,0.1265483
18126,0.19023624
18127,0.053863205
18128,0.06276472
18129,0.14077424
18130,0.1081815
18137,0.36575377
18142,0.11737523
18144,0.056209136
18145,0.11304581
18146,0.15495469
18149,0.15689728
18152,0.06305766
18153,0.17869295
18154,0.14815696
18155,0.13426659
18156,0.15817308
18161,0.15910709
18163,0.10111599
18165,0.050139606
18166,0.12416695
18168,0.1460955
18172,0.033985402
18174,0.14952932
18176,0.06301095
18177,0.077317275
18179,0.16343059
18181,0.14267299
18182,0.051351964
18183,0.142978
18187,0.14547451
18188,0.23877394
18189,0.16680147
18194,0.13140997
18196,0.15546438
18197,0.16749658
18198,0.05765498
18199,0.15451285
18201,0.15865459
18205,0.14683932
18206,0.14706512
18207,0.18423277
18210,0.13040993
18212,0.15480022
18214,0.10140187
18215,0.14116696
18216,0.17761703
18220,0.06499908
18221,0.22633336
18222,0.046846025
18223,0.2184724
18227,0.14014606
18228,0.17472908
18229,0.055032138
18232,0.18266982
18234,0.15104006
18239,0.14849494
18243,0.14506128
18244,0.075222045
18245,0.17852941
18246,0.075778246
18248,0.15082805
18250,0.26942354
18253,0.25975645
18254,0.13310231
18256,0.12903683
18257,0.15865664
18263,0.06860188
18264,0.023056632
18266,0.13100925
18267,0.024400689
18268,0.13565128
18269,0.17399183
18270,0.13284843
18271,0.2691909
18272,0.108201794
18276,0.15181692
18277,0.05937555
18280,0.13513014
18282,0.040595844
18285,0.18739183
18288,0.32811373
18295,0.062281687
18298,0.09889089
18300,0.14843424
18301,0.13308463
18302,0.12750883
18304,0.054035425
18305,0.14944713
18306,0.24058992
18307,0.05392912
18308,0.064154014
18309,0.12786119
18311,0.16510853
18313,0.17418616
18314,0.13802782
18318,0.18357436
18320,0.20696598
18321,0.11549269
18330,0.16735505
18334,0.13064638
18336,0.05119476
18337,0.11262997
18338,0.10058801
18339,0.14361627
18341,0.24249415
18347,0.06879829
18354,0.068281546
18355,0.050427012
18356,0.14672911
18358,0.112027876
18360,0.15686975
18361,0.122632205
18363,0.15621388
18364,0.20631641
18367,0.14289975
18380,0.06382567
18383,0.15148573
18384,0.12624836
18385,0.12712257
18387,0.3674386
18390,0.13664916
18391,0.22995022
18392,0.1364532
18395,0.36922133
18396,0.18555105
18397,0.15038264
18399,0.12229335
18400,0.26395032
18403,0.17876129
18404,0.116880514
18406,0.119932026
18407,0.29304758
18413,0.13535953
18415,0.1892596
18417,0.1738481
18420,0.048610173
18422,0.108128004
18425,0.056932013
18426,0.35911536
18427,0.036478102
18428,0.11579983
18429,0.16322646
18430,0.12138297
18431,0.1319978
18432,0.16922815
18433,0.39685953
18435,0.12650372
18436,0.1000876
18437,0.04779059
18439,0.11996084
18444,0.16460161
18446,0.13503332
18448,0.15528709
18455,0.07690579
18457,0.15040359
18459,0.1861242
18463,0.22637236
18464,0.15304075
18467,0.12623379
18469,0.14520022
18471,0.058875266
18475,0.15269774
18476,0.053704254
18477,0.12797059
18483,0.1257859
18488,0.18142098
18489,0.064681396
18490,0.130177
18492,0.16774806
18493,0.12650578
18494,0.13304941
18498,0.0771106
18502,0.13984275
18503,0.032878164
18504,0.13799459
18506,0.11783644
18507,0.16076978
18508,0.11700444
18512,0.109420866
18515,0.04490421
18517,0.14668037
18518,0.12000266
18520,0.13128339
18521,0.14152566
18522,0.15949795
18523,0.11319241
18524,0.053804703
18530,0.116363585
18531,0.19241948
18532,0.06414913
18533,0.14885175
18534,0.15416516
18540,0.13441299
18542,0.14380293
18543,0.14945365
18544,0.14442158
18547,0.17722
18549,0.020845668
18552,0.15829462
18553,0.17999849
18555,0.13787049
18558,0.16657133
18565,0.066517904
18568,0.2373196
18572,0.114946604
18575,0.16349298
18576,0.15084815
18579,0.14784153
18581,0.17699735
18583,0.065963104
18584,0.027320253
18585,0.058645386
18590,0.047971245
18594,0.13720419
18595,0.16617818
18598,0.12292531
18600,0.17641915
18601,0.34656876
18602,0.119645335
18603,0.20976593
18604,0.020418365
18610,0.1342679
18611,0.13954829
18615,0.13360631
18617,0.12488236
18619,0.1359458
18623,0.061572745
18630,0.119105935
18631,0.1545372
18632,0.059588082
18633,0.1343472
18638,0.13842204
18639,0.108274125
18640,0.15394196
18641,0.08141999
18645,0.16166487
18648,0.06774009
18649,0.1471249
18651,0.13643736
18653,0.07793788
18656,0.20578629
18657,0.14102922
18658,0.1424918
18659,0.11691367
18661,0.1716766
18663,0.2321763
18668,0.20432442
18669,0.13024105
18671,0.10976673
18672,0.042312454
18673,0.16298479
18679,0.1451439
18689,0.15476479
18690,0.15250643
18692,0.13418311
18694,0.14073423
18695,0.19571424
18698,0.15425791
18699,0.13827965
18704,0.16027653
18706,0.3484945
18709,0.18093835
18712,0.17355765
18713,0.17224833
18717,0.17209238
18719,0.42108014
18724,0.1140104
18725,0.07099052
18728,0.15000942
18729,0.15264656
18732,0.02257687
18733,0.1326883
18734,0.060493477
18735,0.17331593
18736,0.121929996
18739,0.12878606
18740,0.15257153
18742,0.15226188
18743,0.2499631
18749,0.038058206
18750,0.14760779
18751,0.1226296
18755,0.16387704
18756,0.028693061
18759,0.14941734
18760,0.06911158
18762,0.1685666
18765,0.15668647
18766,0.1840581
18769,0.107970566
18772,0.09811141
18773,0.027746398
18774,0.14448453
18778,0.14877081
18780,0.063890845
18782,0.13623507
18784,0.13561532
18785,0.17075244
18786,0.15247251
18801,0.056505095
18804,0.1483932
18807,0.14870588
18810,0.23678736
18811,0.12108096
18815,0.12854479
18816,0.13881198
18818,0.14834872
18819,0.20282654
18820,0.16141307
18821,0.24449506
18822,0.18612935
18825,0.16187489
18827,0.24712181
18831,0.12377459
18832,0.13188648
18834,0.20820509
18836,0.13490507
18837,0.11979974
18840,0.083233684
18842,0.11006509
18847,0.12993367
18849,0.09133221
18852,0.10326209
18854,0.15785141
18855,0.09747051
18857,0.110600844
18859,0.18445823
18860,0.10769918
18861,0.15736604
18862,0.04873584
18864,0.13036618
18868,0.1478078
18870,0.19337744
18871,0.061916977
18874,0.14250349
18880,0.16985054
18882,0.13465151
18884,0.1219278
18889,0.1398501
18892,0.1584022
18894,0.23886357
18895,0.16038321
18897,0.23930323
18898,0.047637
18900,0.24137707
18902,0.15766984
18907,0.19035643
18909,0.17928153
18910,0.3535975
18914,0.14541624
18917,0.10197883
18918,0.08875463
18921,0.26028797
18924,0.18298467
18925,0.11425795
18927,0.14248197
18928,0.056169547
18929,0.11987967
18930,0.16452746
18932,0.1926092
18935,0.04724262
18938,0.03670479
18940,0.13569643
18941,0.13628256
18942,0.15755162
18944,0.07432893
18946,0.16203417
18949,0.1374029
18954,0.057522524
18956,0.12888046
18957,0.0669165
18959,0.14617886
18960,0.10478773
18962,0.16977835
18963,0.19435173
18964,0.2715896
18965,0.14332111
18967,0.12442594
18969,0.1514921
18971,0.2124023
18973,0.1488088
18977,0.13700959
18978,0.173482
18981,0.16663161
18982,0.066708036
18983,0.13483101
18984,0.14049922
18985,0.14006017
18986,0.17398755
18987,0.12493539
18988,0.11628286
18991,0.068014584
18992,0.14043735
18993,0.17130727
18994,0.24084848
18995,0.15431684
18997,0.14775345
18999,0.12590414
19002,0.14407068
19004,0.0934842
19005,0.11729356
19007,0.11596162
19010,0.14469318
19012,0.13538702
19014,0.102782965
19016,0.14079003
19017,0.16950382
19018,0.12578747
19019,0.12920468
19022,0.18594413
19023,0.28694573
19024,0.2160667
19028,0.15327545
19029,0.04994608
19030,0.07021652
19031,0.23186976
19034,0.1330563
19035,0.04383935
19036,0.14663374
19037,0.15240784
19038,0.1893508
19040,0.024216257
19042,0.23375775
19043,0.11893674
19044,0.1070268
19047,0.18531024
19048,0.22121952
19049,0.17585999
19051,0.15634097
19053,0.1363955
19054,0.24305338
19056,0.1290999
19057,0.16988763
19058,0.13891578
19059,0.10717981
19060,0.13603425
19062,0.15944728
19064,0.18065858
19071,0.25694135
19078,0.0912472
19079,0.17057042
19080,0.10265641
19081,0.07901986
19085,0.1511738
19088,0.1502531
19089,0.15284406
19090,0.15571243
19091,0.30386394
19092,0.11386774
19094,0.12432838
19099,0.1688509
19100,0.13949911
19101,0.07176677
19103,0.1449124
19104,0.16198532
19106,0.14624964
19107,0.2766609
19108,0.14268465
19109,0.025383288
19111,0.15448776
19112,0.1573303
19113,0.12236388
19114,0.1347059
19116,0.16723579
19117,0.17789316
19121,0.13279569
19125,0.2241387
19127,0.19796722
19128,0.14274889
19136,0.1377456
19137,0.1308841
19142,0.148297
19143,0.13957837
19144,0.13749045
19146,0.14148547
19147,0.09917597
19152,0.072130024
19154,0.053521868
19157,0.18080959
19160,0.14551052
19161,0.06439599
19162,0.24433377
19165,0.047056317
19167,0.04483996
19168,0.11947011
19171,0.06566675
19172,0.03787973
19173,0.15562646
19174,0.18678111
19176,0.09682699
19177,0.1587783
19178,0.042850513
19179,0.22568926
19180,0.19054341
19182,0.15854694
19184,0.1590037
19185,0.022937875
19187,0.053892918
19189,0.22507456
19191,0.11491642
19193,0.11530647
19194,0.16140245
19197,0.241197
19198,0.14238116
19200,0.18232137
19202,0.028181216
19204,0.080551915
19205,0.16479376
19206,0.112842396
19212,0.043657433
19213,0.13670936
19214,0.3564223
19222,0.14415042
19223,0.12509373
19225,0.24534768
19228,0.15762782
19230,0.38028798
19236,0.15006642
19240,0.18929636
19241,0.15380816
19242,0.1296848
19243,0.3833609
19244,0.12383402
19248,0.16648026
19249,0.13828407
19250,0.13390198
19251,0.1699963
19254,0.15424685
19255,0.10732869
19258,0.17300025
19259,0.16002178
19260,0.2444457
19261,0.13905726
19262,0.057739448
19264,0.14067702
19265,0.21143286
19266,0.1394804
19270,0.115764104
19271,0.13383576
19274,0.1446711
19275,0.13780537
19276,0.07606012
19278,0.0560668
19280,0.14925596
19282,0.17328364
19287,0.20105527
19288,0.1463389
19290,0.14832729
19293,0.16976294
19295,0.23958492
19298,0.20242341
19299,0.18142083
19300,0.052488822
19301,0.1293569
19304,0.15981548
19305,0.19621964
19306,0.12559958
19309,0.15196104
19310,0.1278312
19311,0.22899692
19313,0.23108369
19317,0.15950856
19320,0.21167621
19322,0.04796345
19324,0.15578389
19325,0.1511586
19326,0.090771824
19328,0.11873206
19330,0.1557613
19331,0.44101644
19332,0.13209917
19334,0.16282389
19337,0.13131909
19338,0.17581151
19340,0.10847515
19341,0.12795307
19342,0.14352426
19343,0.15936108
19347,0.40116465
19348,0.177636
19349,0.21290265
19354,0.15894456
19356,0.12562875
19357,0.13446835
19358,0.16826244
19361,0.14382151
19362,0.1435504
19365,0.12230096
19366,0.11225202
19367,0.18425265
19369,0.14298737
19372,0.12539966
19376,0.039976504
19377,0.1870666
19382,0.058690723
19383,0.24374472
19384,0.1661484
19385,0.1432412
19386,0.18663448
19388,0.15822846
19392,0.13271898
19393,0.17170452
19394,0.11201725
19395,0.20743893
19396,0.15117283
19397,0.11862017
19399,0.17437638
19400,0.20657136
19402,0.1556691
19403,0.16336481
19404,0.11296349
19405,0.13046363
19406,0.1642552
19408,0.1062529
19412,0.19711022
19414,0.17284743
19419,0.25126055
19421,0.17325427
19424,0.12522571
19429,0.4617425
19431,0.14749171
19432,0.15398465
19434,0.070962496
19435,0.13428317
19436,0.11798848
19438,0.12628856
19439,0.22289138
19441,0.07658489
19442,0.05636266
19443,0.14569725
19447,0.100351244
19448,0.14492269
19449,0.15555447
19450,0.1667856
19452,0.1423785
19455,0.2982346
19458,0.11254099
19459,0.1865383
19460,0.13578954
19461,0.021296473
19462,0.11560606
19463,0.18110307
19468,0.16934313
19469,0.039292973
19470,0.35422215
19471,0.2221317
19472,0.15270075
19474,0.1151633
19475,0.13355225
19477,0.14157154
19478,0.102831095
19479,0.27788824
19482,0.1440902
19484,0.27153322
19487,0.14064759
19492,0.11081298
19495,0.1265883
19502,0.13558061
19505,0.12417901
19506,0.114811465
19507,0.11949915
19510,0.12573104
19511,0.3881037
19512,0.02178294
19515,0.14561747
19520,0.14088093
19521,0.1438244
19526,0.16498347
19527,0.15428716
19531,0.24966383
19532,0.13710827
19534,0.15377256
19538,0.16938822
19539,0.06042391
19542,0.11316556
19543,0.11944553
19545,0.1493812
19546,0.13481045
19548,0.16024683
19550,0.16342248
19552,0.12023676
19553,0.016964447
19554,0.14450349
19555,0.12804857
19556,0.13196203
19557,0.15502147
19561,0.17181885
19563,0.16252625
19570,0.14039694
19572,0.14344516
19574,0.20902011
19578,0.11784939
19579,0.13230333
19582,0.20723034
19586,0.020107342
19587,0.0641981
19589,0.12128727
19590,0.045455948
19592,0.14385273
19594,0.08649592
19596,0.20419304
19599,0.12441517
19600,0.14513932
19603,0.10009245
19604,0.13641645
19605,0.19309382
19607,0.11799448
19616,0.055019155
19618,0.058336105
19619,0.05402222
19620,0.14038852
19623,0.1271873
19624,0.19188738
19625,0.14932373
19626,0.17428978
19628,0.14001295
19629,0.16275302
19631,0.13277146
19633,0.12510075
19634,0.13868564
19635,0.25101283
19636,0.12918794
19637,0.12580296
19639,0.19828337
19643,0.15154941
19644,0.15866669
19645,0.18933772
19647,0.16144064
19649,0.16162969
19650,0.116309784
19652,0.17788795
19653,0.20490703
19656,0.13866493
19660,0.15580884
19663,0.13942663
19664,0.1804346
19666,0.15758567
19668,0.14770076
19671,0.102128804
19672,0.12687328
19674,0.24145807
19675,0.12713757
19676,0.14571683
19678,0.17601852
19679,0.13440208
19680,0.22759032
19681,0.193711
19682,0.1396503
19683,0.15011212
19684,0.1271778
19686,0.13242812
19687,0.19038871
19691,0.13968724
19692,0.13677685
19698,0.22980675
19699,0.1658634
19700,0.12785989
19702,0.12773457
19706,0.16911621
19707,0.37767646
19708,0.17905958
19709,0.19364369
19710,0.10998479
19711,0.12105975
19713,0.07741256
19714,0.12041962
19716,0.14772044
19718,0.12859967
19719,0.19576679
19720,0.09399938
19724,0.04907466
19726,0.26717126
19727,0.13777469
19728,0.051817052
19729,0.1462501
19731,0.22142832
19733,0.14271255
19735,0.1095595
19736,0.14876226
19743,0.12786321
19744,0.14263342
19746,0.1328021
19748,0.13161564
19750,0.15141986
19751,0.20992874
19753,0.12185137
19754,0.16254996
19758,0.12232161
19760,0.14736567
19766,0.06477169
19769,0.03851987
19770,0.16387545
19775,0.15631698
19778,0.11693346
19779,0.047743905
19781,0.13519941
19782,0.38939402
19783,0.12377979
19784,0.048783056
19785,0.25815403
19788,0.21477292
19790,0.12639724
19791,0.05519431
19792,0.04363106
19793,0.19136435
19795,0.11630645
19797,0.21159232
19802,0.07275014
19803,0.17008983
19805,0.1650153
19806,0.16160572
19810,0.18516256
19813,0.026495917
19818,0.12638842
19819,0.16467759
19820,0.17120503
19824,0.21646518
19828,0.113191016
19830,0.120025404
19831,0.2786466
19832,0.027856197
19833,0.16860074
19834,0.15120563
19835,0.15146628
19836,0.10915742
19838,0.15851212
19839,0.12504236
19841,0.15568776
19843,0.11563091
19844,0.1240546
19845,0.14214979
19847,0.19855517
19848,0.21026117
19851,0.19930486
19853,0.19935259
19855,0.13756445
19857,0.17075038
19858,0.13342093
19861,0.06627895
19867,0.1294022
19868,0.13221087
19871,0.12222466
19875,0.1358896
19878,0.16333045
19879,0.05578618
19881,0.14862967
19882,0.12943041
19883,0.13911302
19884,0.21381567
19887,0.37935898
19889,0.16502747
19890,0.13400994
19893,0.19461495
19894,0.24363488
19896,0.12940492
19898,0.3411492
19900,0.2254789
19901,0.14302596
19904,0.14207844
19906,0.4086646
19914,0.0222687
19916,0.07821741
19920,0.21384327
19921,0.05837029
19922,0.121826835
19924,0.2791792
19925,0.17105632
19926,0.15152831
19935,0.05083304
19937,0.08874018
19938,0.11994444
19941,0.14680575
19943,0.10449997
19946,0.14930332
19949,0.05843902
19953,0.13739343
19955,0.14658065
19957,0.16491438
19958,0.10742102
19959,0.14654925
19960,0.15428676
19963,0.13387801
19964,0.36564177
19965,0.14782858
19966,0.16200201
19967,0.1606219
19968,0.1948109
19969,0.03927702
19970,0.02761103
19972,0.09993423
19973,0.14456236
19974,0.09153976
19975,0.16098297
19977,0.30557397
19983,0.05745337
19984,0.05747851
19986,0.23839408
19987,0.15900026
19988,0.16430528
19989,0.117962845
19993,0.09011936
19995,0.14478458
19996,0.19417384
20001,0.12891181
20003,0.12960757
20004,0.1420746
20011,0.26027095
20016,0.17717253
20019,0.15653966
20020,0.12212025
20024,0.1352703
20025,0.25897554
20027,0.14239416
20030,0.16264638
20031,0.052735344
20032,0.13541177
20034,0.14326131
20035,0.14996836
20037,0.06628479
20039,0.098514155
20040,0.15422612
20041,0.13684943
20042,0.15977399
20043,0.16500935
20045,0.123042725
20047,0.18986613
20048,0.31719974
20049,0.15942186
20051,0.30058554
20053,0.19082427
20055,0.18281223
20057,0.21600443
20058,0.15534113
20061,0.15204966
20065,0.15736845
20066,0.10861738
20067,0.14277865
20068,0.05104341
20070,0.13582726
20072,0.14536737
20073,0.14158233
20075,0.18466751
20077,0.20217465
20078,0.14201248
20079,0.1594285
20083,0.116298
20084,0.08041773
20085,0.12767784
20086,0.07397794
20088,0.16011475
20089,0.16348518
20090,0.02801139
20091,0.28999504
20094,0.23992856
20096,0.16243492
20098,0.1280268
20100,0.1373254
20102,0.20649926
20103,0.16074269
20104,0.18481913
20106,0.11508031
20108,0.42913416
20110,0.17468673
20117,0.18565059
20118,0.40456435
20119,0.10244289
20120,0.29675174
20126,0.10491855
20127,0.12404911
20133,0.13758627
20138,0.13310777
20141,0.13641588
20145,0.17068735
20146,0.076499246
20148,0.15411593
20150,0.14115839
20151,0.13282597
20152,0.14757825
20156,0.13142446
20158,0.13837378
20160,0.15648857
20161,0.056921493
20162,0.13290514
20164,0.20751032
20167,0.11031585
20169,0.1699928
20170,0.16136016
20171,0.13451895
20172,0.06876538
20174,0.10574782
20175,0.13513538
20178,0.13255279
20181,0.1352036
20184,0.054209948
20187,0.21648192
20189,0.13849542
20190,0.15711485
20191,0.17403013
20192,0.19582085
20193,0.1779069
20197,0.29324
20198,0.121105276
20199,0.13551512
20201,0.12598942
20202,0.10345983
20203,0.1703261
20204,0.13792832
20205,0.13141467
20208,0.05901442
20210,0.1555961
20211,0.14120668
20212,0.14793898
20213,0.1497424
20214,0.13406289
20217,0.114624
20218,0.14626165
20220,0.15416795
20221,0.11574069
20225,0.14305183
20226,0.15382822
20229,0.14693685
20234,0.16040935
20238,0.14306279
20241,0.07073145
20242,0.14143212
20243,0.19009452
20245,0.16158642
20248,0.18099974
20250,0.11526801
20251,0.23353016
20252,0.13627069
20255,0.068967
20256,0.13751315
20259,0.07078869
20260,0.05805864
20261,0.13776462
20262,0.1340196
20263,0.12497761
20265,0.027965764
20266,0.26912388
20269,0.051884823
20270,0.13596146
20274,0.10663482
20276,0.17818518
20277,0.29995686
20278,0.12975727
20282,0.12291485
20285,0.1492276
20286,0.25920686
20287,0.047699157
20288,0.27097997
20291,0.23979801
20292,0.06591664
20293,0.16127923
20296,0.18634067
20300,0.12918344
20302,0.13473977
20303,0.14734149
20305,0.13927363
20306,0.16090648
20309,0.13621299
20314,0.28183234
20315,0.113461524
20316,0.16236532
20317,0.12974848
20318,0.15585034
20319,0.13523558
20320,0.16537194
20323,0.14326182
20324,0.05484199
20325,0.065738104
20326,0.053708233
20327,0.10541665
20330,0.110908546
20331,0.16948824
20342,0.16529612
20343,0.14340428
20345,0.14011441
20347,0.07453535
20348,0.16263421
20352,0.094500855
20354,0.07249378
20355,0.13726787
20356,0.24162978
20357,0.15717581
20359,0.13751182
20361,0.19275564
20363,0.061591946
20365,0.16903128
20367,0.36003917
20370,0.064507745
20372,0.11524114
20373,0.15075831
20375,0.35189003
20376,0.12544441
20379,0.083748475
20380,0.16325586
20383,0.13046442
20384,0.17939979
20385,0.1184895
20386,0.13745068
20387,0.21610059
20389,0.1287586
20391,0.19595216
20392,0.08263954
20395,0.14791441
20396,0.22993481
20398,0.29566565
20401,0.13347657
20403,0.12546378
20404,0.14259759
20406,0.23789857
20407,0.13561563
20409,0.14338697
20411,0.14460967
20412,0.16630234
20418,0.15785436
20419,0.13839233
20420,0.05217342
20423,0.12182268
20430,0.1773889
20432,0.13196608
20433,0.4409384
20434,0.27052444
20437,0.14520308
20438,0.16364296
20439,0.15474103
20440,0.12643407
20442,0.12469914
20444,0.2483219
20446,0.13347247
20449,0.18559664
20452,0.12442946
20454,0.14598435
20455,0.15033765
20456,0.13237849
20458,0.14137152
20462,0.13937867
20464,0.15644348
20465,0.12900075
20467,0.17406742
20468,0.052590553
20472,0.22009249
20473,0.05245113
20475,0.11471449
20477,0.12681583
20482,0.14910279
20483,0.21897724
20486,0.17160651
20487,0.15806466
20490,0.17858581
20491,0.11416841
20494,0.07174576
20495,0.14821729
20496,0.119240075
20497,0.09901418
20498,0.24244007
20499,0.15665886
20507,0.11902385
20508,0.12916158
20509,0.082860306
20510,0.14873864
20511,0.14940572
20512,0.051547263
20513,0.16619124
20517,0.19727446
20518,0.23491831
20522,0.18365428
20525,0.17794083
20526,0.11865711
20531,0.23832454
20534,0.15589075
20536,0.14877789
20540,0.13742483
20544,0.14778566
20546,0.17823328
20548,0.04406923
20549,0.15329635
20550,0.059078645
20551,0.11954852
20552,0.13601883
20553,0.12475351
20555,0.23429331
20559,0.18294476
20560,0.12933235
20561,0.26392162
20562,0.13806091
20563,0.14904699
20565,0.1578324
20567,0.1354258
20568,0.26377764
20569,0.12685347
20572,0.15189968
20580,0.1786828
20582,0.15996505
20584,0.28815535
20585,0.16837984
20588,0.032450747
20591,0.13675003
20596,0.13198106
20597,0.06372357
20600,0.15577233
20602,0.19489166
20606,0.054832697
20609,0.1304623
20610,0.16796322
20611,0.12650149
20613,0.13349317
20616,0.22529353
20619,0.022085866
20622,0.15886192
20627,0.13492104
20630,0.14098369
20631,0.049118124
20637,0.12758175
20641,0.23782665
20643,0.26259497
20645,0.16889356
20647,0.1284772
20650,0.15382813
20651,0.111619435
20653,0.17715909
20654,0.20485663
20655,0.039702304
20656,0.17194152
20657,0.13921057
20659,0.029930515
20661,0.07358645
20662,0.072550386
20663,0.118847646
20666,0.14348017
20667,0.11019588
20668,0.13715476
20669,0.23797138
20673,0.06480465
20675,0.16310129
20676,0.22344327
20677,0.14419408
20681,0.12567095
20684,0.12930275
20686,0.15995185
20687,0.13320422
20689,0.1764926
20690,0.15423344
20691,0.15458277
20692,0.10904525
20694,0.12974058
20695,0.17527215
20696,0.06009978
20698,0.14793284
20700,0.19109854
20703,0.13154012
20704,0.32706177
20705,0.117552154
20706,0.11216378
20707,0.1605911
20710,0.22942822
20711,0.12609789
20712,0.07290102
20713,0.15717399
20714,0.19433495
20715,0.131827
20716,0.16750005
20722,0.13259596
20724,0.16921504
20726,0.24727632
20728,0.17090537
20729,0.26223338
20730,0.15050292
20734,0.15785274
20735,0.046484783
20736,0.13202597
20737,0.12983969
20738,0.15394533
20742,0.2186508
20743,0.023821529
20744,0.12304082
20745,0.122897185
20746,0.12902911
20751,0.08644556
20754,0.13855538
20756,0.23983596
20758,0.12450584
20759,0.1394608
20760,0.16212095
20761,0.23391157
20762,0.12008236
20763,0.07717651
20764,0.13968009
20767,0.22311169
20769,0.07806116
20770,0.14186014
20773,0.14497654
20775,0.3182464
20776,0.11864723
20777,0.27451962
20778,0.062967576
20782,0.10930029
20783,0.12904903
20784,0.1451122
20786,0.073688544
20787,0.13530754
20788,0.12777115
20789,0.026677277
20790,0.063876845
20791,0.15419523
20800,0.25226912
20801,0.14822513
20804,0.1398905
20807,0.2220042
20809,0.05582716
20810,0.33843204
20812,0.3527676
20814,0.12668556
20815,0.13693249
20818,0.019177344
20819,0.1426399
20820,0.1392376
20821,0.13689193
20823,0.121007964
20826,0.1697559
20827,0.29969817
20828,0.14630163
20829,0.11320881
20830,0.14674318
20831,0.1272954
20833,0.163034
20835,0.0632903
20836,0.11282445
20837,0.1763333
20838,0.11560755
20841,0.12101983
20842,0.123711474
20843,0.12812214
20844,0.112022445
20845,0.14064817
20849,0.21799622
20850,0.12262374
20851,0.13254397
20852,0.18961874
20853,0.1870111
20854,0.12820363
20855,0.124374114
20857,0.055966366
20859,0.16308697
20861,0.13082723
20863,0.1769058
20864,0.26723936
20865,0.13062547
20866,0.07811514
20867,0.21250503
20868,0.25436684
20869,0.19601469
20872,0.16376975
20874,0.056249592
20875,0.16505884
20876,0.115034774
20878,0.16648705
20879,0.13678633
20880,0.05775278
20882,0.26756757
20883,0.22022721
20885,0.026554808
20886,0.13274683
20887,0.06589368
20888,0.16647333
20889,0.12069987
20891,0.12398751
20892,0.1609332
20893,0.14696425
20896,0.12671275
20897,0.026094098
20899,0.14439805
20900,0.26803967
20901,0.14919715
20902,0.14949697
20903,0.10834336
20905,0.12173965
20906,0.2072769
20911,0.15528995
20912,0.16923967
20913,0.18974599
20915,0.16286951
20916,0.19246808
20917,0.36720213
20921,0.13404478
20924,0.10011814
20925,0.15709926
20926,0.15838553
20930,0.16236937
20932,0.14779423
20933,0.13172868
20935,0.1571561
20937,0.094288304
20940,0.17639476
20941,0.051832438
20943,0.12636103
20944,0.05182033
20946,0.057679683
20947,0.14301963
20949,0.14758612
20950,0.120685294
20955,0.11974187
20957,0.14930731
20958,0.14219397
20960,0.14492056
20965,0.2659478
20973,0.25094524
20975,0.12834975
20976,0.14746267
20984,0.14814764
20985,0.13479473
20991,0.27051684
20994,0.03651135
20997,0.12364341
20998,0.14709635
21003,0.12493828
21004,0.16784666
21006,0.09091849
21008,0.12086624
21009,0.08408962
21010,0.13706483
21013,0.25542986
21014,0.17324243
21016,0.12305026
21017,0.11486318
21021,0.049936023
21023,0.120917335
21024,0.13698526
21025,0.093809254
21027,0.15561548
21029,0.080625266
21030,0.07645245
21031,0.050635014
21032,0.14423849
21033,0.18805875
21034,0.22385189
21035,0.05983946
21038,0.1229881
21039,0.101927705
21042,0.18023853
21046,0.1400488
21047,0.15629786
21050,0.055068158
21051,0.21151076
21052,0.1371734
21054,0.04282612
21056,0.16731708
21057,0.13144746
21058,0.13315666
21059,0.11185706
21060,0.06483239
21063,0.02934043
21066,0.051952045
21074,0.14541742
21076,0.14638677
21077,0.14618625
21078,0.107238114
21080,0.12948765
21084,0.022941783
21090,0.2252784
21093,0.10766628
21094,0.1337629
21095,0.29792204
21096,0.1427065
21097,0.19271012
21098,0.061153125
21099,0.15033916
21102,0.15952349
21103,0.1425024
21104,0.1274699
21105,0.12996091
21106,0.21349144
21107,0.22700192
21108,0.15520716
21109,0.056670435
21114,0.046070445
21119,0.13597935
21120,0.124529175
21121,0.12804328
21125,0.15271674
21128,0.15760013
21129,0.06549993
21130,0.14533453
21131,0.123361275
21133,0.21064661
21134,0.1494095
21135,0.12470433
21137,0.11248106
21138,0.12601295
21139,0.057408318
21140,0.13357739
21141,0.11989681
21142,0.13174312
21143,0.2304019
21144,0.10350194
21146,0.0653548
21147,0.15924516
21149,0.10948831
21150,0.1803477
21152,0.26025826
21153,0.17356357
21155,0.06779924
21158,0.12229926
21159,0.13633765
21161,0.17747901
21162,0.13619094
21163,0.13908
21166,0.15515547
21167,0.17511562
21173,0.13136758
21174,0.19688743
21177,0.16026495
21178,0.15548454
21180,0.25121003
21181,0.052788194
21182,0.05517344
21183,0.18366148
21184,0.1186886
21186,0.12893344
21187,0.22864905
21188,0.12200456
21189,0.1504768
21192,0.14638788
21193,0.15424398
21196,0.030578138
21198,0.1615149
21199,0.13383204
21200,0.1759051
21204,0.15806392
21206,0.09823223
21207,0.12540075
21208,0.15139577
21210,0.16470103
21211,0.049274478
21212,0.12872292
21213,0.10394701
21214,0.14130549
21216,0.21434376
21217,0.06317105
21218,0.15215945
21219,0.27584895
21220,0.12482553
21223,0.25425738
21224,0.17652366
21226,0.28964493
21227,0.12852302
21229,0.021190077
21231,0.14145839
21232,0.15097322
21233,0.12661591
21237,0.112238206
21240,0.14658184
21245,0.2457537
21246,0.15100165
21248,0.15466632
21251,0.1294398
21252,0.12612715
21254,0.10963035
21256,0.16628535
21257,0.10997745
21258,0.1925301
21259,0.24304411
21260,0.15394038
21262,0.1576463
21263,0.21195818
21264,0.15755305
21265,0.16742362
21268,0.05909396
21269,0.025256589
21271,0.24907622
21272,0.22071195
21274,0.13503303
21276,0.11251158
21279,0.115577124
21281,0.13249704
21283,0.20823109
21285,0.13091418
21288,0.16237551
21289,0.21545388
21291,0.11262133
21292,0.05558884
21294,0.1705538
21296,0.14157043
21299,0.14045025
21300,0.12975892
21304,0.026384356
21306,0.06414252
21307,0.12515005
21309,0.17150271
21312,0.1201415
21314,0.14361326
21315,0.34186882
21316,0.14793785
21317,0.12605873
21318,0.05585684
21319,0.15992707
21320,0.12760554
21321,0.10312026
21322,0.19400893
21323,0.1537602
21324,0.13065292
21326,0.264977
21327,0.12406972
21328,0.16209441
21330,0.11398714
21331,0.12785947
21332,0.22015917
21333,0.15395808
21334,0.14399186
21339,0.060255315
21340,0.019867083
21342,0.05242444
21344,0.1911508
21345,0.22690243
21346,0.25779405
21347,0.058518533
21348,0.039401278
21349,0.13311322
21350,0.1567235
21352,0.04968746
21355,0.06393455
21359,0.2340252
21361,0.11359501
21362,0.14941356
21364,0.1356176
21366,0.0868629
21367,0.14780565
21368,0.1178476
21374,0.20549338
21379,0.12804285
21380,0.04644444
21382,0.12867165
21383,0.13693316
21385,0.13997017
21388,0.15481289
21391,0.16490567
21393,0.15670618
21394,0.23831579
21395,0.123580605
21398,0.15695612
21399,0.05335701
21400,0.20288323
21401,0.12673858
21402,0.22962351
21403,0.23844025
21404,0.05738819
21406,0.13523574
21409,0.12879375
21410,0.13458867
21412,0.13283359
21413,0.10543691
21414,0.14073111
21415,0.17452048
21417,0.040729433
21418,0.13312161
21419,0.09669271
21420,0.14211869
21421,0.26390496
21422,0.12470981
21423,0.047578298
21426,0.16972092
21429,0.048009295
21432,0.11911592
21433,0.12720285
21434,0.1552814
21435,0.14899214
21436,0.049987275
21437,0.21555209
21438,0.13690141
21443,0.16788407
21445,0.15712114
21446,0.123609275
21448,0.15507957
21450,0.061528213
21451,0.16158974
21452,0.13275243
21453,0.16226184
21455,0.166917
21456,0.15873012
21458,0.041132092
21459,0.16589583
21463,0.14283718
21464,0.36812547
21466,0.035142366
21468,0.12745082
21470,0.09166997
21473,0.18941508
21474,0.15417734
21476,0.1255166
21478,0.078397594
21479,0.14146285
21482,0.12614954
21486,0.1043496
21487,0.14516194
21488,0.11452201
21489,0.06226058
21490,0.12336663
21492,0.27794322
21493,0.28919706
21495,0.15086555
21499,0.11945541
21500,0.11555617
21503,0.12027242
21504,0.17749178
21511,0.05511594
21513,0.17243889
21514,0.025375368
21515,0.28548476
21516,0.12773281
21517,0.025403414
21519,0.13956384
21521,0.1368452
21522,0.2562935
21525,0.07782063
21526,0.25123447
21527,0.11201031
21529,0.13280617
21530,0.088673
21531,0.26540565
21532,0.23267108
21533,0.123589545
21534,0.18973868
21538,0.07733538
21540,0.14888944
21542,0.11179135
21544,0.15587409
21545,0.06891351
21547,0.14801782
21548,0.13553378
21551,0.11554623
21552,0.16334982
21556,0.11204095
21557,0.108907394
21558,0.11793883
21559,0.19521946
21560,0.107229985
21563,0.06621396
21567,0.13985713
21568,0.12659462
21570,0.04626799
21575,0.11657596
21576,0.32413244
21577,0.07207508
21579,0.13004383
21580,0.051454283
21581,0.12552628
21582,0.12545942
21586,0.16191733
21588,0.13662149
21589,0.15427859
21590,0.122702695
21592,0.1371163
21593,0.21505868
21594,0.19034733
21595,0.05275025
21596,0.13573651
21597,0.122476205
21599,0.13284673
21600,0.07008003
21604,0.060702898
21605,0.1251094
21606,0.36244297
21607,0.16491193
21608,0.16757715
21611,0.05815704
21612,0.22724642
21613,0.14953043
21614,0.138738
21617,0.14813788
21618,0.1255182
21621,0.119439274
21623,0.13698919
21624,0.12755777
21625,0.4329241
21626,0.13874407
21634,0.14252248
21636,0.14046201
21638,0.16016355
21641,0.13471898
21643,0.13468148
21645,0.054599375
21646,0.055568103
21649,0.14742698
21650,0.13721782
21651,0.051306535
21652,0.11737982
21653,0.20250943
21654,0.18646769
21659,0.12172207
21660,0.02205512
21661,0.1083701
21664,0.13878116
21665,0.13217697
21666,0.37814397
21669,0.1336061
21671,0.1282571
21673,0.23519854
21675,0.18419842
21676,0.13948226
21677,0.11088192
21678,0.18348607
21680,0.14561206
21681,0.15210639
21683,0.15449022
21684,0.11105344
21685,0.046534337
21686,0.18304387
21688,0.13606064
21689,0.15550621
21690,0.14518377
21692,0.15206374
21693,0.14010428
21694,0.05424612
21695,0.114514545
21696,0.13128537
21697,0.1245634
21698,0.2678263
21699,0.1149308
21705,0.1427602
21709,0.12952663
21710,0.21416317
21711,0.26315662
21714,0.14389536
21715,0.21468797
21716,0.13972601
21719,0.23849262
21721,0.18976218
21723,0.19438127
21727,0.26581058
21728,0.1231446
21729,0.1490201
21730,0.05005474
21731,0.19042064
21732,0.064666
21733,0.12105355
21734,0.14748754
21736,0.13168518
21737,0.13532415
21738,0.1234946
21739,0.22148094
21741,0.16522089
21742,0.2170644
21745,0.22037232
21746,0.053908665
21747,0.14249095
21750,0.08568841
21751,0.08920247
21754,0.1353227
21756,0.14704914
21757,0.15379474
21758,0.14376311
21760,0.12266457
21765,0.13566463
21767,0.09312419
21768,0.116345584
21769,0.19034801
21770,0.11022895
21771,0.10829058
21772,0.14572659
21773,0.14691222
21774,0.16508897
21775,0.09953067
21780,0.14731236
21781,0.13442996
21782,0.15411521
21790,0.15092687
21791,0.14673185
21792,0.12609507
21793,0.21430904
21794,0.073828794
21796,0.05076273
21798,0.15894641
21799,0.12575988
21800,0.1425622
21802,0.15146892
21803,0.12351961
21804,0.15343904
21805,0.12675948
21806,0.13212933
21807,0.18955301
21808,0.15888079
21812,0.10607416
21813,0.028171865
21816,0.16157754
21817,0.12770033
21819,0.13789131
21821,0.051389903
21823,0.14743696
21826,0.1461531
21827,0.094415285
21828,0.14625409
21829,0.10417783
21831,0.1394455
21833,0.12423991
21836,0.23387192
21837,0.1525409
21838,0.09106432
21839,0.17321303
21840,0.11831816
21844,0.1665574
21846,0.12755838
21847,0.14683385
21848,0.20414254
21851,0.15061633
21852,0.16904609
21853,0.18827663
21855,0.11674002
21856,0.263796
21859,0.15859893
21862,0.06962505
21864,0.06135696
21866,0.27692142
21867,0.13787036
21868,0.14697756
21869,0.12477563
21870,0.10838164
21871,0.23777466
21872,0.06484036
21873,0.23423983
21874,0.12792653
21876,0.11376682
21877,0.20118442
21879,0.18401134
21882,0.23325917
21885,0.1591656
21886,0.09895587
21887,0.1434911
21888,0.16796154
21889,0.13287966
21890,0.14852816
21893,0.12563021
21894,0.14954503
21895,0.11891434
21896,0.27153882
21899,0.23532213
21900,0.13763018
21901,0.12717505
21903,0.123837434
21905,0.17176253
21906,0.26619628
21908,0.10182374
21910,0.15833908
21911,0.11126025
21913,0.17713478
21914,0.12059723
21916,0.1198207
21918,0.05001981
21919,0.1335774
21921,0.15905796
21923,0.122165896
21925,0.046748433
21926,0.14782952
21927,0.13618541
21928,0.13187331
21930,0.15293106
21931,0.15089393
21934,0.15453686
21935,0.13648109
21936,0.3479472
21937,0.12706742
21938,0.23368815
21939,0.31886977
21941,0.11917774
21942,0.1269406
21945,0.15912138
21946,0.12533732
21947,0.1891928
21948,0.14560689
21952,0.04483186
21953,0.15844758
21957,0.15630773
21958,0.059580877
21959,0.13153942
21961,0.1239252
21962,0.15012139
21963,0.045833584
21964,0.13805687
21967,0.18326712
21969,0.054915097
21970,0.1624881
21971,0.046417564
21973,0.20824024
21974,0.10708664
21980,0.12708963
21981,0.0644331
21983,0.10988866
21984,0.100612015
21985,0.1364924
21986,0.1892646
21990,0.15641451
21991,0.123502955
21992,0.11389978
21994,0.21652214
21995,0.124558404
21996,0.049847294
21997,0.10609372
21998,0.14105044
21999,0.12686266
22002,0.045704104
22004,0.1445138
22005,0.2563136
22007,0.16220854
22008,0.13880405
22009,0.11043293
22012,0.38398013
22013,0.16868089
22015,0.059284348
22016,0.120706245
22017,0.045476902
22019,0.19328907
22020,0.15502526
22021,0.026944758
22022,0.14996776
22023,0.17698619
22025,0.1739346
22027,0.18946773
22028,0.06643236
22033,0.11660721
22034,0.19218469
22035,0.15736213
22036,0.1271255
22038,0.041805465
22039,0.12749203
22042,0.20670602
22044,0.127986
22045,0.120836176
22048,0.23314746
22049,0.118160605
22051,0.14923836
22052,0.053539902
22053,0.1485257
22054,0.17045136
22055,0.117805116
22056,0.13887611
22058,0.2529748
22059,0.1465457
22061,0.063823245
22062,0.117318094
22065,0.110003
22066,0.14075218
22068,0.19677852
22069,0.1502623
22074,0.17740642
22076,0.14269887
22077,0.12032078
22078,0.1622737
22079,0.20416935
22080,0.14316739
22082,0.047203112
22084,0.10778694
22085,0.1412179
22086,0.15991415
22090,0.20642361
22091,0.14749804
22093,0.12756039
22095,0.059036296
22098,0.19593878
22099,0.06466073
22100,0.07764499
22101,0.14478202
22102,0.41983965
22103,0.09041055
22106,0.12541921
22107,0.19077888
22111,0.151613
22112,0.20152684
22116,0.064784326
22121,0.22691816
22123,0.052579876
22124,0.05176585
22125,0.09809424
22126,0.16655229
22127,0.09402726
22130,0.14339028
22131,0.18833864
22132,0.07396873
22134,0.23881005
22135,0.15712507
22136,0.2647937
22137,0.16412346
22141,0.16550371
22143,0.115416855
22146,0.14789085
22147,0.12881744
22148,0.22153363
22149,0.117114656
22151,0.18496437
22152,0.14504655
22153,0.11723226
22154,0.14618115
22156,0.15513316
22158,0.1209334
22159,0.16764975
22160,0.16570325
22161,0.13788225
22163,0.054838326
22164,0.21553601
22166,0.14279252
22167,0.064835116
22168,0.26073214
22169,0.18633549
22172,0.1345876
22175,0.12195058
22176,0.057799935
22177,0.106676616
22178,0.3313565
22181,0.14366767
22182,0.1341214
22183,0.055472028
22184,0.123480946
22186,0.3951917
22187,0.16857187
22190,0.1815408
22193,0.12520525
22194,0.13694121
22195,0.16773562
22196,0.05541306
22197,0.2560245
22198,0.048792902
22199,0.20239241
22200,0.1564626
22202,0.2389503
22203,0.14664812
22204,0.14247274
22205,0.11374881
22206,0.14250977
22208,0.17448092
22210,0.11206094
22212,0.21711527
22214,0.10533967
22216,0.1624467
22219,0.16781679
22222,0.17069888
22223,0.28469566
22224,0.13341141
22225,0.14541641
22226,0.05411894
22227,0.23626399
22229,0.07933074
22231,0.1362125
22233,0.14752404
22234,0.25871983
22235,0.12443101
22236,0.13581298
22237,0.16099045
22240,0.07571663
22241,0.16567577
22242,0.13701878
22243,0.115262166
22245,0.17141458
22248,0.15720606
22249,0.13600926
22250,0.16877294
22251,0.14777303
22252,0.062295735
22253,0.15194698
22254,0.102060124
22255,0.13324767
22257,0.12291504
22260,0.15837823
22262,0.16817917
22263,0.1531375
22264,0.13677466
22265,0.15337664
22267,0.3269346
22268,0.1699628
22269,0.2240999
22271,0.05749758
22272,0.15028274
22273,0.12935445
22274,0.19019726
22275,0.064907335
22277,0.423585
22282,0.15312397
22283,0.06810643
22284,0.052881163
22286,0.1403756
22287,0.06050339
22288,0.10095436
22289,0.16478194
22290,0.12317169
22291,0.120344065
22292,0.05094861
22293,0.15870252
22295,0.13697764
22296,0.14638588
22297,0.15427889
22298,0.13780798
22299,0.1282684
22300,0.21877809
22302,0.24071376
22303,0.18461502
22305,0.0930734
22306,0.15548415
22307,0.25097293
22308,0.12402065
22309,0.1619999
22312,0.28064376
22313,0.11541137
22314,0.17212181
22315,0.13139893
22316,0.22169153
22317,0.050723836
22318,0.17371464
22319,0.25024152
22320,0.17987761
22322,0.16941985
22323,0.22611627
22324,0.11414763
22328,0.13293117
22329,0.13511762
22330,0.13254888
22331,0.16416234
22332,0.13733907
22333,0.045363102
22334,0.13774158
22335,0.1502358
22336,0.1459395
22338,0.25953525
22339,0.1302459
22341,0.11274431
22342,0.12275372
22343,0.14003898
22344,0.045395695
22345,0.17593887
22346,0.07417402
22350,0.12938887
22351,0.12256248
22353,0.14220165
22354,0.17511779
22355,0.108215205
22358,0.13525496
22362,0.1759318
22365,0.14586776
22366,0.18260051
22368,0.12890005
22369,0.124066584
22370,0.044609908
22371,0.11634956
22372,0.23852485
22373,0.11444672
22374,0.11935628
22375,0.12616266
22376,0.20410848
22377,0.13098666
22378,0.12998427
22379,0.1815416
22382,0.13917354
22386,0.12735978
22387,0.21931717
22388,0.12129123
22390,0.1355981
22391,0.11284346
22392,0.08008046
22393,0.36828142
22394,0.20407033
22395,0.18754286
22397,0.15372147
22399,0.22800149
22401,0.12679157
22402,0.15595675
22403,0.13366644
22405,0.24779986
22406,0.13520011
22407,0.21712264
22408,0.12902491
22409,0.04730053
22410,0.13621113
22411,0.28925624
22413,0.16980998
22415,0.14115414
22416,0.15609653
22419,0.18701299
22422,0.16891901
22424,0.16049057
22425,0.2605187
22426,0.13639593
22427,0.17136654
22428,0.18524091
22429,0.14315704
22430,0.10240663
22431,0.130287
22432,0.11976761
22433,0.05360427
22436,0.079043806
22437,0.15482846
22438,0.14119872
22439,0.12546597
22440,0.14532629
22441,0.12002754
22442,0.12703948
22443,0.14497264
22444,0.11254489
22446,0.047162008
22447,0.18205434
22448,0.1496853
22449,0.12791625
22450,0.13294443
22451,0.12630083
22452,0.23988852
22454,0.046550356
22455,0.40677854
22457,0.13716064
22459,0.11625524
22460,0.12531836
22461,0.12470358
22462,0.17192553
22464,0.12956025
22465,0.14658485
22466,0.2512032
22470,0.21366638
22474,0.17453894
22476,0.09973672
22477,0.14445518
22479,0.15892404
22480,0.2391803
22482,0.14567186
22485,0.12530936
22486,0.15325563
22487,0.10689409
22488,0.07303355
22489,0.120236196
22492,0.15171078
22493,0.15947104
22495,0.14906806
22497,0.14664009
22499,0.16462706
22500,0.11881601
22502,0.15133962
22507,0.12276608
22508,0.040069904
22510,0.12241088
22512,0.13410105
22513,0.14004324
22515,0.19561449
22518,0.12700224
22519,0.12015668
22520,0.14019799
22521,0.06595263
22523,0.21717998
22524,0.40387827
22525,0.1539523
22526,0.24378419
22527,0.13271482
22528,0.1108091
22529,0.069665745
22530,0.2191962
22531,0.14429072
22533,0.122432075
22538,0.13989514
22540,0.060222168
22542,0.14326881
22544,0.16123901
22546,0.067909956
22547,0.21578497
22549,0.11819765
22550,0.25520837
22551,0.26803568
22552,0.19089775
22553,0.0181074
22554,0.1909686
22558,0.06658989
22560,0.096553236
22561,0.14769073
22562,0.17647566
22563,0.25323904
22564,0.20268488
22565,0.15743347
22566,0.13511327
22567,0.17113113
22570,0.14268667
22573,0.19803643
22577,0.164208
22580,0.17623356
22581,0.13628322
22583,0.22185126
22584,0.1646665
22585,0.10375114
22587,0.09777444
22588,0.14217308
22591,0.23499966
22592,0.22384538
22593,0.14667587
22595,0.21571603
22596,0.24273778
22597,0.15391359
22598,0.14978299
22599,0.04959451
22600,0.13375264
22601,0.14732623
22602,0.17234117
22603,0.2010673
22604,0.25053796
22605,0.14601187
22606,0.07153297
22607,0.16814795
22608,0.14460908
22609,0.14883037
22610,0.16212265
22611,0.13353635
22612,0.13856593
22613,0.26810217
22614,0.22608425
22615,0.05643015
22618,0.11976377
22621,0.15094785
22622,0.10047004
22624,0.12705351
22626,0.16169775
22627,0.16653527
22628,0.11520615
22629,0.13138188
22630,0.12750204
22631,0.10622336
22633,0.13431107
22634,0.1574508
22635,0.12969306
22637,0.124224484
22639,0.1681621
22641,0.13694763
22642,0.19818428
22643,0.14838344
22644,0.3786333
22646,0.12278111
22647,0.25936764
22648,0.14578173
22650,0.25345665
22652,0.12378573
22653,0.12015537
22655,0.22689864
22657,0.022077631
22658,0.14430237
22662,0.12394843
22663,0.12244833
22664,0.24373001
22665,0.16107656
22666,0.26377454
22668,0.16305645
22669,0.25159246
22670,0.16712524
22671,0.1651422
22672,0.069827735
22673,0.053370614
22676,0.12287508
22678,0.15874499
22682,0.15606107
22683,0.14817885
22684,0.122307666
22685,0.14868979
22686,0.15881716
22687,0.25857016
22688,0.11212069
22690,0.1589646
22691,0.14172341
22692,0.13752487
22694,0.100948624
22695,0.14368719
22696,0.055543713
22697,0.273645
22699,0.25041375
22702,0.25543466
22704,0.089100726
22705,0.18481953
22706,0.19414446
22709,0.0588759
22711,0.26086926
22712,0.15556997
22714,0.15540588
22715,0.13836443
22716,0.13089685
22717,0.21628293
22718,0.05254891
22720,0.3273145
22721,0.06943625
22724,0.13086268
22725,0.14244789
22726,0.27362156
22728,0.10241999
22729,0.06787342
22730,0.15916601
22732,0.16017424
22733,0.23761123
22734,0.1375906
22735,0.3405521
22736,0.114923745
22737,0.13003139
22738,0.021358883
22739,0.21986853
22740,0.23852992
22742,0.15155534
22743,0.22016668
22745,0.13492939
22746,0.023237161
22748,0.41379476
22749,0.21452835
22751,0.07088019
22752,0.14604412
22753,0.3589585
22756,0.10915965
22757,0.052156907
22758,0.21253434
22759,0.1408613
22762,0.11928712
22763,0.27169916
22764,0.16795494
22766,0.061343722
22768,0.058393497
22769,0.12065759
22770,0.12084593
22772,0.21567969
22773,0.11337751
22775,0.1581932
22776,0.22080286
22777,0.13044138
22779,0.078756124
22780,0.15707293
22781,0.38082
22783,0.23288259
22784,0.14722879
22786,0.20813963
22789,0.13826716
22791,0.0496163
22793,0.14523374
22794,0.147827
22795,0.07100243
22796,0.06667394
22798,0.1463703
22800,0.13320541
22801,0.1926049
22802,0.16696592
22804,0.06428532
22808,0.13348323
22810,0.39014155
22811,0.1180394
22812,0.055713564
22813,0.15391205
22814,0.13920692
22816,0.10984615
22818,0.13367887
22820,0.2507992
22821,0.046674818
22823,0.1250826
22824,0.12682965
22825,0.12342278
22826,0.26865372
22828,0.13681477
22829,0.24271345
22830,0.17784874
22831,0.1354177
22832,0.1105345
22833,0.048902884
22836,0.15983346
22839,0.10302346
22840,0.06468501
22841,0.13155282
22842,0.117512904
22845,0.21230459
22846,0.1295237
22847,0.1372348
22848,0.13662988
22851,0.13576502
22853,0.12633458
22855,0.13621624
22859,0.17178567
22860,0.32861018
22861,0.13774306
22862,0.23278706
22864,0.17401952
22865,0.029379504
22870,0.18240604
22871,0.16050458
22873,0.13665432
22874,0.1503551
22875,0.11921207
22876,0.16198745
22877,0.31697512
22878,0.12892196
22879,0.3305058
22880,0.16083145
22882,0.14288524
22883,0.2912416
22884,0.14349791
22886,0.021099225
22887,0.14264214
22888,0.1675048
22889,0.15477961
22890,0.1944277
22891,0.022892198
22894,0.17892946
22897,0.16129538
22898,0.25754067
22899,0.06254212
22900,0.060628872
22901,0.10921544
22904,0.124614924
22905,0.15095161
22906,0.19047168
22907,0.18202186
22908,0.1466014
22909,0.06884168
22910,0.14252332
22911,0.14867017
22913,0.14369074
22915,0.17368954
22918,0.10098877
22919,0.24388154
22921,0.2796096
22922,0.056421172
22923,0.15689573
22925,0.1261136
22926,0.10130034
22927,0.14559324
22928,0.13032168
22929,0.2068247
22930,0.13094796
22933,0.14484501
22934,0.17375691
22935,0.1263384
22936,0.1886589
22937,0.14359617
22938,0.17974515
22940,0.11762586
22941,0.45411393
22943,0.15142716
22945,0.12835047
22946,0.12411272
22947,0.22517312
22948,0.23716496
22949,0.21140563
22950,0.13382606
22951,0.121330746
22952,0.11807884
22953,0.11813517
22954,0.15391028
22955,0.34365222
22957,0.42980126
22958,0.12913726
22959,0.11838761
22961,0.13716663
22962,0.13536221
22963,0.13145034
22964,0.15019731
22965,0.1648236
22966,0.14082867
22967,0.16259372
22968,0.37615645
22969,0.14097498
22970,0.12765743
22971,0.18978265
22972,0.33474776
22973,0.18816637
22974,0.24170919
22976,0.13211703
22977,0.0960431
22978,0.1610838
22980,0.13001889
22981,0.058393497
22983,0.11622674
22986,0.16077152
22988,0.16112754
22989,0.3597933
22990,0.13218708
22992,0.12423345
22993,0.045127958
22995,0.104875095
22996,0.07099445
22997,0.05797582
22998,0.13516055
23002,0.1433609
23003,0.10040887
23005,0.21915624
23006,0.14280884
23007,0.11345406
23008,0.14929415
23010,0.13303673
23011,0.056523096
23012,0.17160918
23013,0.23232873
23014,0.10268785
23015,0.13896339
23020,0.15027836
23021,0.17763591
23022,0.18672931
23023,0.064666726
23025,0.25493643
23028,0.2568124
23031,0.2371267
23032,0.351366
23033,0.12760837
23034,0.13322262
23035,0.14967269
23036,0.19629833
23037,0.050471134
23039,0.33320898
23040,0.118194714
23041,0.11037492
23043,0.11360158
23046,0.12724122
23048,0.061189067
23051,0.16057406
23052,0.13610293
23053,0.1235386
23055,0.179878
23056,0.13305026
23059,0.16734307
23060,0.13601288
23062,0.12795182
23063,0.12846856
23065,0.1543659
23066,0.14412852
23067,0.1376697
23070,0.15443587
23072,0.13900086
23073,0.11807723
23074,0.121413074
23075,0.112496726
23078,0.16255045
23079,0.18556763
23080,0.16032267
23081,0.04374744
23082,0.2685222
23084,0.113212846
23087,0.100364655
23088,0.1612637
23089,0.1627233
23090,0.17214173
23095,0.13812006
23097,0.13331236
23098,0.063244775
23099,0.1254809
23100,0.1488277
23101,0.17645983
23102,0.19626492
23103,0.23778442
23105,0.11704919
23106,0.13599221
23108,0.06660293
23109,0.13615358
23110,0.19611531
23111,0.11098052
23112,0.10404385
23113,0.06278198
23114,0.15259664
23115,0.26357937
23116,0.052257005
23118,0.21745485
23119,0.11800813
23120,0.13640648
23122,0.20997116
23123,0.13129468
23124,0.14641982
23125,0.11270745
23126,0.11224411
23128,0.12992534
23129,0.23477599
23131,0.13169007
23132,0.13569377
23133,0.24055116
23134,0.13572368
23135,0.14812145
23136,0.1436425
23137,0.06581623
23139,0.1218077
23142,0.019836942
23143,0.1424143
23146,0.16522636
23147,0.12675934
23148,0.12895758
23149,0.087420754
23151,0.12325704
23152,0.12015279
23153,0.40584216
23154,0.11474739
23156,0.14256106
23157,0.11688445
23158,0.16223516
23161,0.12491268
23162,0.14016277
23163,0.15172866
23164,0.1470276
23166,0.31431028
23167,0.2000269
23168,0.1563894
23169,0.11628675
23170,0.12402992
23171,0.15938897
23172,0.026540631
23173,0.23030224
23174,0.14794475
23176,0.13668562
23177,0.09675723
23178,0.1356087
23179,0.16550596
23180,0.118944235
23181,0.36332664
23182,0.16432355
23183,0.15512018
23184,0.13823022
23185,0.11774617
23186,0.14359635
23187,0.23938337
23188,0.14019072
23191,0.14213106
23192,0.15115951
23193,0.1278721
23194,0.13519016
23196,0.12616494
23197,0.12523307
23198,0.12614797
23199,0.076273255
23201,0.206982
23202,0.15593018
23203,0.11152929
23204,0.06871968
23205,0.15796998
23206,0.14671123
23207,0.05153284
23209,0.14827602
23211,0.18638936
23212,0.07493734
23214,0.13853346
23215,0.12897864
23216,0.17770311
23218,0.26634467
23219,0.13093932
23220,0.16616362
23221,0.044807754
23222,0.14291468
23224,0.14083786
23225,0.12234495
23227,0.118506186
23228,0.15338628
23229,0.26263812
23230,0.16855414
23231,0.3548149
23233,0.16603516
23234,0.13851736
23236,0.19019835
23238,0.12641326
23239,0.06053224
23240,0.14583737
23241,0.14548889
23242,0.3943583
23245,0.19441935
23246,0.13522798
23248,0.16323914
23249,0.27169752
23250,0.15145615
23251,0.1628069
23254,0.18525626
23255,0.17856376
23257,0.35022423
23258,0.22032398
23259,0.14911664
23260,0.14679147
23262,0.1570866
23264,0.16191927
23267,0.2341451
23270,0.16028301
23271,0.14055014
23273,0.15787752
23274,0.12161863
23275,0.176563
23276,0.16296412
23277,0.14506668
23278,0.13485889
23280,0.26433274
23282,0.23324749
23283,0.12242137
23284,0.15033816
23286,0.13616753
23287,0.13426977
23288,0.15721159
23289,0.14634475
23291,0.051280767
23293,0.22423327
23294,0.1203218
23295,0.1563895
23297,0.14762403
23298,0.1188549
23299,0.14908649
23304,0.21995169
23305,0.11344515
23306,0.11235973
23307,0.053634483
23309,0.24164808
23310,0.18906707
23311,0.17651759
23313,0.15402353
23314,0.17919064
23315,0.12854111
23318,0.12392481
23319,0.050302528
23320,0.1502808
23321,0.15624113
23322,0.11262317
23323,0.13508531
23325,0.1210911
23326,0.11785801
23328,0.36612648
23332,0.019565593
23333,0.018878248
23334,0.38833243
23335,0.13135922
23336,0.10223447
23338,0.06540599
23339,0.13339925
23340,0.16854192
23343,0.18096371
23344,0.12901379
23346,0.10995302
23347,0.16066378
23348,0.13632137
23349,0.25937194
23351,0.12817352
23352,0.27305555
23353,0.37343422
23354,0.14175735
23356,0.28909224
23357,0.14504416
23359,0.110219896
23361,0.15719414
23364,0.12817816
23365,0.12804642
23366,0.2576827
23367,0.13811263
23368,0.18485822
23369,0.1427184
23371,0.15900016
23372,0.13648677
23373,0.15210912
23377,0.11070026
23378,0.1213674
23385,0.13008721
23387,0.06925125
23388,0.20994976
23392,0.067395195
23394,0.33418873
23395,0.1272532
23397,0.30705968
23398,0.058587056
23399,0.15732145
23401,0.18036413
23402,0.14163464
23404,0.16753183
23407,0.24712312
23409,0.13094018
23410,0.15678908
23411,0.038845308
23412,0.13846382
23413,0.07503399
23415,0.15577811
23416,0.13123313
23417,0.14113544
23419,0.13310893
23421,0.06648096
23422,0.12279265
23423,0.1590175
23426,0.14966072
23427,0.14324687
23428,0.12515552
23430,0.1773216
23431,0.14521196
23432,0.12676312
23433,0.12747574
23435,0.05610618
23436,0.109834865
23438,0.12308429
23439,0.064872615
23440,0.11926327
23441,0.062294424
23442,0.1334191
23443,0.19908564
23444,0.16132112
23447,0.055123102
23450,0.17131956
23452,0.10238049
23453,0.1375291
23454,0.14993936
23455,0.05345506
23456,0.073966525
23457,0.1812625
23459,0.11952393
23462,0.15141648
23463,0.24511231
23466,0.13447163
23468,0.15485837
23469,0.15499412
23470,0.1234559
23471,0.21994904
23472,0.25415757
23473,0.14019944
23474,0.25153336
23476,0.18882063
23477,0.110369414
23478,0.15749057
23479,0.2733719
23480,0.14671315
23481,0.16160786
23482,0.14111762
23483,0.19940248
23484,0.15469095
23486,0.11722107
23487,0.12231461
23488,0.16807543
23489,0.11543429
23490,0.24448873
23492,0.1342354
23493,0.021715341
23494,0.28591055
23495,0.4497754
23496,0.11770876
23497,0.15298542
23498,0.073619924
23499,0.111990035
23500,0.119110584
23501,0.059210002
23504,0.18165518
23505,0.10353434
23506,0.106046475
23507,0.2643253
23508,0.15301175
23509,0.089728214
23514,0.16375619
23515,0.07053889
23516,0.056709334
23517,0.26863304
23519,0.23491019
23520,0.12286997
23521,0.12805153
23523,0.13705453
23524,0.12539223
23525,0.13653618
23526,0.15614001
23528,0.16864045
23529,0.121357895
23530,0.11746697
23531,0.14736377
23532,0.05005873
23533,0.059033874
23534,0.033095308
23535,0.11897957
23538,0.0821205
23540,0.056969777
23542,0.04818524
23544,0.15818553
23550,0.23877166
23551,0.22341558
23552,0.20405802
23553,0.13250278
23554,0.14174487
23556,0.16107854
23557,0.22314507
23560,0.1512992
23561,0.114252515
23564,0.117977925
23565,0.14795467
23566,0.10997564
23568,0.23169829
23569,0.016451068
23571,0.17634775
23572,0.057552725
23573,0.13690452
23574,0.13772619
23575,0.11419955
23576,0.15392283
23577,0.12811936
23578,0.21608464
23581,0.18279868
23582,0.12506427
23583,0.13610046
23584,0.14434868
23585,0.07051678
23586,0.14807679
23590,0.10950056
23592,0.053227015
23593,0.13964064
23596,0.17620647
23598,0.11406859
23599,0.1047302
23602,0.13423814
23603,0.272444
23604,0.25916204
23606,0.104537055
23607,0.13828114
23608,0.070754275
23609,0.22070819
23610,0.15503846
23611,0.06059397
23612,0.06559541
23614,0.048691966
23615,0.1331523
23616,0.10281586
23618,0.13935913
23619,0.13708839
23621,0.13528329
23622,0.14372478
23625,0.10871398
23626,0.13240099
23629,0.14117122
23632,0.1424176
23633,0.12502876
23634,0.12806304
23636,0.15071201
23642,0.13823363
23643,0.14307429
23645,0.1431729
23646,0.18453388
23647,0.16623731
23649,0.20860082
23651,0.13848291
23652,0.1405126
23653,0.07584001
23654,0.36332995
23655,0.17951116
23656,0.16404477
23659,0.11981998
23661,0.06525026
23662,0.12369593
23663,0.18436076
23664,0.17284465
23665,0.11172539
23666,0.1811091
23667,0.12990937
23668,0.043403994
23669,0.16621798
23670,0.1257608
23671,0.13220929
23673,0.12714446
23674,0.13209188
23675,0.15606849
23676,0.20993647
23679,0.19119433
23680,0.14283742
23681,0.103464715
23684,0.36276096
23686,0.14948109
23687,0.09944066
23688,0.031639513
23689,0.1830227
23692,0.3918561
23693,0.12301019
23694,0.1623202
23696,0.114549406
23697,0.13740577
23698,0.12768741
23700,0.095172174
23701,0.1477088
23703,0.23346382
23704,0.110812746
23706,0.051060796
23707,0.12187176
23711,0.12737006
23713,0.36954504
23714,0.16923793
23716,0.09644675
23719,0.15501511
23721,0.12650114
23722,0.14377758
23723,0.17020233
23724,0.14159918
23726,0.022052405
23728,0.12046538
23729,0.25151953
23730,0.4264697
23731,0.14197479
23733,0.14623448
23735,0.13931495
23736,0.057598535
23737,0.07197672
23738,0.22482145
23740,0.16354124
23742,0.10551397
23743,0.24371965
23744,0.11011559
23745,0.25840962
23748,0.15177299
23749,0.3284092
23751,0.26624492
23752,0.26109022
23753,0.15831126
23754,0.14016533
23755,0.062076822
23756,0.14814799
23758,0.1276861
23759,0.22209617
23760,0.15849978
23761,0.31392846
23763,0.05969807
23764,0.254183
23765,0.12611964
23767,0.117960475
23768,0.13991015
23769,0.12368334
23771,0.15746088
23772,0.11194246
23773,0.06519354
23774,0.26634687
23775,0.04834425
23776,0.07050953
23777,0.022256874
23779,0.08541258
23780,0.07124153
23782,0.11957192
23783,0.10919234
23785,0.24494678
23788,0.06846312
23790,0.17382972
23791,0.13420594
23793,0.20210229
23794,0.1693738
23795,0.1207057
23796,0.14424592
23797,0.11129534
23798,0.023237351
23799,0.14892258
23800,0.23091348
23801,0.12805507
23803,0.14041044
23804,0.067238286
23806,0.12430794
23807,0.22665112
23808,0.055682655
23809,0.11080971
23810,0.19960472
23815,0.16460094
23816,0.15493245
23818,0.12118856
23819,0.35333303
23821,0.15680411
23823,0.12141577
23824,0.11300106
23825,0.13889712
23829,0.14344543
23830,0.1708253
23831,0.042322032
23832,0.1351395
23833,0.22788125
23835,0.121824116
23836,0.13475163
23837,0.20546448
23839,0.072858095
23843,0.2643041
23844,0.12836763
23846,0.19444266
23847,0.14287157
23848,0.1241397
23852,0.17448531
23853,0.11673216
23854,0.13565259
23856,0.109834455
23858,0.14628738
23859,0.45794353
23861,0.13143763
23863,0.16961634
23864,0.14803636
23865,0.12286237
23866,0.12755717
23867,0.12850077
23868,0.15323178
23869,0.023753116
23872,0.138533
23875,0.12198758
23876,0.14735004
23878,0.13965735
23879,0.11938758
23880,0.24122958
23881,0.15037921
23883,0.15251125
23884,0.12846127
23885,0.1667208
23889,0.23388317
23890,0.13054714
23891,0.1271818
23892,0.14157952
23893,0.1842059
23894,0.12603094
23895,0.13794516
23896,0.084109694
23897,0.14061335
23898,0.16772288
23899,0.06403535
23900,0.07615646
23901,0.16635412
23904,0.15555002
23906,0.24917512
23908,0.16258933
23909,0.14555678
23910,0.221223
23911,0.16049975
23912,0.15663685
23913,0.16729677
23914,0.28314686
23915,0.14938883
23916,0.16721642
23917,0.1746588
23918,0.092532225
23919,0.2459696
23920,0.11564383
23921,0.1532118
23922,0.21865131
23923,0.21855736
23924,0.14331643
23926,0.14018877
23928,0.23835915
23929,0.27905872
23930,0.1499988
23931,0.05367678
23932,0.11205976
23933,0.1504357
23935,0.18530014
23936,0.10643364
23937,0.1426609
23938,0.23066181
23939,0.13277172
23940,0.38205373
23941,0.10865245
23942,0.13167584
23943,0.02120629
23945,0.13533537
23946,0.094561726
23947,0.13782284
23948,0.29220065
23949,0.15716913
23950,0.140787
23951,0.1379743
23953,0.18857796
23955,0.05209438
23956,0.14918713
23957,0.229673
23958,0.13855228
23959,0.39717487
23960,0.1323826
23961,0.16604252
23962,0.09071974
23963,0.1270791
23965,0.18589208
23966,0.023768082
23967,0.13704684
23968,0.0671159
23969,0.06864194
23970,0.27817062
23971,0.12817962
23972,0.29512987
23973,0.16072519
23974,0.20713341
23975,0.04644199
23977,0.12386695
23978,0.11956971
23979,0.0998686
23980,0.13745299
23981,0.14162336
23982,0.1295284
23983,0.049207423
23984,0.048560604
23985,0.14817071
23987,0.25886154
23989,0.13972609
23990,0.25236824
23991,0.24513872
23992,0.106369495
23993,0.14137219
23994,0.12237039
23995,0.2882004
23996,0.22883998
23998,0.14812884
23999,0.056726065
24000,0.11537851
24001,0.21424213
24002,0.1592585
24003,0.10381965
24004,0.05706646
24005,0.14342164
24006,0.11779061
24007,0.14148302
24008,0.117581956
24010,0.15889226
24012,0.10812467
24014,0.21877201
24015,0.32363555
24016,0.39660597
24018,0.110106796
24019,0.14453271
24020,0.18290702
24021,0.15539864
24022,0.21538056
24024,0.17653942
24026,0.18918733
24028,0.1452365
24029,0.13533846
24030,0.18607607
24031,0.14397535
24033,0.043803666
24034,0.38316274
24035,0.24950151
24036,0.14497234
24038,0.1349695
24039,0.162593
24040,0.058478206
24041,0.120501764
24043,0.20481348
24045,0.2968145
24046,0.13488963
24047,0.11151365
24048,0.21859023
24049,0.22479932
24050,0.4320831
24053,0.017505653
24054,0.017964898
24055,0.12405261
24057,0.13282329
24059,0.20096606
24060,0.15009412
24061,0.14586776
24062,0.17479749
24063,0.1772022
24064,0.42614993
24065,0.25892115
24066,0.12587847
24067,0.05649739
24068,0.16779101
24070,0.17344107
24071,0.10738772
24072,0.225092
24073,0.063501626
24076,0.11388932
24077,0.114979446
24078,0.13052881
24079,0.114992514
24080,0.12665628
24081,0.13678712
24082,0.05591019
24083,0.10247959
24085,0.18288052
24086,0.1257915
24087,0.17699254
24088,0.18659422
24089,0.18605587
24090,0.45344475
24092,0.12546842
24093,0.14857076
24094,0.024895035
24096,0.16105917
24097,0.1208955
24098,0.13584046
24099,0.12589727
24100,0.15703902
24101,0.11455137
24102,0.25120452
24103,0.15610993
24104,0.13188456
24105,0.15665813
24106,0.16330218
24107,0.14309941
24108,0.11839876
24109,0.16481575
24110,0.04496077
24111,0.13307998
24112,0.13919194
24113,0.071285814
24114,0.13985823
24115,0.16994777
24116,0.074749954
24117,0.12809792
24118,0.14549032
24119,0.35360375
24120,0.07835597
24122,0.046944063
24123,0.14772296
24124,0.1387677
24126,0.16445354
24127,0.2292464
24128,0.34202513
24129,0.13089585
24130,0.13670307
24131,0.024245948
24132,0.3549262
24133,0.060712907
24135,0.11951789
24136,0.08319394
24137,0.10602577
24138,0.24593236
24139,0.13891721
24140,0.13809964
24141,0.055932894
24143,0.12959866
24144,0.12097869
24145,0.12769128
24146,0.046540126
24147,0.17309262
24148,0.21801502
24149,0.12621093
24150,0.15267488
24151,0.15394853
24152,0.17740116
24153,0.14005598
24154,0.12650792
24155,0.13228117
24156,0.11744683
24157,0.12679783
24158,0.25159922
24159,0.31323543
24160,0.1995725
24161,0.1328037
24162,0.06353864
24163,0.12825523
24166,0.406214
24167,0.13187978
24168,0.25361848
24169,0.18431182
24172,0.1506003
24173,0.15935136
24174,0.057401348
24177,0.056146506
24178,0.43210533
24180,0.30604494
24181,0.1654637
24182,0.14022455
24183,0.15761672
24184,0.16883773
24185,0.08198113
24187,0.15533814
24189,0.14229427
24190,0.36999583
24191,0.19332375
24193,0.07456071
24195,0.2527355
24196,0.12703396
24198,0.15940703
24200,0.33416048
24201,0.13372336
24203,0.12273194
24204,0.15552518
24206,0.16368847
24207,0.23506482
24208,0.15862264
24209,0.15920332
24210,0.120401934
24212,0.13560003
24213,0.16464725
24214,0.1593766
24215,0.17797358
24216,0.29895902
24219,0.13177855
24220,0.16099598
24223,0.20247203
24224,0.12712331
24225,0.09548566
24226,0.2613293
24227,0.12979448
24228,0.103413306
24229,0.12332303
24230,0.122540876
24231,0.23443313
24232,0.069879085
24233,0.12338823
24234,0.150938
24235,0.064215735
24236,0.4045332
24237,0.10878466
24239,0.17018588
24241,0.12622778
24242,0.07052807
24244,0.12954053
24245,0.25473085
24246,0.16721846
24248,0.17012969
24249,0.16469058
24250,0.23070738
24251,0.09914089
24252,0.11791776
24253,0.1337912
24255,0.27526283
24257,0.15064354
24259,0.12314506
24260,0.14054109
24261,0.1358631
24263,0.14206725
24264,0.12300136
24265,0.13704422
24266,0.1467822
24267,0.11787981
24268,0.34075215
24270,0.1782995
24271,0.13833071
24272,0.061856803
24274,0.22757067
24275,0.13848054
24277,0.1760746
24278,0.05563288
24280,0.11702567
24281,0.135458
24283,0.15264486
24286,0.17089842
24287,0.15269507
24288,0.1385311
24289,0.14462467
24291,0.16052742
24292,0.21336906
24293,0.037967354
24295,0.1152949
24296,0.10564363
24297,0.2172555
24298,0.19225885
24299,0.17154124
24300,0.1308178
24301,0.12263245
24302,0.14518176
24303,0.374362
24304,0.2577884
24305,0.116743095
24306,0.15706362
24307,0.12636784
24308,0.16640425
24309,0.06486905
24310,0.1375476
24311,0.11345595
24312,0.15413213
24313,0.13195814
24314,0.13412301
24315,0.10717495
24316,0.123013794
24318,0.078071766
24319,0.23411648
24320,0.1425936
24321,0.15093516
24322,0.29547027
24323,0.25415453
24324,0.1577635
24325,0.44353294
24327,0.16704701
24329,0.27131552
24330,0.14711624
24331,0.16842467
24332,0.14452966
24333,0.3678304
24334,0.13740762
24335,0.2393814
24338,0.1377482
24339,0.0473256
24340,0.12693365
24343,0.36449262
24344,0.04802042
24345,0.12129204
24346,0.1303003
24348,0.24359639
24349,0.15332824
24351,0.154365
24352,0.24961774
24353,0.11159829
24354,0.3433605
24355,0.15787856
24356,0.1425949
24357,0.11113803
24358,0.23203152
24359,0.13573943
24361,0.17066637
24362,0.096238054
24363,0.05570284
24364,0.11694865
24365,0.28061143
24367,0.1535241
24368,0.025643123
24369,0.12204358
24372,0.15779787
24373,0.1341633
24374,0.13036829
24375,0.114746824
24377,0.22254288
24378,0.09121484
24379,0.34658292
24380,0.13116509
24381,0.14682591
24382,0.116632774
24383,0.14355694
24384,0.06969433
24385,0.09753349
24386,0.06389157
24387,0.14314012
24388,0.13218059
24389,0.109890476
24390,0.053275514
24392,0.1419743
24394,0.18096676
24395,0.24495816
24396,0.346484
24398,0.15480848
24399,0.05364264
24400,0.055280376
24401,0.09869415
24402,0.11753457
24403,0.12720382
24404,0.14067784
24405,0.17416558
24406,0.30115125
24407,0.15801395
24408,0.1242497
24409,0.13730499
24410,0.04928689
24411,0.0861448
24412,0.068757884
24413,0.059913028
24414,0.14139009
24416,0.2589151
24417,0.18205473
24419,0.13335313
24420,0.11293324
24421,0.07360884
24422,0.08090688
24425,0.27554736
24426,0.065719
24427,0.2535022
24429,0.2019697
24432,0.11672328
24433,0.09879825
24434,0.15187338
24435,0.35413402
24436,0.1916174
24437,0.12690689
24439,0.12879081
24440,0.12308463
24441,0.17883497
24442,0.20598647
24443,0.10514012
24444,0.127232
24445,0.15503861
24446,0.11325805
24447,0.23113354
24449,0.11801651
24450,0.11825806
24451,0.15389372
24452,0.14207669
24453,0.1452954
24454,0.060893107
24456,0.15779716
24457,0.13071413
24458,0.15858793
24459,0.0547939
24460,0.14014404
24461,0.16685398
24462,0.113238566
24464,0.15010458
24465,0.071076
24466,0.13439102
24467,0.1590655
24468,0.13041705
24469,0.12538813
24474,0.16639762
24475,0.049856428
24476,0.17068055
24477,0.18440403
24478,0.27218887
24480,0.1802221
24481,0.11516541
24483,0.123871006
24484,0.1419102
24485,0.17995562
24486,0.23514113
24487,0.1493501
24488,0.13939603
24489,0.15411837
24491,0.1501506
24492,0.19407837
24494,0.02688669
24496,0.13308933
24497,0.13532233
24499,0.08585095
24501,0.14713882
24502,0.22081427
24503,0.3990981
24504,0.21273269
24505,0.2630717
24506,0.1489996
24507,0.15191771
24508,0.08850682
24509,0.11169853
24510,0.1548701
24511,0.2458386
24512,0.06260173
24513,0.18606247
24514,0.12470669
24515,0.13630776
24517,0.25887808
24518,0.054081973
24520,0.06759696
24521,0.07804181
24523,0.14925921
24524,0.05557962
24526,0.09721677
24527,0.12051145
24528,0.108093575
24530,0.12329339
24531,0.20443524
24532,0.31609595
24533,0.128046
24534,0.16411708
24535,0.22043462
24536,0.17088318
24538,0.1473328
24539,0.10601423
24540,0.28341302
24541,0.13443282
24543,0.17428277
24544,0.15232128
24546,0.16270575
24547,0.191626
24548,0.1693929
24549,0.14820887
24550,0.3640747
24551,0.13197832
24552,0.15510261
24554,0.23990548
24555,0.27166143
24556,0.13528943
24558,0.20173408
24559,0.35498646
24560,0.12974451
24561,0.108305864
24562,0.22557312
24563,0.17922677
24564,0.17639601
24567,0.13225436
24568,0.14975235
24569,0.17297359
24570,0.16127841
24571,0.12251812
24572,0.34724808
24573,0.264381
24575,0.24963726
24576,0.13021284
24577,0.16017821
24578,0.25077486
24579,0.07794388
24581,0.15062246
24582,0.12658742
24583,0.11651833
24587,0.15085483
24588,0.13811038
24589,0.15442567
24591,0.16731057
24592,0.05683515
24593,0.14921679
24594,0.16636223
24595,0.2847131
24596,0.12961759
24597,0.12729332
24599,0.107415296
24600,0.17289937
24601,0.17204309
24603,0.35763487
24604,0.15359512
24605,0.12887193
24608,0.14669353
24609,0.15241085
24610,0.091030955
24613,0.15323925
24614,0.13816287
24615,0.1060604
24616,0.07314961
24618,0.2246243
24619,0.107832335
24620,0.16251943
24621,0.11242121
24622,0.11127921
24623,0.15992616
24624,0.21578369
24625,0.17632301
24628,0.16706032
24629,0.16489896
24630,0.24971803
24631,0.19624221
24632,0.21131273
24633,0.15287258
24634,0.20487723
24635,0.18007033
24636,0.145732
24637,0.23730703
24638,0.060976468
24639,0.13867892
24640,0.13616164
24641,0.11452385
24642,0.05045088
24643,0.14828475
24644,0.11190127
24645,0.109436385
24646,0.13457623
24647,0.11486122
24648,0.3178742
24649,0.17256977
24650,0.08841648
24651,0.11765833
24652,0.1392091
24653,0.40143698
24654,0.23265246
24655,0.2078002
24656,0.1330508
24657,0.10937431
24658,0.087602764
24659,0.12264431
24660,0.148626
24661,0.32110673
24662,0.13474536
24663,0.28149304
24664,0.09480319
24665,0.119930655
24666,0.15447268
24667,0.11559322
24668,0.14457184
24669,0.1035452
24670,0.35444507
24671,0.16057806
24672,0.4683101
24673,0.14879833
24674,0.114928596
24675,0.14395824
24676,0.1569965
24677,0.26643172
24678,0.12714076
24679,0.11807714
24680,0.12059795
24681,0.13258608
24682,0.12313047
24683,0.2111225
24684,0.33439746
24685,0.13696465
24686,0.20064525
24687,0.14454865
24688,0.1213861
24689,0.13950531
24690,0.12313834
24691,0.15015307
24692,0.08154518
24693,0.19838825
24694,0.14567037
24695,0.21465546
24696,0.20413576
24697,0.1722666
24698,0.12804894
24699,0.08446662
24700,0.04969114
24701,0.13936548
24702,0.39192846
24703,0.13377288
24704,0.12352115
24705,0.28134018
24706,0.14701943
24707,0.11187913
24708,0.14661741
24709,0.1381945
24710,0.113565385
24711,0.13950725
24712,0.13737255
24713,0.10066
24714,0.35265052
24715,0.050293427
24716,0.058937106
24717,0.20051944
24718,0.11893393
24719,0.13387828
24720,0.1921538
24721,0.16324282
24722,0.14894442
24723,0.10931933
24724,0.0541851
24725,0.3898104
24726,0.15494622
24727,0.1204334
24728,0.09631218
24729,0.12557693
24730,0.14915062
24731,0.11825289
24732,0.3950075
24733,0.11081707
24734,0.1268887
24735,0.13700753
24736,0.41279626
24737,0.3339324
24738,0.22087896
24739,0.22906691
24740,0.13951986
24741,0.15448822
24742,0.13980599
24743,0.070295244
24744,0.1290714
24745,0.11805244
24746,0.18100299
24747,0.11811584
24748,0.14698263
24749,0.1706938
24750,0.022948433
24751,0.12945826
24752,0.13973358
24753,0.11532328
24754,0.2911674
24755,0.4059971
24756,0.17076322
24757,0.23602952
24758,0.06637737
24759,0.15509404
24760,0.11406851
24761,0.1283685
24762,0.15613648
24763,0.06290698
24764,0.11269553
24765,0.13937889
24766,0.14411524
24767,0.1435153
24768,0.14607672
24769,0.15547559
24770,0.14060989
24771,0.1545789
24772,0.11233777
24773,0.07579244
24774,0.22316585
24775,0.25982684
24776,0.17771703
24777,0.06631502
24778,0.14035028
24779,0.15942408
24780,0.15459783
24781,0.10698542
24782,0.059325792
24783,0.13286369
24784,0.3320951
24785,0.10199999
24786,0.105439946
24787,0.096711144
24788,0.3494384
24789,0.1646851
24790,0.26353166
24791,0.1516542
24792,0.18075223
24793,0.12663388
24794,0.21644795
24795,0.39114308
24796,0.09011764
24797,0.1276709
24798,0.1467191
24799,0.14061813
24800,0.30190608
24801,0.36586848
24802,0.3533038
24803,0.116811424
24804,0.18372397
24805,0.15415028
24806,0.11942405
24807,0.109764755
24808,0.110466
24809,0.19204105
24810,0.38656852
24811,0.38309586
24812,0.10368253
24813,0.11892328
24814,0.14943752
24815,0.112600364
24816,0.1165795
24817,0.11948302
24818,0.09952945
24819,0.14721149
24820,0.05395327
24821,0.36436725
24822,0.13016832
24823,0.2529523
24824,0.12961578
24825,0.13242535
24826,0.12884727
24827,0.23079343
24828,0.17395414
24829,0.11341123
24830,0.09996679
24831,0.15919605
24832,0.107134916
24833,0.09730844
24834,0.17790647
24835,0.1439518
24836,0.17240635
24837,0.24203832
24838,0.13089648
24839,0.34085694
24840,0.16536924
24841,0.1283765
24842,0.026180036
24843,0.11465373
24844,0.12399153
24845,0.06559994
24846,0.1501544
24847,0.28159398
24848,0.16535053
24849,0.17503153
24850,0.13600986
24851,0.14861968
24852,0.10897915
24853,0.12354316
24854,0.1281188
24855,0.05278978
24856,0.12865819
24857,0.39290988
24858,0.050088193
24859,0.40960452
24860,0.32559416
24861,0.12791932
24862,0.16794416
24863,0.21780527
24864,0.33840054
24865,0.024473704
24866,0.128224
24867,0.23018163
24868,0.1252884
24869,0.16276208
24870,0.1374685
24871,0.1336041
24872,0.12216995
24873,0.30603048
24874,0.111948386
24875,0.19417664
24876,0.15987337
24877,0.11719922
24878,0.2852505
24879,0.12400186
24880,0.057574105
24881,0.13979673
24882,0.11307147
24883,0.25234002
24884,0.15045007
24885,0.121070296
24886,0.15122065
24887,0.100342296
24888,0.10990839
24889,0.11118312
24890,0.32054046
24891,0.13530275
24892,0.21919312
24893,0.085029684
24894,0.16987455
24895,0.16765349
24896,0.16244753
24897,0.052492023
24898,0.3320029
24899,0.15240985
24900,0.056603264
24901,0.20616427
24902,0.103127256
24903,0.14581206
24904,0.05415067
24905,0.15472001
24906,0.089991055
24907,0.14148507
24908,0.2062655
24909,0.12207831
24910,0.15025856
24911,0.17018619
24912,0.051028654
24913,0.15192327
24914,0.04601197
24915,0.1298875
24916,0.045025054
24917,0.12557445
24918,0.056445867
24919,0.1542304
24920,0.13934653
24921,0.15359373
24922,0.12491078
24923,0.29657695
24924,0.18593995
24925,0.108976714
24926,0.025183976
24927,0.20723887
24928,0.15694243
24929,0.31380662
24930,0.25175807
24931,0.32324982
24932,0.12315116
24933,0.16152923
24934,0.13075778
24935,0.16493168
24936,0.42009532
24937,0.14671396
24938,0.13582854
24939,0.18548393
24940,0.12332735
24941,0.16618471
24942,0.17576471
24943,0.05533633
24944,0.19110884
24945,0.4111311
24946,0.3576203
24947,0.38730913
24948,0.14988592
24949,0.13176471
24950,0.08207235
24951,0.36122176
24952,0.055842407
24953,0.18981862
24954,0.16935667
24955,0.111696295
24956,0.1489767
24957,0.14791465
24958,0.054244567
24959,0.14416522
24960,0.13214436
24961,0.17552567
24962,0.34020624
24963,0.15332083
24964,0.10727236
24965,0.15531264
24966,0.1116168
24967,0.04698011
24968,0.3118144
24969,0.12844275
24970,0.22645748
24971,0.16259992
24972,0.063322
24973,0.13045736
24974,0.32401603
24975,0.119693704
24976,0.2531927
24977,0.101518854
24978,0.15530369
24979,0.13093717
24980,0.04866135
24981,0.16295624
24982,0.25055277
24983,0.1561582
24984,0.14814378
24985,0.11263546
24986,0.117074594
24987,0.14555357
24988,0.11703596
24989,0.23056047
24990,0.19577624
24991,0.20431711
24992,0.27222058
24993,0.25369847
24994,0.123006105
24995,0.12793066
24996,0.04748241
24997,0.1346947
24998,0.19634904
24999,0.1200777
25000,0.14001574
25001,0.11367538
25002,0.104083166
25003,0.13389143
25004,0.18746433
25005,0.14155251
25006,0.12955625
25007,0.021412577
25008,0.1412295
25009,0.18666707
25010,0.12776625
25011,0.12929755
25012,0.050526097
25013,0.19565436
25014,0.14407726
25015,0.14140372
25016,0.17498465
25017,0.38606256
25018,0.11100406
25019,0.11811073
25020,0.17587435
25021,0.105606385
25022,0.12444511
25023,0.15000346
25024,0.1346944
25025,0.1481235
25026,0.3681704
25027,0.14520316
25028,0.053351406
25029,0.14392728
25030,0.1275678
25031,0.39826328
25032,0.05223512
25033,0.1221258
25034,0.19383198
25035,0.17546417
25036,0.14149779
25037,0.40378767
25038,0.11895789
25039,0.32842624
25040,0.06602581
25041,0.28176233
25042,0.18447343
25043,0.12689614
25044,0.15932088
25045,0.18864454
25046,0.30388525
25047,0.07633703
25048,0.23539464
25049,0.37441868
25050,0.21152881
25051,0.14105177
25052,0.1332782
25053,0.059151817
25054,0.2352958
25055,0.14967167
25056,0.15429178
25057,0.16536357
25058,0.12849773
25059,0.150261
25060,0.19719402
25061,0.10229387
25062,0.12758783
25063,0.34936324
25064,0.24597992
25065,0.05060612
25066,0.14280966
25067,0.15984283
25068,0.15335523
25069,0.1669974
25070,0.29896143
25071,0.11774782
25072,0.15017925
25073,0.36076337
25074,0.13568819
25075,0.16030566
25076,0.13913903
25077,0.15933567
25078,0.088551775
25079,0.15070967
25080,0.36973622
25081,0.11148119
25082,0.23500627
25083,0.13806137
25084,0.12915827
25085,0.29285553
25086,0.11524449
25087,0.31081763
25088,0.09539916
25089,0.19711763
25090,0.105547756
25091,0.3604965
25092,0.20697412
25093,0.3208203
25094,0.21566321
25095,0.18820453
25096,0.13532028
25097,0.37310693
25098,0.31398696
25099,0.20062
25100,0.22153421
25101,0.11495382
25102,0.23200668
25103,0.1781833
25104,0.14276996
25105,0.15689634
25106,0.11420827
25107,0.12788492
25108,0.39642537
25109,0.114865236
25110,0.14840846
25111,0.11919229
25112,0.12808098
25113,0.24511936
25114,0.14329033
25115,0.20295937
25116,0.252817
25117,0.13359323
25118,0.21536799
25119,0.1344145
25120,0.05907713
25121,0.13400154
25122,0.2695295
25123,0.16592874
25124,0.15081844
25125,0.18545176
25126,0.3472466
25127,0.20837754
25128,0.4399321
25129,0.14462875
25130,0.1380174
25131,0.11796683
25132,0.1823837
25133,0.17536306
25134,0.060429644
25135,0.15201576
25136,0.13324909
25137,0.107813
25138,0.11280214
25139,0.104502864
25140,0.10996062
25141,0.1321097
25142,0.16977572
25143,0.038290408
25144,0.12376232
25145,0.14065294
25146,0.20046155
25147,0.15284671
25148,0.20973852
25149,0.24258818
25150,0.11048687
25151,0.14205883
25152,0.06242273
25153,0.13297059
25154,0.40006533
25155,0.13082747
25156,0.15145421
25157,0.109038316
25158,0.15673345
25159,0.13324012
25160,0.14377418
25161,0.18953685
25162,0.14026868
25163,0.13835067
25164,0.1391909
25165,0.11688558
25166,0.053724468
25167,0.1636746
25168,0.25508377
25169,0.023136904
25170,0.15521772
25171,0.23145546
25172,0.13873595
25173,0.05217685
25174,0.1898916
25175,0.14741114
25176,0.049845327
25177,0.1661911
25178,0.14589286
25179,0.15280439
25180,0.1754571
25181,0.0939016
25182,0.36890808
25183,0.13937756
25184,0.10285849
25185,0.17930995
25186,0.1570137
25187,0.118362635
25188,0.12257544
25189,0.12220707
25190,0.16703065
25191,0.3072232
25192,0.48026004
25193,0.17170131
25194,0.20589055
25195,0.32477543
25196,0.12449564
25197,0.12311707
25198,0.05143732
25199,0.21400931
25200,0.116920315
25201,0.31951737
25202,0.11595477
25203,0.11391208
25204,0.09084479
25205,0.2716405
25206,0.117216535
25207,0.13448502
25208,0.0998034
25209,0.21937744
25210,0.12431312
25211,0.086719476
25212,0.3417256
25213,0.114988
25214,0.12107661
25215,0.13441545
25216,0.25698987
25217,0.21228732
25218,0.116162665
25219,0.14187688
25220,0.13780546
25221,0.25271076
25222,0.15840581
25223,0.13949084
25224,0.12986317
25225,0.19509295
25226,0.34115258
25227,0.10859211
25228,0.16223036
25229,0.15059541
25230,0.19461185
25231,0.110210985
25232,0.11774857
25233,0.1376621
25234,0.33712098
25235,0.13011023
25236,0.16825725
25237,0.308963
25238,0.28044075
25239,0.14503148
25240,0.33562374
25241,0.13446955
25242,0.13261873
25243,0.12892249
25244,0.34556338
25245,0.14554633
25246,0.12140464
25247,0.18077712
25248,0.020199116
25249,0.14175849
25250,0.112466134
25251,0.12890145
25252,0.17805393
25253,0.05549023
25254,0.18555057
25255,0.21941772
25256,0.112005286
25257,0.09813154
25258,0.120489165
25259,0.1251104
25260,0.25023213
25261,0.25500888
25262,0.16328026
25263,0.107900694
25264,0.11623692
25265,0.10890828
25266,0.13554814
25267,0.12648016
25268,0.10601427
25269,0.23673612
25270,0.11182807
25271,0.043261167
25272,0.11122404
25273,0.3927829
25274,0.0981848
25275,0.29421195
25276,0.12381984
25277,0.15959305
25278,0.202346
25279,0.17518003
25280,0.34169638
25281,0.22762355
25282,0.12444598
25283,0.18411416
25284,0.20177771
25285,0.12649696
25286,0.116955005
25287,0.058433104
25288,0.11753249
25289,0.17420349
25290,0.121021345
25291,0.1784571
25292,0.11463819
25293,0.20377754
25294,0.26410025
25295,0.13803862
25296,0.11523088
25297,0.12197656
25298,0.057786383
25299,0.10611663
25300,0.046738848
25301,0.14913289
25302,0.11792346
25303,0.15397842
25304,0.15179874
25305,0.23451038
25306,0.16155584
25307,0.10684794
25308,0.08829904
25309,0.12269244
25310,0.1267436
25311,0.1919112
25312,0.11544133
25313,0.12539525
25314,0.13443421
25315,0.18175392
25316,0.054028053
25317,0.12399477
25318,0.19196549
25319,0.103390254
25320,0.25332016
25321,0.12878045
25322,0.1566771
25323,0.16325434
25324,0.23701823
25325,0.13836253
25326,0.23189318
25327,0.21573396
25328,0.18169273
25329,0.11883548
25330,0.16049725
25331,0.020683687
25332,0.19206333
25333,0.1350452
25334,0.32267055
25335,0.20000944
25336,0.32762846
25337,0.21818708
25338,0.08991695
25339,0.23172121
25340,0.11238851
25341,0.17625953
25342,0.1217879
25343,0.3723386
25344,0.1802878
25345,0.12283606
25346,0.16091359
25347,0.13431695
25348,0.16799212
25349,0.12907316
25350,0.14487661
25351,0.11520552
25352,0.057061262
25353,0.11707742
25354,0.15434626
25355,0.19840069
25356,0.10922885
25357,0.0674315
25358,0.2288899
25359,0.35442418
25360,0.12748292
25361,0.12743568
25362,0.25374156
25363,0.113812335
25364,0.12683685
25365,0.13080712
25366,0.34360507
25367,0.13602245
25368,0.119253665
25369,0.116048686
25370,0.117189445
25371,0.13174638
25372,0.13061258
25373,0.23192522
25374,0.23274499
25375,0.2726331
25376,0.11510024
25377,0.3832812
25378,0.12397021
25379,0.12147544
25380,0.043570776
25381,0.066044495
25382,0.1619716
25383,0.13439624
25384,0.08603691
25385,0.11854792
25386,0.3318984
25387,0.08654147
25388,0.1415574
25389,0.09630541
25390,0.23217477
25391,0.09857136
25392,0.16677268
25393,0.12453985
25394,0.117993325
25395,0.29736334
25396,0.13429049
25397,0.06921187
25398,0.13674678
25399,0.120299935
25400,0.13952485
25401,0.1845746
25402,0.21033688
25403,0.24411404
25404,0.14078768
25405,0.10629481
25406,0.08578294
25407,0.1710524
25408,0.15689972
25409,0.106480196
25410,0.30305123
25411,0.13558388
25412,0.32942498
25413,0.18883812
25414,0.19832917
25415,0.15121673
25416,0.11873706
25417,0.119524635
25418,0.22411524
25419,0.12952471
25420,0.10823971
25421,0.116334304
25422,0.19376007
25423,0.45764118
25424,0.14823101
25425,0.1201216
25426,0.2491887
25427,0.16892098
25428,0.14529549
25429,0.21866421
25430,0.10520315
25431,0.19184488
25432,0.14553285
25433,0.20150876
25434,0.13346206
25435,0.061606925
25436,0.10906669
25437,0.18920606
25438,0.1815345
25439,0.12119951
25440,0.25050613
25441,0.12943989
25442,0.13470899
25443,0.1137447
25444,0.3605221
25445,0.11644251
25446,0.37435293
25447,0.122201286
25448,0.10914944
25449,0.32638362
25450,0.122937255
25451,0.20477897
25452,0.065974265
25453,0.1057274
25454,0.1277799
25455,0.13116303
25456,0.11874798
25457,0.13091326
25458,0.10116058
25459,0.21995337
25460,0.049506847
25461,0.13457146
25462,0.14012055
25463,0.14522743
25464,0.3570037
25465,0.3775931
25466,0.24941911
25467,0.15202495
25468,0.12611263
25469,0.12573954
25470,0.20875418
25471,0.14885889
25472,0.111350045
25473,0.1269764
25474,0.104851626
25475,0.18107289
25476,0.13321884
25477,0.38110092
25478,0.14482002
25479,0.38631928
25480,0.24494302
25481,0.12649268
25482,0.22509326
25483,0.12009009
25484,0.14157788
25485,0.14030088
25486,0.19926219
25487,0.3845206
25488,0.19807172
25489,0.12008778
25490,0.13291137
25491,0.10309852
25492,0.16752797
25493,0.13868828
25494,0.13626336
25495,0.06553421
25496,0.056457184
25497,0.13281368
25498,0.0641509
25499,0.1374334
25500,0.22775035
25501,0.07925094
25502,0.11403861
25503,0.15466848
25504,0.30343312
25505,0.050604347
25506,0.13742708
25507,0.056757662
25508,0.15582539
25509,0.120651565
25510,0.19955307
25511,0.1305949
25512,0.46901315
25513,0.28877345
25514,0.22525549
25515,0.1351744
25516,0.17254074
25517,0.039179254
25518,0.19226572
25519,0.13825007
25520,0.11773704
25521,0.12565069
25522,0.14957154
25523,0.20115015
25524,0.10873472
25525,0.10368041
25526,0.06494724
25527,0.10792936
25528,0.22090101
25529,0.13238186
25530,0.06448274
25531,0.088839345
25532,0.14740476
25533,0.122990206
25534,0.14228106
25535,0.32671234
25536,0.25982684
25537,0.25447077
25538,0.13130023
25539,0.13137391
25540,0.12956728
25541,0.13149926
25542,0.16340084
25543,0.09074231
25544,0.13224365
25545,0.13939808
25546,0.15960644
25547,0.13133392
25548,0.108250685
25549,0.069457024
25550,0.16152741
25551,0.115792766
25552,0.13745028
25553,0.40640733
25554,0.061156884
25555,0.03606371
25556,0.13460857
25557,0.19497453
25558,0.11862404
25559,0.15821242
25560,0.12818517
25561,0.06356542
25562,0.18563725
25563,0.124722816
25564,0.085629664
25565,0.14561908
25566,0.12495594
25567,0.14182943
25568,0.1332007
25569,0.12995711
25570,0.15963037
25571,0.24466997
25572,0.11797317
25573,0.2082495
25574,0.11041168
25575,0.17230558
25576,0.1272431
25577,0.18909034
25578,0.17535375
25579,0.098442025
25580,0.20777075
25581,0.26881513
25582,0.09268544
25583,0.14459936
25584,0.1572747
25585,0.1284779
25586,0.21928282
25587,0.26605856
25588,0.27132037
25589,0.18098761
25590,0.119017735
25591,0.13491789
25592,0.095849246
25593,0.14529254
25594,0.14519568
25595,0.08077453
25596,0.26751342
25597,0.02131364
25598,0.21682426
25599,0.097868286
25600,0.16241243
25601,0.1168038
25602,0.15342376
25603,0.2137943
25604,0.1446996
25605,0.08294465
25606,0.13293503
25607,0.11094556
25608,0.19125225
25609,0.16672455
25610,0.11662939
25611,0.09010697
25612,0.1210855
25613,0.1515318
25614,0.25681633
25615,0.112926394
25616,0.10647866
25617,0.14735489
25618,0.30553654
25619,0.22899908
25620,0.39057097
25621,0.13686869
25622,0.16163819
25623,0.14588647
25624,0.15350626
25625,0.15430583
25626,0.13318804
25627,0.37004304
25628,0.04080571
25629,0.04423847
25630,0.17044806
25631,0.22975871
25632,0.11642993
25633,0.11259783
25634,0.13247395
25635,0.11428614
25636,0.13584138
25637,0.049571104
25638,0.14811353
25639,0.11696583
25640,0.16621184
25641,0.1365134
25642,0.13112828
25643,0.133937
25644,0.24335967
25645,0.1094696
25646,0.15926954
25647,0.14112024
25648,0.13392597
25649,0.2030175
25650,0.14822282
25651,0.16160795
25652,0.29175365
25653,0.11684613
25654,0.14566417
25655,0.31617296
25656,0.36559117
25657,0.12867104
25658,0.062705964
25659,0.12726104
25660,0.18070427
25661,0.18375301
25662,0.14289892
25663,0.10375932
25664,0.23661688
25665,0.17415278
25666,0.05258566
25667,0.09705547
25668,0.12662332
25669,0.26097304
25670,0.14153704
25671,0.14599234
25672,0.1757232
25673,0.042724773
25674,0.09672229
25675,0.14868766
25676,0.1748778
25677,0.099643804
25678,0.19777156
25679,0.14661802
25680,0.13324963
25681,0.12265611
25682,0.13475206
25683,0.40103793
25684,0.16045907
25685,0.1302137
25686,0.16942373
25687,0.115431815
25688,0.24622715
25689,0.15835431
25690,0.12804914
25691,0.10841711
25692,0.12596554
25693,0.14739177
25694,0.15791284
25695,0.117096975
25696,0.13290966
25697,0.37182695
25698,0.11146954
25699,0.052802976
25700,0.16316059
25701,0.17619793
25702,0.15353699
25703,0.22617875
25704,0.32593513
25705,0.13083512
25706,0.13743117
25707,0.21396877
25708,0.22583586
25709,0.118807256
25710,0.06991565
25711,0.19294448
25712,0.21310887
25713,0.064379394
25714,0.053064197
25715,0.15889876
25716,0.107118934
25717,0.020017734
25718,0.13119477
25719,0.20095955
25720,0.16932394
25721,0.22140723
25722,0.3035286
25723,0.128237
25724,0.15092228
25725,0.14462997
25726,0.05749903
25727,0.13379857
25728,0.10924539
25729,0.115090705
25730,0.13846467
25731,0.1699367
25732,0.14215547
25733,0.096440434
25734,0.24064612
25735,0.10133479
25736,0.10257507
25737,0.1238814
25738,0.21206777
25739,0.058494445
25740,0.11646885
25741,0.12754132
25742,0.1281107
25743,0.1160132
25744,0.10612446
25745,0.08662171
25746,0.13989079
25747,0.09975522
25748,0.12140323
25749,0.22416598
25750,0.10355412
25751,0.3393982
25752,0.148782
25753,0.3668956
25754,0.12420678
25755,0.024953367
25756,0.22001669
25757,0.16201048
25758,0.10067735
25759,0.24407054
25760,0.1167374
25761,0.13275966
25762,0.09962441
25763,0.10766703
25764,0.11663083
25765,0.124543816
25766,0.13598521
25767,0.4266704
25768,0.13528116
25769,0.13985927
25770,0.045599554
25771,0.25540927
25772,0.08940441
25773,0.09985011
25774,0.37899855
25775,0.13977921
25776,0.105869226
25777,0.20858388
25778,0.20781642
25779,0.15217194
25780,0.19933128
25781,0.15920284
25782,0.1150401
25783,0.14425313
25784,0.10094754
25785,0.04885782
25786,0.14869776
25787,0.13016461
25788,0.40406573
25789,0.1397898
25790,0.13618971
25791,0.13766797
25792,0.14881398
25793,0.15989785
25794,0.12899092
25795,0.18065679
25796,0.14461854
25797,0.1947152
25798,0.1453958
25799,0.29500872
25800,0.1558171
25801,0.11057618
25802,0.28036487
25803,0.11827922
25804,0.026393918
25805,0.10957369
25806,0.100653425
25807,0.42611533
25808,0.13575229
25809,0.11398995
25810,0.12739524
25811,0.03849336
25812,0.11947362
25813,0.13435093
25814,0.31355834
25815,0.12084186
25816,0.15531693
25817,0.36437184
25818,0.055273578
25819,0.21155053
25820,0.11662243
25821,0.11970129
25822,0.14982802
25823,0.16772082
25824,0.07368309
25825,0.13708933
25826,0.13325565
25827,0.047436107
25828,0.2506621
25829,0.07701956
25830,0.111859255
25831,0.124042876
25832,0.13913769
25833,0.11489891
25834,0.22666717
25835,0.13668336
25836,0.36931053
25837,0.24184448
25838,0.106258675
25839,0.13021837
25840,0.20053805
25841,0.20016341
25842,0.15247174
25843,0.1311671
25844,0.16742894
25845,0.23977207
25846,0.06069414
25847,0.1484381
25848,0.071692094
25849,0.14671448
25850,0.11549219
25851,0.11049672
25852,0.14739637
25853,0.04127616
25854,0.09333132
25855,0.13632075
25856,0.12165358
25857,0.18526036
25858,0.21093288
25859,0.1214858
25860,0.1593452
25861,0.36360338
25862,0.24955249
25863,0.10033611
25864,0.115021974
25865,0.15730625
25866,0.22618783
25867,0.13441804
25868,0.25841552
25869,0.15963764
25870,0.18381275
25871,0.20993868
25872,0.071001455
25873,0.10555716
25874,0.12985398
25875,0.104560606
25876,0.1515467
25877,0.11522891
25878,0.20608465
25879,0.17894945
25880,0.15298136
25881,0.05111542
25882,0.1451838
25883,0.12326611
25884,0.112707354
25885,0.22411595
25886,0.3602494
25887,0.20852403
25888,0.12501787
25889,0.17903565
25890,0.13274528
25891,0.15522934
25892,0.13404189
25893,0.14456809
25894,0.3212184
25895,0.12701963
25896,0.20396918
25897,0.24689513
25898,0.12601784
25899,0.07682459
25900,0.12607855
25901,0.119152315
25902,0.14418785
25903,0.10212554
25904,0.15500699
25905,0.15628937
25906,0.10391777
25907,0.154302
25908,0.15658504
25909,0.13410659
25910,0.11696805
25911,0.1262251
25912,0.15159285
25913,0.23962757
25914,0.14288683
25915,0.109366484
25916,0.13653117
25917,0.1276168
25918,0.11895302
25919,0.066407256
25920,0.10587037
25921,0.17976475
25922,0.12255981
25923,0.15282492
25924,0.24275813
25925,0.1374947
25926,0.19776571
25927,0.13304491
25928,0.21549393
25929,0.10843806
25930,0.15464854
25931,0.10654099
25932,0.17298064
25933,0.14061347
25934,0.12113978
25935,0.05572263
25936,0.15090418
25937,0.096677326
25938,0.06752699
25939,0.22479354
25940,0.17122217
25941,0.12210749
25942,0.11041243
25943,0.15753461
25944,0.21392263
25945,0.10879829
25946,0.11548806
25947,0.19867535
25948,0.1504124
25949,0.3755225
25950,0.115569115
25951,0.11907151
25952,0.1316469
25953,0.15642661
25954,0.04560225
25955,0.16185686
25956,0.12949543
25957,0.12794851
25958,0.1350104
25959,0.23552428
25960,0.12015543
25961,0.13897163
25962,0.22369607
25963,0.10125058
25964,0.18888344
25965,0.15472329
25966,0.116214536
25967,0.13778146
25968,0.13132104
25969,0.12094153
25970,0.13315523
25971,0.064291045
25972,0.3195922
25973,0.057606857
25974,0.15299556
25975,0.14323698
25976,0.13846894
25977,0.2785034
25978,0.14871208
25979,0.15237162
25980,0.2779486
25981,0.3468866
25982,0.04023829
25983,0.047354974
25984,0.05000111
25985,0.23885724
25986,0.11939344
25987,0.12901258
25988,0.13026501
25989,0.13843808
25990,0.13241647
25991,0.1875946
25992,0.1051988
25993,0.24826452
25994,0.12916826
25995,0.13496493
25996,0.14016898
25997,0.16351658
25998,0.16195156
25999,0.20848398
26000,0.15670286
26001,0.11632235
26002,0.13539766
26003,0.13190867
26004,0.1192779
26005,0.15318614
26006,0.13105997
26007,0.10646931
26008,0.16815136
26009,0.13688202
26010,0.13926283
26011,0.05074537
26012,0.10934078
26013,0.12162652
26014,0.12159356
26015,0.15980828
26016,0.2139084
26017,0.23813908
26018,0.1545834
26019,0.052872244
26020,0.07542765
26021,0.20325309
26022,0.12770662
26023,0.13260184
26024,0.08006734
26025,0.17245206
26026,0.25577495
26027,0.38849047
26028,0.048309866
26029,0.038830336
26030,0.110513516
26031,0.13253666
26032,0.42008743
26033,0.114263594
26034,0.14842142
26035,0.063215755
26036,0.1271172
26037,0.21807598
26038,0.11701825
26039,0.15587746
26040,0.232382
26041,0.13988629
26042,0.055081468
26043,0.10395967
26044,0.13200495
26045,0.13788216
26046,0.14124607
26047,0.25317478
26048,0.14893124
26049,0.27017313
26050,0.14448962
26051,0.121413216
26052,0.047676362
26053,0.176332
26054,0.052533258
26055,0.13460572
26056,0.20720409
26057,0.15466915
26058,0.3270561
26059,0.16428319
26060,0.12209113
26061,0.14172292
26062,0.12033625
26063,0.12530036
26064,0.1422031
26065,0.1574032
26066,0.15296966
26067,0.06485517
26068,0.15581144
26069,0.12864512
26070,0.1933589
26071,0.10405134
26072,0.12710802
26073,0.14002724
26074,0.15759525
26075,0.13221338
26076,0.12518239
26077,0.26157752
26078,0.3886846
26079,0.17005977
26080,0.1582495
26081,0.14764875
26082,0.10180307
26083,0.13152996
26084,0.15006869
26085,0.12797087
26086,0.107431
26087,0.1003272
26088,0.1118571
26089,0.15665993
26090,0.16321708
26091,0.11790246
26092,0.23989494
26093,0.12033579
26094,0.12695734
26095,0.05786644
26096,0.13406235
26097,0.3634575
26098,0.45626023
26099,0.13749461
26100,0.11029104
26101,0.05440182
26102,0.14575404
26103,0.2174859
26104,0.322442
26105,0.06335302
26106,0.049579732
26107,0.13513239
26108,0.07075959
26109,0.13864425
26110,0.14880542
26111,0.12896064
26112,0.12551385
26113,0.13708459
26114,0.12992097
26115,0.08733168
26116,0.14405036
26117,0.1256451
26118,0.16520761
26119,0.12387445
26120,0.41629437
26121,0.13120662
26122,0.16619106
26123,0.13429116
26124,0.25628784
26125,0.124977686
26126,0.13722083
26127,0.08870904
26128,0.047877222
26129,0.1090583
26130,0.017869731
26131,0.13354084
26132,0.06441097
26133,0.30225897
26134,0.10613905
26135,0.16603196
26136,0.14720292
26137,0.1433636
26138,0.112253584
26139,0.1497357
26140,0.23127405
26141,0.06492926
26142,0.25343046
26143,0.14919704
26144,0.1958516
26145,0.14690585
26146,0.14646672
26147,0.021927202
26148,0.12580259
26149,0.13468523
26150,0.06022316
26151,0.1395879
26152,0.10712603
26153,0.09543754
26154,0.2526463
26155,0.14778988
26156,0.14560375
26157,0.14053011
26158,0.06150963
26159,0.14337656
26160,0.13370372
26161,0.26886153
26162,0.11445276
26163,0.13258871
26164,0.25088936
26165,0.21262446
26166,0.10870375
26167,0.12956925
26168,0.17545052
26169,0.074721135
26170,0.10993953
26171,0.13544953
26172,0.20679823
26173,0.119375475
26174,0.36616555
26175,0.053012405
26176,0.16277695
26177,0.35670763
26178,0.061688025
26179,0.123266965
26180,0.13569444
26181,0.124905616
26182,0.31933066
26183,0.1387253
26184,0.14374883
26185,0.20870331
26186,0.13933052
26187,0.14280747
26188,0.15962093
26189,0.053747952
26190,0.14994617
26191,0.12278839
26192,0.11416211
26193,0.14234602
26194,0.14440358
26195,0.09276389
26196,0.05170318
26197,0.1357402
26198,0.14612724
26199,0.15648594
26200,0.21586472
26201,0.10518835
26202,0.23921992
26203,0.18889126
26204,0.13310315
26205,0.3490969
26206,0.11946709
26207,0.16599144
26208,0.33879858
26209,0.24143395
26210,0.14547838
26211,0.43491727
26212,0.071731046
26213,0.17399944
26214,0.40346816
26215,0.18624394
26216,0.15282936
26217,0.1701375
26218,0.13394289
26219,0.20814778
26220,0.13326563
26221,0.15333478
26222,0.13613722
26223,0.13298206
26224,0.13353008
26225,0.13308315
26226,0.10293176
26227,0.13534844
26228,0.18566413
26229,0.1650214
26230,0.22225137
26231,0.05344238
26232,0.12801729
26233,0.15503757
26234,0.102709725
26235,0.21126717
26236,0.08535557
26237,0.109379396
26238,0.13519341
26239,0.23085071
26240,0.13435093
26241,0.11683094
26242,0.10559888
26243,0.14861894
26244,0.15059277
26245,0.14723347
26246,0.1556902
26247,0.097697936
26248,0.10385899
26249,0.26148638
26250,0.097142406
26251,0.2160077
26252,0.10375179
26253,0.12166707
26254,0.13211283
26255,0.16633101
26256,0.27104226
26257,0.12883364
26258,0.2634739
26259,0.31325054
26260,0.1308343
26261,0.13517301
26262,0.12830985
26263,0.1264282
26264,0.122468665
26265,0.13997911
26266,0.11846338
26267,0.13752212
26268,0.13561153
26269,0.12460983
26270,0.116633244
26271,0.23833564
26272,0.24763407
26273,0.16676427
26274,0.14378469
26275,0.1470693
26276,0.15494081
26277,0.1703198
26278,0.15130498
26279,0.14259414
26280,0.16621086
26281,0.07540011
26282,0.1692389
26283,0.24109203
26284,0.11995611
26285,0.2161335
26286,0.05665813
26287,0.13466845
26288,0.17795193
26289,0.14121522
26290,0.1320298
26291,0.12409887
26292,0.15380113
26293,0.14917785
26294,0.35872224
26295,0.04374803
26296,0.1218398
26297,0.13439004
26298,0.06918688
26299,0.106184974
26300,0.11740035
26301,0.22725075
26302,0.12332826
26303,0.09212664
26304,0.12181905
26305,0.23778275
26306,0.11703934
26307,0.09123609
26308,0.24324265
26309,0.2081788
26310,0.18275817
26311,0.456488
26312,0.15754725
26313,0.05671968
26314,0.122805096
26315,0.14423491
26316,0.10147474
26317,0.416249
26318,0.14732692
26319,0.1773299
26320,0.12560448
26321,0.13792966
26322,0.13385037
26323,0.17000318
26324,0.16827415
26325,0.17155963
26326,0.02825809
26327,0.051900554
26328,0.16384861
26329,0.15607129
26330,0.11481847
26331,0.43560106
26332,0.17660104
26333,0.053917784
26334,0.15701258
26335,0.25895944
26336,0.17474438
26337,0.1160347
26338,0.13343158
26339,0.12951952
26340,0.017364677
26341,0.050686214
26342,0.35947964
26343,0.13274923
26344,0.13383189
26345,0.122938566
26346,0.15748315
26347,0.12813902
26348,0.11829766
26349,0.12399566
26350,0.23859552
26351,0.12881997
26352,0.18167931
26353,0.051072903
26354,0.028653068
26355,0.15619874
26356,0.13792594
26357,0.114988826
26358,0.11023479
26359,0.029761106
26360,0.16827033
26361,0.11783441
26362,0.12204219
26363,0.07558153
26364,0.17303486
26365,0.11722375
26366,0.12127998
26367,0.21642293
26368,0.3817136
26369,0.15353915
26370,0.156986
26371,0.04995874
26372,0.2543889
26373,0.104982175
26374,0.13562964
26375,0.15164462
26376,0.117720574
26377,0.04913416
26378,0.13295682
26379,0.10062468
26380,0.114247315
26381,0.22525646
26382,0.2054217
26383,0.31596854
26384,0.050447203
26385,0.21930203
26386,0.21957234
26387,0.2654407
26388,0.1606011
26389,0.12197288
26390,0.13047893
26391,0.05915047
26392,0.12874845
26393,0.124843374
26394,0.15050563
26395,0.10932996
26396,0.14636254
26397,0.11610189
26398,0.12681007
26399,0.16901568
26400,0.046187554
26401,0.15667279
26402,0.22165936
26403,0.13442123
26404,0.11723501
26405,0.05013703
26406,0.33238208
26407,0.13460366
26408,0.12974739
26409,0.15727103
26410,0.11296182
26411,0.14243546
26412,0.06597941
26413,0.16670565
26414,0.23342188
26415,0.10012551
26416,0.14124344
26417,0.19834223
26418,0.16581574
26419,0.38546914
26420,0.17092599
26421,0.2567398
26422,0.11873683
26423,0.13054551
26424,0.19382843
26425,0.11305965
26426,0.10259023
26427,0.19843328
26428,0.14039788
26429,0.12237635
26430,0.13674873
26431,0.115157686
26432,0.09482596
26433,0.09805153
26434,0.09667343
26435,0.06721159
26436,0.12031745
26437,0.14305046
26438,0.1259498
26439,0.1628751
26440,0.11389938
26441,0.21430908
26442,0.16242951
26443,0.11700357
26444,0.18760191
26445,0.11465873
26446,0.120758
26447,0.13305509
26448,0.10765507
26449,0.0821099
26450,0.06479496
26451,0.13247658
26452,0.1101815
26453,0.31339884
26454,0.098184824
26455,0.05431297
26456,0.24625085
26457,0.12901452
26458,0.14899528
26459,0.23368159
26460,0.12485509
26461,0.23567763
26462,0.14391421
26463,0.38080812
26464,0.110621676
26465,0.1546137
26466,0.22536302
26467,0.19583504
