id_cliente,prediccion
2,0.1614017
3,0.07633872
7,0.1458825
10,0.065354206
11,0.15923442
12,0.029605523
14,0.1326162
16,0.14209916
25,0.14727202
32,0.12057717
38,0.1356996
42,0.17482892
63,0.1312991
65,0.14246544
70,0.15679285
74,0.15582886
76,0.14614448
83,0.057845034
90,0.0748817
98,0.19144493
104,0.12969694
121,0.069867015
124,0.15003401
125,0.17466411
137,0.17885932
143,0.05997417
144,0.16878015
157,0.1611735
163,0.13872096
197,0.08901742
203,0.19141
205,0.12691075
209,0.032473378
228,0.18764094
231,0.12739524
237,0.15968232
243,0.074474916
247,0.15877998
249,0.06317921
253,0.17891984
261,0.122188374
263,0.021547353
275,0.046789944
279,0.20997402
280,0.14329028
292,0.16730572
297,0.14562872
299,0.13664612
302,0.05499669
304,0.16289091
308,0.27032125
318,0.16872561
319,0.18406327
323,0.07087773
325,0.14766015
339,0.16128056
340,0.12505579
355,0.12463176
359,0.18071835
368,0.14877868
371,0.13492872
378,0.13945739
390,0.1599838
392,0.15033126
409,0.12587251
412,0.07046303
420,0.18232326
422,0.09711536
428,0.1656626
429,0.044993605
430,0.15314688
434,0.056781124
437,0.16491862
447,0.063254155
464,0.0540033
466,0.17986596
468,0.21495715
470,0.15926793
473,0.14626512
475,0.06146114
476,0.16469263
480,0.050516248
483,0.15876982
487,0.18743165
495,0.18098356
496,0.18682991
499,0.14353281
502,0.07110437
504,0.15442154
508,0.06768659
514,0.14543888
515,0.1668779
538,0.118959606
548,0.15191679
551,0.14279255
553,0.13327117
560,0.053626746
564,0.1366483
572,0.06451417
577,0.031563632
578,0.25850648
591,0.05736779
593,0.12352483
604,0.13831568
606,0.14188036
614,0.16474316
616,0.06999172
622,0.14014992
626,0.058936357
632,0.061496824
637,0.05838115
640,0.079436585
647,0.11690511
648,0.06441352
653,0.13481899
654,0.06114317
659,0.1512716
661,0.033588804
670,0.061699785
671,0.060455926
673,0.14551072
674,0.091780804
682,0.15036988
683,0.15940729
687,0.15513399
688,0.061070777
689,0.14651532
701,0.13412008
705,0.15012416
707,0.12667331
710,0.13212855
714,0.13074331
716,0.129344
717,0.17546436
729,0.070623636
732,0.1269705
734,0.16704929
736,0.18035707
742,0.05861059
750,0.15772854
764,0.15524891
767,0.112899914
768,0.14166324
774,0.18153529
777,0.06036281
784,0.17589037
785,0.15867034
786,0.14020732
787,0.25908175
788,0.13418636
790,0.17804438
794,0.063641235
796,0.13670883
802,0.055814564
812,0.13264218
814,0.05594123
816,0.060378443
817,0.1603751
834,0.12513492
835,0.1553542
836,0.12782061
837,0.14485541
840,0.032196723
841,0.04004794
854,0.03464294
858,0.12755463
859,0.05911053
883,0.1375449
887,0.06019806
902,0.14634228
913,0.13651939
915,0.122963265
916,0.164026
917,0.13665493
924,0.13375792
929,0.16072965
933,0.14618376
936,0.15317443
941,0.058366813
946,0.07294677
948,0.063052595
952,0.1456048
959,0.13226292
963,0.1323903
965,0.107290186
970,0.16465248
975,0.20266673
979,0.13433443
982,0.11980033
986,0.0290895
992,0.18454488
1003,0.03531166
1004,0.13167061
1007,0.15671316
1014,0.09939531
1017,0.056307953
1018,0.1219175
1043,0.06622354
1046,0.14478599
1052,0.12293802
1061,0.05513684
1063,0.14088944
1064,0.15713501
1067,0.1426932
1070,0.08929376
1075,0.058061678
1105,0.055706598
1116,0.25700837
1117,0.20980224
1123,0.16869082
1125,0.1529793
1132,0.12907103
1160,0.04841899
1161,0.18008347
1165,0.06908412
1171,0.26297557
1181,0.08503491
1185,0.15236625
1197,0.16762435
1202,0.15181065
1205,0.032784853
1206,0.18548
1213,0.16086121
1216,0.06389372
1228,0.14946876
1232,0.13140413
1238,0.118707515
1241,0.068082556
1246,0.12388794
1258,0.102930464
1263,0.1615707
1289,0.15581533
1301,0.17119287
1302,0.05259525
1303,0.17406702
1312,0.14285019
1314,0.15160987
1322,0.08255287
1326,0.065776825
1328,0.0632167
1334,0.13827042
1336,0.13903205
1337,0.058024038
1338,0.122251056
1340,0.1533859
1361,0.17377493
1365,0.17369646
1368,0.31829378
1370,0.07790612
1378,0.14891604
1381,0.17235634
1388,0.14686617
1393,0.12816864
1395,0.108775176
1400,0.13978024
1404,0.06680958
1405,0.069574915
1411,0.155077
1414,0.14832082
1415,0.029650223
1420,0.09796679
1425,0.08332553
1434,0.22185162
1453,0.17974998
1455,0.25020176
1460,0.17096427
1465,0.26524487
1474,0.1556563
1475,0.0286199
1476,0.07268377
1477,0.13030472
1489,0.081289
1495,0.13524804
1496,0.07039097
1501,0.14958248
1504,0.055162776
1506,0.16089988
1516,0.1643981
1535,0.07102163
1541,0.0626564
1546,0.051502205
1552,0.057341337
1558,0.15742716
1559,0.14008756
1564,0.121287644
1566,0.14864914
1567,0.2041481
1573,0.17130879
1576,0.06646966
1577,0.06622002
1578,0.11375741
1586,0.14577547
1587,0.08564161
1589,0.15140352
1591,0.1253686
1592,0.08477937
1598,0.05575005
1602,0.15860122
1604,0.07527136
1606,0.06730024
1614,0.033735193
1615,0.21292229
1619,0.13805865
1623,0.16910724
1631,0.14107491
1639,0.058773898
1648,0.028225955
1659,0.14071682
1669,0.17181239
1673,0.14318411
1678,0.14125341
1682,0.2418634
1683,0.14623605
1692,0.14076898
1693,0.18618086
1695,0.15949145
1698,0.17677394
1706,0.24460581
1709,0.13201927
1710,0.19357456
1719,0.13665742
1720,0.03648109
1726,0.12219045
1730,0.12587324
1732,0.13537095
1733,0.15611346
1736,0.06508462
1743,0.14398815
1751,0.14630723
1752,0.16065556
1754,0.17619555
1756,0.03387482
1760,0.118670866
1765,0.081270546
1776,0.1493143
1778,0.03478642
1779,0.14847173
1781,0.058023848
1795,0.15300365
1808,0.021664798
1809,0.15000376
1814,0.14748463
1821,0.13914193
1822,0.13116218
1824,0.16101211
1827,0.14312927
1834,0.16215149
1844,0.23018639
1851,0.1595954
1867,0.1664283
1869,0.11185205
1875,0.27796134
1882,0.16580762
1897,0.17245504
1910,0.14215069
1917,0.14971001
1918,0.11379912
1935,0.148486
1936,0.17175505
1937,0.060187917
1949,0.14702934
1952,0.048943274
1956,0.14816031
1969,0.056865167
1970,0.12996025
1971,0.14200024
1977,0.17505741
1982,0.13068096
1995,0.14005704
2002,0.18322031
2004,0.14817984
2011,0.16737516
2013,0.16362102
2014,0.13868827
2026,0.158232
2040,0.14317258
2043,0.1488362
2060,0.14635609
2069,0.09164138
2073,0.082062334
2076,0.0403816
2082,0.13619277
2089,0.05555191
2091,0.1863055
2103,0.07184136
2109,0.062397778
2112,0.1424562
2113,0.16759345
2119,0.06296305
2121,0.16460821
2125,0.17057133
2127,0.22916007
2128,0.15717855
2132,0.16446403
2146,0.15755641
2148,0.036435895
2149,0.18908653
2156,0.063939855
2157,0.15609008
2159,0.15455952
2160,0.14413175
2169,0.18031278
2170,0.06736026
2186,0.0701641
2188,0.057311766
2190,0.12935448
2203,0.10748918
2204,0.1650827
2205,0.19406164
2207,0.14477487
2209,0.055302013
2211,0.10241814
2220,0.057413597
2226,0.17020181
2229,0.14643139
2234,0.1328183
2237,0.16503944
2240,0.14046898
2249,0.06203716
2252,0.15596041
2264,0.18499863
2269,0.1614451
2272,0.060682587
2283,0.12827632
2284,0.16216294
2287,0.19005449
2290,0.13184854
2298,0.06085158
2328,0.14195211
2329,0.19077702
2330,0.21033928
2336,0.167229
2338,0.15746716
2341,0.20632744
2353,0.1931862
2356,0.037316848
2366,0.13830876
2401,0.12830245
2404,0.059724294
2408,0.12871465
2409,0.15147834
2410,0.15998809
2421,0.2811294
2425,0.13811108
2427,0.1903651
2429,0.146328
2432,0.14899895
2435,0.13084102
2436,0.12674202
2447,0.14034677
2449,0.055295866
2454,0.06760533
2460,0.03679948
2472,0.16643429
2479,0.12830615
2483,0.14284043
2484,0.15317392
2492,0.15552522
2493,0.060378294
2495,0.14276634
2498,0.2315673
2501,0.1375738
2510,0.1519882
2512,0.03927744
2516,0.039242905
2517,0.15332729
2538,0.033139467
2561,0.14285834
2563,0.13201234
2567,0.16272184
2569,0.09406594
2576,0.12954247
2588,0.1598548
2592,0.045835312
2593,0.16973133
2604,0.120842256
2613,0.12205106
2620,0.12889901
2626,0.071801305
2629,0.062451057
2634,0.07044865
2637,0.17753598
2649,0.17738704
2653,0.22555327
2661,0.14716287
2662,0.10204117
2668,0.08661221
2684,0.14428782
2686,0.13238841
2706,0.13757081
2709,0.13590942
2710,0.13397153
2712,0.09414529
2717,0.1236933
2718,0.161433
2720,0.13151759
2726,0.1584843
2732,0.15693794
2735,0.17534618
2736,0.12934206
2754,0.13558082
2755,0.062852606
2758,0.16289583
2759,0.0623675
2768,0.18736097
2769,0.1933872
2770,0.17770529
2776,0.05582471
2779,0.2044516
2790,0.06261131
2794,0.1313542
2796,0.033607066
2801,0.14103764
2810,0.09028998
2813,0.1844801
2820,0.1515994
2822,0.17593542
2830,0.19303651
2831,0.15375976
2835,0.1444685
2837,0.15902027
2852,0.15640222
2861,0.13536748
2864,0.05424161
2869,0.05389721
2870,0.29674178
2883,0.029423067
2890,0.048931193
2892,0.058865406
2895,0.17016748
2908,0.19661365
2911,0.038397152
2918,0.13888296
2931,0.18545148
2936,0.14718488
2938,0.25196543
2940,0.17578447
2942,0.13717978
2943,0.028886652
2945,0.18721253
2949,0.069281004
2959,0.1620647
2966,0.18127178
2969,0.15990046
2970,0.12575313
2975,0.12430917
2976,0.13564315
2987,0.123351455
2993,0.06632862
2995,0.06618564
2998,0.06147622
3002,0.14366147
3004,0.14785807
3008,0.15345594
3010,0.150659
3019,0.06823448
3027,0.06455101
3030,0.20340154
3031,0.20226693
3037,0.16521344
3038,0.12035222
3039,0.06962381
3043,0.14549777
3048,0.061535574
3049,0.12744102
3053,0.06231294
3054,0.07014106
3056,0.10411303
3069,0.2749125
3071,0.18510939
3072,0.16330004
3075,0.16469261
3078,0.15263832
3080,0.11761008
3104,0.17448187
3109,0.17565243
3126,0.07902415
3137,0.059209336
3139,0.10583742
3142,0.15992193
3147,0.06455739
3168,0.11919074
3169,0.15852365
3172,0.12093598
3174,0.15715218
3178,0.18541619
3179,0.058864124
3181,0.1122272
3190,0.1444744
3192,0.15295406
3196,0.1773057
3197,0.1838253
3206,0.16455409
3208,0.030748019
3210,0.12054302
3214,0.22859025
3220,0.07976335
3228,0.06303287
3232,0.13068625
3247,0.13962686
3253,0.0743479
3256,0.05665617
3257,0.13383019
3262,0.10655036
3269,0.048386477
3276,0.06606004
3279,0.2623225
3282,0.09083633
3284,0.06580736
3285,0.14928743
3295,0.14781255
3297,0.07903534
3298,0.11934099
3311,0.057320274
3313,0.16030762
3321,0.1207271
3325,0.12740691
3329,0.2190809
3345,0.19111732
3347,0.11464082
3349,0.15180263
3350,0.07913142
3354,0.13973102
3356,0.22982752
3363,0.10933938
3372,0.12625042
3376,0.13650087
3380,0.124107204
3383,0.14845166
3385,0.14725828
3387,0.15469155
3395,0.05821494
3396,0.05783692
3397,0.13070306
3411,0.07685124
3413,0.05385075
3415,0.10612985
3444,0.19240193
3446,0.16223244
3447,0.05795125
3448,0.10104163
3454,0.0634321
3466,0.13773079
3471,0.15725188
3474,0.05870969
3488,0.15189493
3496,0.0644599
3498,0.15260124
3508,0.13693237
3511,0.06329841
3514,0.082110085
3524,0.07227822
3526,0.13671243
3529,0.038145784
3552,0.03579768
3561,0.0639394
3564,0.20814984
3566,0.061022986
3576,0.17143878
3581,0.060230546
3582,0.1687543
3583,0.27691987
3587,0.14008747
3589,0.17664607
3590,0.114904925
3592,0.16449687
3594,0.06053728
3598,0.13360539
3605,0.16236892
3608,0.18800981
3610,0.16019426
3619,0.16332927
3622,0.1205522
3623,0.23171611
3628,0.15634958
3629,0.1639601
3647,0.05240711
3653,0.13553914
3657,0.16721913
3658,0.10635884
3661,0.032040536
3665,0.14725706
3668,0.052362002
3670,0.079120144
3672,0.030820912
3675,0.10007485
3680,0.032965146
3697,0.06374498
3698,0.023503315
3699,0.14902163
3703,0.047376715
3711,0.14037755
3712,0.1778477
3716,0.16475666
3717,0.17039564
3721,0.15968639
3726,0.14373374
3735,0.18155396
3736,0.2788758
3740,0.13550918
3748,0.09986542
3751,0.08249225
3753,0.082522236
3754,0.08042383
3755,0.06154058
3764,0.13029687
3768,0.14926252
3781,0.13375956
3782,0.20471108
3787,0.06224674
3800,0.13119842
3804,0.06256424
3820,0.16469489
3821,0.17625661
3824,0.07971581
3825,0.14625953
3826,0.1930459
3831,0.1310873
3834,0.14503013
3835,0.13867217
3836,0.12401986
3840,0.09460739
3841,0.1842463
3848,0.20311768
3863,0.1761572
3869,0.13309886
3875,0.12657277
3877,0.2368588
3878,0.15355377
3879,0.1633558
3881,0.19401951
3882,0.05562485
3887,0.15183435
3890,0.13368753
3904,0.030396778
3905,0.266864
3908,0.12916991
3917,0.18631946
3927,0.15422352
3931,0.17931505
3938,0.16950235
3944,0.17649081
3947,0.12633362
3950,0.16405348
3971,0.13115498
3982,0.08272217
3991,0.02715686
3992,0.13694993
3997,0.11251998
4005,0.0604352
4008,0.1347018
4016,0.06436397
4018,0.16652143
4020,0.2037992
4027,0.076629445
4038,0.1259623
4045,0.1386688
4048,0.14657675
4051,0.11361512
4054,0.15579447
4055,0.13651088
4065,0.12955007
4066,0.13322006
4073,0.09401878
4079,0.058603756
4084,0.14371875
4087,0.2068801
4089,0.04994193
4091,0.2340086
4092,0.12220432
4102,0.2648061
4108,0.18566719
4113,0.1765929
4116,0.16190985
4117,0.041404642
4124,0.14460206
4125,0.14775202
4128,0.15301093
4129,0.1520904
4130,0.14447615
4134,0.14681125
4144,0.14168935
4147,0.21648541
4150,0.067091726
4158,0.16059265
4162,0.14196745
4163,0.130769
4166,0.028955799
4167,0.15180524
4168,0.14896803
4175,0.032650203
4179,0.080886886
4180,0.18014127
4189,0.15203395
4192,0.1825428
4195,0.15160684
4197,0.16412158
4198,0.15959482
4202,0.1324971
4208,0.13901646
4222,0.17114885
4225,0.027909975
4227,0.1459647
4229,0.11519708
4230,0.1498557
4244,0.22583771
4247,0.14035904
4249,0.16485845
4258,0.1462579
4266,0.17614527
4283,0.08731215
4286,0.13274443
4287,0.14294073
4289,0.10259776
4291,0.16249515
4292,0.15931787
4296,0.061376948
4309,0.033566482
4323,0.149031
4324,0.15018818
4327,0.10928122
4328,0.17806628
4330,0.06562775
4334,0.0373582
4338,0.059114624
4341,0.17955549
4343,0.20996824
4349,0.05875787
4366,0.13047044
4367,0.071364656
4373,0.10239693
4374,0.2349414
4384,0.16396041
4390,0.15440346
4403,0.13449994
4409,0.09835468
4419,0.16203132
4427,0.120237134
4428,0.1663439
4429,0.12440145
4430,0.039646603
4431,0.13238828
4433,0.063254595
4434,0.13670595
4442,0.045404714
4444,0.13115011
4456,0.07902066
4457,0.13472596
4459,0.1376979
4463,0.1708588
4465,0.16788419
4466,0.06512866
4469,0.07585355
4486,0.12746957
4488,0.1493182
4490,0.1359518
4492,0.15451622
4500,0.062342264
4502,0.15476537
4507,0.16760263
4511,0.12591468
4512,0.12997742
4516,0.12919223
4520,0.14397702
4536,0.09594295
4538,0.05326298
4549,0.06465728
4554,0.15265715
4561,0.1684221
4564,0.11305612
4566,0.15073732
4568,0.17672499
4580,0.17361434
4586,0.05248325
4594,0.1514874
4598,0.12505537
4602,0.13674755
4609,0.17377886
4610,0.12660998
4611,0.11718205
4619,0.15964107
4624,0.18431216
4627,0.1511447
4631,0.12916839
4632,0.15929927
4635,0.06584074
4637,0.16341123
4641,0.17269702
4643,0.058434833
4660,0.026945889
4665,0.17796806
4667,0.036466125
4668,0.13150218
4670,0.15354125
4674,0.056573667
4676,0.14817959
4683,0.20833854
4684,0.062078767
4687,0.13575491
4704,0.1417023
4706,0.15958598
4732,0.14794038
4734,0.17303292
4735,0.15247071
4744,0.06425296
4755,0.12679431
4759,0.061149072
4762,0.059039723
4765,0.17696443
4767,0.15543835
4775,0.15216903
4780,0.16763481
4789,0.13026077
4794,0.16975138
4795,0.13986409
4797,0.13871941
4803,0.061185718
4810,0.16032225
4812,0.18216679
4814,0.12524188
4818,0.13600592
4820,0.059775285
4822,0.13899736
4827,0.09421031
4828,0.065807864
4831,0.036637634
4839,0.17447503
4841,0.11475521
4842,0.033848826
4844,0.1393748
4852,0.05682354
4861,0.0760117
4863,0.22602367
4878,0.1565167
4881,0.141897
4883,0.181842
4884,0.13348714
4890,0.13182595
4894,0.028584082
4895,0.2558293
4898,0.13417178
4899,0.0539801
4901,0.06628953
4902,0.041600257
4919,0.13141882
4934,0.06421032
4937,0.13213272
4939,0.053914078
4945,0.040563636
4952,0.121473394
4953,0.16997416
4954,0.13104257
4955,0.11462812
4967,0.061677076
4970,0.1569424
4979,0.14210954
4983,0.13908465
4989,0.11717445
4995,0.13119793
5004,0.1839406
5007,0.17222007
5009,0.058267515
5010,0.12260208
5016,0.15197062
5033,0.058558
5038,0.029812437
5045,0.086065575
5049,0.058903236
5051,0.053445958
5055,0.14761747
5058,0.06015277
5059,0.064054236
5073,0.15345936
5074,0.22752371
5076,0.1489996
5078,0.058208324
5081,0.13318332
5082,0.13337784
5084,0.033739995
5105,0.14254957
5107,0.14751834
5111,0.07969525
5120,0.029218784
5121,0.1260115
5123,0.15779808
5141,0.13907608
5144,0.15784319
5147,0.19958515
5149,0.026132017
5152,0.031185772
5160,0.14588055
5170,0.17078544
5171,0.16995636
5176,0.20627709
5178,0.20458321
5192,0.050720364
5195,0.08264265
5204,0.15170118
5208,0.13998044
5211,0.091651164
5216,0.035235666
5217,0.15765753
5225,0.16139153
5228,0.17951432
5239,0.04194268
5241,0.065991685
5243,0.15549347
5246,0.16377643
5247,0.17805074
5249,0.060352456
5251,0.19981956
5255,0.16187558
5257,0.1617695
5259,0.091473036
5260,0.19189093
5269,0.16645634
5281,0.14558734
5284,0.16924942
5286,0.08664333
5292,0.07518621
5293,0.14993991
5299,0.14635375
5301,0.13235515
5303,0.10495929
5305,0.1329265
5319,0.09454762
5325,0.055615194
5331,0.1301052
5333,0.07895841
5335,0.157973
5339,0.09963825
5340,0.12566808
5341,0.14477302
5343,0.08301563
5347,0.19657128
5353,0.15751646
5355,0.13295928
5363,0.14474082
5365,0.17698695
5373,0.1303564
5377,0.13936703
5379,0.06374753
5385,0.1587642
5386,0.05828356
5387,0.15050063
5389,0.03319877
5390,0.08558428
5396,0.06550431
5397,0.031122696
5404,0.1366346
5407,0.14433396
5410,0.028047761
5411,0.060229212
5412,0.12851045
5413,0.050687622
5418,0.17307115
5424,0.14006105
5427,0.16756961
5428,0.14119656
5433,0.15818936
5441,0.16663812
5448,0.122155905
5456,0.13724451
5460,0.043405656
5465,0.1795615
5468,0.065987505
5470,0.16813777
5475,0.13748686
5487,0.1636063
5501,0.0564712
5504,0.13604572
5508,0.124776945
5510,0.097297624
5514,0.061962612
5528,0.15672794
5540,0.13465361
5543,0.1257412
5545,0.1260359
5546,0.12579587
5548,0.060828112
5551,0.25511536
5553,0.13353536
5556,0.14983551
5560,0.1389443
5563,0.15179071
5569,0.03447788
5572,0.06552993
5576,0.06848926
5582,0.15062425
5586,0.05779826
5598,0.058201957
5605,0.13101214
5608,0.14143258
5610,0.1395091
5622,0.07317513
5628,0.17400984
5632,0.14793882
5640,0.06339885
5641,0.08203678
5647,0.050596077
5654,0.19345747
5665,0.16289863
5667,0.18388043
5674,0.08373543
5691,0.15819266
5694,0.16177228
5706,0.1590892
5716,0.07250756
5722,0.063530296
5738,0.18238366
5745,0.14513323
5746,0.11281608
5755,0.15676644
5756,0.03093728
5760,0.15059909
5761,0.17962265
5762,0.06580794
5763,0.057537995
5765,0.16156128
5773,0.14492746
5781,0.14266963
5786,0.15462045
5789,0.17108138
5802,0.1362321
5808,0.16748177
5811,0.11550864
5812,0.20065597
5813,0.13355213
5821,0.15033992
5829,0.2035033
5838,0.1598999
5842,0.19027753
5861,0.13911626
5864,0.15580364
5871,0.15414998
5875,0.14901043
5879,0.15770185
5881,0.1644535
5891,0.05795265
5903,0.036675863
5909,0.14983585
5914,0.19659773
5918,0.14392157
5933,0.06559136
5945,0.062017083
5948,0.06438715
5949,0.030829329
5950,0.16530746
5952,0.1633703
5955,0.17494097
5959,0.19244064
5961,0.14671414
5964,0.040708236
5966,0.22065203
5978,0.14768288
5980,0.12440934
5983,0.15635864
5985,0.12055365
5995,0.16249779
6009,0.16277853
6016,0.08456557
6021,0.16219565
6023,0.12699275
6029,0.16648093
6033,0.14967665
6036,0.03251331
6039,0.14500147
6046,0.1712133
6047,0.101942554
6051,0.13847037
6054,0.05859133
6061,0.19521967
6065,0.13268961
6068,0.12235846
6069,0.21174332
6070,0.17038313
6072,0.09820832
6076,0.14363524
6082,0.0715199
6104,0.17294267
6110,0.12751368
6122,0.14545082
6123,0.18193938
6126,0.048538335
6128,0.12565167
6131,0.05975943
6139,0.12240285
6140,0.14964926
6142,0.23698866
6143,0.08801397
6147,0.15805764
6152,0.1938603
6164,0.14981738
6171,0.20387623
6173,0.16071804
6175,0.17299576
6176,0.029472297
6179,0.14609966
6181,0.13329788
6191,0.07681255
6200,0.11689739
6201,0.15924299
6208,0.17464927
6219,0.16283095
6223,0.0634985
6224,0.15107983
6237,0.07319822
6255,0.13484032
6265,0.15260032
6273,0.122236215
6279,0.1303812
6284,0.1575086
6295,0.14774665
6306,0.03354181
6311,0.2338357
6327,0.11137639
6330,0.14314146
6338,0.1459147
6343,0.16723467
6345,0.25495607
6351,0.13689518
6357,0.039183103
6360,0.12929222
6389,0.06295448
6392,0.16404653
6404,0.14030151
6406,0.067918286
6407,0.16453536
6414,0.07208562
6419,0.14671941
6425,0.12948854
6428,0.059172682
6431,0.12937266
6435,0.15355882
6436,0.060671676
6440,0.09912395
6446,0.16424875
6465,0.1314224
6473,0.14084302
6476,0.062143423
6477,0.10604286
6478,0.18353969
6494,0.11693783
6501,0.18679616
6502,0.20027041
6503,0.12359999
6514,0.032846563
6516,0.12642163
6534,0.16847557
6541,0.05872596
6553,0.14125815
6557,0.12378863
6559,0.15250239
6560,0.1871028
6562,0.14651535
6575,0.15837075
6583,0.032210607
6588,0.15342541
6590,0.08975836
6594,0.09173639
6602,0.15696985
6603,0.15002863
6606,0.106333196
6614,0.16147755
6618,0.12185202
6628,0.14808574
6633,0.06114303
6639,0.115916565
6648,0.15453461
6654,0.12285586
6656,0.04958489
6657,0.2183311
6663,0.031294458
6664,0.12960485
6666,0.026940364
6670,0.12913224
6671,0.09945319
6683,0.06151725
6694,0.12047295
6695,0.15256236
6699,0.15757212
6701,0.15277855
6706,0.026884193
6707,0.031615358
6720,0.11805179
6721,0.071637005
6726,0.16333444
6735,0.14674649
6745,0.16285813
6746,0.106196366
6751,0.029577905
6759,0.17601486
6760,0.101854846
6765,0.13975051
6774,0.06327848
6776,0.14729595
6779,0.13717571
6789,0.12642333
6792,0.2368203
6797,0.033836957
6807,0.15235181
6808,0.15964165
6811,0.1679928
6813,0.075826816
6814,0.14146414
6817,0.12782732
6826,0.13712278
6830,0.07352913
6832,0.16189441
6838,0.201848
6840,0.13398826
6850,0.13018095
6851,0.14584568
6854,0.22015357
6856,0.23075688
6858,0.092405744
6866,0.12622686
6871,0.1519691
6872,0.15020391
6879,0.1439309
6881,0.057394803
6882,0.17534068
6883,0.15489022
6894,0.16282669
6899,0.05968811
6903,0.16690278
6908,0.14568083
6914,0.16469437
6915,0.14841098
6917,0.16911645
6922,0.03893144
6933,0.06665806
6944,0.12594685
6948,0.1636934
6957,0.121533655
6964,0.13830493
6987,0.12690131
6989,0.03625941
6991,0.13496253
6992,0.094245926
7019,0.12769774
7021,0.06711994
7023,0.14452234
7033,0.06397681
7034,0.13307223
7043,0.14998087
7047,0.111960456
7050,0.117907204
7057,0.09520284
7069,0.065899685
7070,0.06306679
7072,0.17740746
7081,0.13248414
7082,0.06821598
7088,0.14603439
7093,0.16692053
7100,0.17445245
7104,0.08498195
7109,0.052821625
7111,0.15054993
7113,0.027380327
7119,0.12735248
7122,0.058217067
7134,0.28125358
7147,0.06736862
7155,0.14320263
7156,0.16548742
7163,0.29728094
7173,0.08753544
7177,0.13363302
7179,0.1794413
7191,0.15623614
7196,0.1908294
7197,0.029208813
7205,0.056315072
7209,0.06736513
7215,0.07052989
7216,0.08626612
7217,0.15216777
7224,0.13645697
7230,0.15270324
7235,0.17898071
7237,0.19343585
7245,0.16287807
7246,0.1309112
7252,0.06830403
7257,0.14181209
7258,0.13561206
7261,0.08970602
7269,0.14503007
7270,0.13840036
7283,0.15617421
7299,0.12538444
7301,0.056659527
7304,0.15766694
7311,0.1739111
7314,0.1664795
7332,0.15329795
7333,0.1669466
7335,0.16109566
7336,0.07340618
7337,0.17174082
7344,0.15120912
7348,0.15927422
7351,0.15492147
7352,0.063837215
7371,0.13326897
7373,0.14310214
7376,0.085471675
7383,0.25160924
7390,0.035087217
7391,0.07500711
7392,0.14628732
7395,0.056125958
7400,0.153658
7403,0.1453888
7404,0.12644038
7414,0.12299118
7429,0.14130987
7435,0.15604873
7436,0.1377097
7438,0.12377703
7441,0.033412136
7443,0.2697731
7444,0.2216667
7452,0.08394086
7456,0.11851257
7462,0.078148544
7483,0.083579205
7490,0.1676036
7492,0.14791074
7504,0.07415808
7507,0.14474723
7511,0.061217446
7519,0.1501663
7520,0.27983665
7522,0.053295273
7530,0.058928214
7536,0.1724236
7541,0.15162502
7543,0.060928322
7545,0.14252707
7558,0.18785831
7560,0.13917682
7561,0.15029784
7571,0.12955311
7579,0.13781422
7580,0.10137216
7581,0.14589348
7586,0.15427527
7590,0.18015265
7592,0.1523386
7594,0.14200091
7595,0.1639518
7601,0.1298534
7602,0.16141196
7603,0.16089635
7611,0.14390233
7617,0.046430167
7618,0.18547663
7619,0.130327
7625,0.057208896
7628,0.1389391
7630,0.037374128
7631,0.055714816
7633,0.17891887
7634,0.13216193
7641,0.20795937
7642,0.19789049
7646,0.08760275
7662,0.16060425
7666,0.14334135
7674,0.11480794
7676,0.124485135
7679,0.17363596
7681,0.14664832
7686,0.06351844
7696,0.22118132
7707,0.064594366
7708,0.033573695
7712,0.034819536
7715,0.1251956
7716,0.07685842
7717,0.190101
7719,0.06541784
7723,0.08998032
7726,0.159933
7734,0.2324588
7739,0.07666445
7743,0.13826671
7751,0.0655675
7752,0.16891383
7755,0.1407371
7758,0.057415683
7761,0.15451804
7767,0.058964144
7773,0.12789026
7779,0.07430537
7785,0.06442258
7792,0.06499319
7800,0.14443274
7801,0.11973435
7802,0.11187222
7808,0.17614087
7811,0.12577327
7816,0.066148154
7822,0.06870396
7823,0.071483314
7832,0.12709196
7833,0.15703416
7838,0.06902846
7840,0.12855086
7857,0.14627114
7877,0.06041794
7885,0.20803145
7900,0.1297721
7907,0.15455826
7910,0.056353502
7918,0.15676261
7919,0.06963528
7928,0.1538046
7933,0.15805957
7941,0.15370858
7947,0.08525087
7955,0.15515976
7956,0.14586115
7957,0.14136477
7964,0.18375728
7968,0.14046077
7980,0.066748604
8004,0.2930761
8016,0.14179157
8017,0.0572431
8024,0.19525364
8031,0.11425652
8032,0.067823336
8035,0.13598311
8036,0.14304261
8037,0.0617959
8052,0.16826323
8055,0.06401453
8059,0.1547097
8063,0.15399852
8064,0.13655803
8068,0.13276431
8070,0.06885881
8072,0.14114125
8085,0.15808038
8089,0.15231459
8097,0.05836953
8100,0.14345868
8102,0.17253688
8105,0.05905345
8114,0.12636344
8117,0.1328585
8120,0.1298114
8126,0.12590632
8128,0.084014244
8135,0.06419928
8137,0.14429152
8148,0.10052856
8169,0.05591757
8173,0.059576202
8178,0.1598809
8179,0.18789491
8182,0.032983363
8184,0.107371554
8186,0.16509697
8189,0.15182999
8196,0.16120514
8216,0.14750384
8219,0.14820902
8221,0.13645585
8227,0.06680651
8232,0.15710485
8245,0.1393974
8248,0.15182939
8249,0.1654661
8250,0.15589108
8256,0.051742803
8258,0.15085249
8259,0.024537966
8268,0.1611186
8271,0.13617058
8273,0.16049899
8275,0.14602451
8277,0.15206686
8283,0.16495351
8288,0.06063173
8299,0.06067431
8300,0.12794538
8301,0.060973436
8307,0.17400602
8315,0.15395038
8324,0.10323761
8326,0.13080002
8351,0.06038464
8367,0.0328115
8368,0.16970879
8371,0.20096043
8383,0.13164729
8386,0.17789002
8402,0.057841398
8404,0.1455994
8421,0.18539165
8422,0.063442595
8425,0.16846402
8429,0.1320231
8433,0.15763514
8437,0.13368034
8440,0.055368233
8455,0.16880259
8479,0.21987233
8482,0.05771798
8485,0.16447258
8489,0.06384096
8490,0.029999489
8492,0.0641359
8496,0.1522664
8497,0.16171254
8498,0.15060443
8500,0.16425207
8501,0.16096401
8508,0.1579167
8512,0.2272211
8522,0.1928135
8536,0.03344681
8545,0.14426741
8546,0.12963627
8554,0.16208005
8556,0.12850852
8557,0.16161537
8559,0.13851926
8560,0.1433407
8563,0.1324008
8565,0.15232293
8574,0.110759
8578,0.054227155
8585,0.054726977
8602,0.18925497
8605,0.088732556
8609,0.1405485
8614,0.08390331
8619,0.13543567
8629,0.14983436
8632,0.14954667
8635,0.059064575
8639,0.052167557
8642,0.07134205
8643,0.11443423
8655,0.13832979
8657,0.13651384
8662,0.16276236
8666,0.1616656
8674,0.05749141
8676,0.13732377
8686,0.14259443
8691,0.12279632
8702,0.15635985
8714,0.064438626
8718,0.14134887
8731,0.16345951
8738,0.16651848
8745,0.06820062
8749,0.14351518
8754,0.11827121
8760,0.14075024
8762,0.060316704
8767,0.026979204
8768,0.13948385
8769,0.030281166
8771,0.15458032
8795,0.121934615
8796,0.06418674
8811,0.1339316
8815,0.15891668
8820,0.14991377
8825,0.16507526
8832,0.13185303
8839,0.07653502
8841,0.15146285
8848,0.13337323
8849,0.07778503
8856,0.14982721
8875,0.13349295
8879,0.064910054
8882,0.13322628
8885,0.12638542
8892,0.14811036
8897,0.14765455
8905,0.034523077
8921,0.065828845
8928,0.13407551
8935,0.1679365
8939,0.066287465
8941,0.15508059
8942,0.0305751
8949,0.13195412
8951,0.06703379
8958,0.15363881
8964,0.0546483
8972,0.029778907
8978,0.20516248
8979,0.07905718
8988,0.16720386
8997,0.13825941
8998,0.02847891
8999,0.1560987
9006,0.06508304
9012,0.22622924
9024,0.11702671
9026,0.14277561
9030,0.1627579
9034,0.06570667
9036,0.17092395
9038,0.06327779
9040,0.1626128
9041,0.07877413
9042,0.059335448
9046,0.06314729
9051,0.17470446
9054,0.19524263
9057,0.05772931
9062,0.06889617
9072,0.13253547
9075,0.13303497
9079,0.14957063
9081,0.06733967
9091,0.14436781
9110,0.059789576
9113,0.17569593
9116,0.14178713
9120,0.06583823
9126,0.19709884
9133,0.14118023
9135,0.1651512
9144,0.117379025
9146,0.1832418
9153,0.13026568
9155,0.06803702
9160,0.07628595
9165,0.15781307
9172,0.14912573
9174,0.05938183
9179,0.08370753
9180,0.11876271
9195,0.2675302
9199,0.1424841
9204,0.094094835
9205,0.060718108
9210,0.17500654
9228,0.13036671
9233,0.14457917
9235,0.16009024
9237,0.065272994
9239,0.058843482
9240,0.048753385
9241,0.22834101
9242,0.12551387
9246,0.076645605
9248,0.15133779
9253,0.14785627
9254,0.139018
9260,0.12323034
9261,0.03326909
9262,0.1505058
9263,0.2028588
9268,0.13143122
9275,0.06551298
9278,0.14986964
9287,0.12920858
9292,0.1705263
9308,0.17151874
9309,0.16871315
9310,0.17361572
9312,0.07784657
9314,0.07057881
9316,0.04045749
9318,0.13412473
9322,0.15255299
9325,0.1866171
9327,0.14275403
9336,0.118429564
9340,0.14925882
9342,0.14008616
9346,0.13450268
9351,0.23149359
9357,0.13637793
9372,0.15479037
9374,0.037286974
9378,0.2124351
9385,0.08307627
9413,0.06881215
9418,0.16043015
9420,0.14619496
9422,0.06586347
9423,0.13909891
9425,0.1512373
9426,0.17587483
9434,0.17103234
9436,0.10190664
9439,0.029245015
9446,0.06901179
9460,0.13859889
9461,0.162761
9467,0.14885132
9472,0.12612821
9483,0.1133569
9485,0.15073097
9492,0.080293044
9500,0.12648919
9507,0.15248509
9514,0.1773932
9516,0.15901002
9520,0.08458124
9542,0.13092509
9544,0.24968703
9548,0.21167178
9556,0.06806112
9558,0.1633556
9565,0.17999092
9571,0.15408276
9575,0.14206132
9587,0.13708155
9602,0.22020063
9609,0.052803777
9618,0.09996258
9622,0.15647598
9624,0.15006235
9648,0.1458984
9658,0.15905492
9668,0.14103603
9702,0.05145824
9705,0.15990959
9706,0.06421114
9707,0.14932685
9708,0.094378665
9710,0.16078901
9726,0.1503388
9753,0.036863934
9757,0.10736988
9761,0.06286864
9765,0.2348145
9768,0.16867512
9769,0.16681415
9775,0.028344864
9778,0.14601566
9788,0.07849473
9789,0.16639511
9792,0.13569681
9815,0.1301561
9816,0.06050133
9822,0.06674076
9823,0.16624238
9827,0.14017013
9835,0.14179325
9840,0.032028485
9841,0.14650431
9849,0.12462853
9853,0.16070363
9869,0.06376859
9873,0.053444006
9881,0.038485445
9892,0.17399612
9898,0.16195932
9899,0.15413241
9915,0.14421158
9936,0.17689458
9940,0.15430044
9941,0.05341645
9947,0.029879069
9957,0.13394985
9962,0.061591256
9963,0.13554698
9964,0.1530771
9965,0.16520183
9968,0.16302778
9971,0.09040622
9973,0.16003324
9980,0.063628934
10002,0.2127262
10005,0.07083845
10007,0.11584566
10010,0.14990477
10013,0.17007384
10014,0.06092946
10017,0.12511685
10024,0.1485476
10030,0.08456511
10037,0.16789529
10046,0.09761755
10051,0.13158396
10063,0.14506423
10067,0.13139048
10073,0.06398092
10096,0.053763527
10099,0.07111661
10100,0.037576262
10101,0.13634184
10103,0.06627293
10110,0.18615109
10113,0.1607577
10116,0.06510227
10124,0.16814098
10127,0.10301919
10129,0.1889867
10139,0.1821655
10140,0.23484004
10145,0.2780941
10149,0.10038421
10151,0.18066676
10165,0.062892534
10166,0.054330327
10168,0.1617566
10174,0.08500634
10186,0.07810738
10189,0.15887024
10193,0.16130307
10197,0.06132158
10201,0.13784796
10206,0.17117481
10211,0.1298943
10216,0.16415372
10224,0.1339311
10234,0.15422156
10236,0.13248968
10239,0.1805583
10247,0.067416385
10250,0.039707575
10253,0.1282777
10254,0.14307311
10263,0.1563079
10264,0.17326966
10265,0.12775971
10275,0.056941133
10280,0.1336401
10286,0.16395658
10287,0.18155214
10293,0.14466777
10294,0.11674625
10303,0.06528787
10308,0.15661459
10311,0.14875057
10318,0.16256806
10323,0.17457499
10324,0.13940486
10327,0.108963534
10330,0.14281473
10331,0.11907711
10333,0.05767261
10334,0.1549763
10335,0.20565286
10338,0.14520633
10339,0.14909783
10348,0.057611205
10354,0.2489487
10356,0.11979022
10367,0.071714744
10375,0.13910516
10384,0.1536386
10386,0.057726316
10389,0.12972364
10393,0.12815204
10404,0.14290833
10408,0.060346197
10416,0.1411147
10434,0.1754233
10448,0.16529866
10449,0.07773414
10452,0.053460736
10453,0.14661932
10454,0.12645581
10461,0.1192479
10462,0.06513174
10472,0.08008541
10474,0.18715912
10476,0.16400139
10478,0.057423264
10483,0.1015651
10492,0.12739031
10493,0.15300676
10499,0.06721958
10501,0.05564617
10509,0.14653817
10512,0.1582227
10513,0.113223895
10516,0.12884904
10517,0.14004657
10525,0.14060304
10529,0.11625379
10532,0.13696799
10537,0.14668693
10541,0.17454417
10545,0.12639336
10548,0.109681346
10552,0.036640584
10554,0.18962444
10557,0.14996694
10564,0.1502276
10574,0.06371574
10591,0.13651486
10596,0.16875303
10600,0.21814482
10606,0.049047895
10611,0.12618344
10622,0.05295493
10626,0.128732
10629,0.0719669
10630,0.14298287
10631,0.18078266
10633,0.038676567
10638,0.14421108
10639,0.1936821
10640,0.064979315
10657,0.17690857
10663,0.14038219
10664,0.16163726
10667,0.14328471
10671,0.15222016
10672,0.13168016
10675,0.12021111
10679,0.16660841
10681,0.14727128
10683,0.06807323
10688,0.1202415
10701,0.16222377
10704,0.16044995
10709,0.17947546
10715,0.14219558
10718,0.05914076
10724,0.13654354
10731,0.0695353
10733,0.13829513
10737,0.17535503
10744,0.04323054
10750,0.10769733
10770,0.12173517
10776,0.16442275
10780,0.058544505
10782,0.27667633
10789,0.15120187
10793,0.16270205
10795,0.17436399
10807,0.13307737
10813,0.13801712
10815,0.13403821
10817,0.14438413
10819,0.13013463
10824,0.17155051
10828,0.16209047
10830,0.06684871
10832,0.16760604
10836,0.17788634
10839,0.1649641
10843,0.12894052
10844,0.11544663
10866,0.27052408
10872,0.11440624
10873,0.053267322
10878,0.21589598
10889,0.068169035
10899,0.17702498
10901,0.17045239
10904,0.16735958
10910,0.15671247
10911,0.1337716
10917,0.12832513
10920,0.1467187
10921,0.03142292
10922,0.0649261
10929,0.030654225
10930,0.051416766
10933,0.13553402
10934,0.066384
10939,0.17104962
10942,0.027067196
10943,0.03270858
10945,0.15936245
10946,0.14962988
10949,0.08654244
10951,0.1349628
10952,0.1447464
10953,0.05585544
10955,0.034443352
10956,0.14875846
10959,0.1853464
10963,0.104157984
10965,0.14327507
10971,0.06861104
10975,0.15447475
10979,0.12484634
10983,0.15043181
10984,0.12971416
10989,0.06549286
10992,0.12790358
11001,0.06266648
11003,0.069362596
11004,0.036299642
11008,0.058365304
11016,0.06801596
11017,0.025311837
11021,0.2582045
11028,0.24135451
11034,0.14037812
11035,0.057146907
11036,0.08314949
11041,0.12243934
11047,0.20106332
11056,0.21636765
11058,0.18276274
11059,0.092657015
11060,0.09660502
11064,0.14578295
11066,0.07125446
11069,0.15749064
11071,0.12521257
11072,0.14479189
11077,0.13554949
11080,0.12836145
11092,0.11303928
11097,0.06120481
11098,0.13682133
11114,0.116040885
11121,0.042795528
11124,0.18426001
11131,0.16135925
11143,0.17227061
11146,0.07704796
11154,0.14810117
11164,0.17149238
11172,0.14705485
11173,0.06251389
11174,0.11255417
11175,0.14038943
11180,0.16464737
11184,0.071889184
11188,0.1265324
11189,0.06366007
11190,0.08384522
11197,0.05496788
11201,0.18806568
11204,0.18494041
11211,0.13105965
11212,0.15465823
11218,0.16603288
11219,0.15157954
11227,0.15083203
11241,0.12965626
11251,0.06972886
11254,0.03481003
11260,0.08529879
11264,0.119649984
11273,0.073575504
11276,0.06467988
11278,0.059953667
11282,0.14837952
11283,0.13706525
11291,0.13207474
11293,0.15673336
11302,0.1733003
11304,0.06877865
11305,0.17188875
11315,0.15484953
11321,0.10061757
11325,0.13297516
11335,0.14640763
11341,0.13228682
11343,0.14406915
11344,0.18524575
11361,0.13771418
11375,0.1379706
11377,0.08983734
11379,0.18909983
11380,0.1806963
11391,0.1379751
11393,0.18882023
11394,0.1609464
11398,0.15762973
11399,0.13929369
11408,0.123156235
11412,0.14901981
11420,0.15044531
11421,0.18688561
11430,0.06949666
11437,0.14271586
11446,0.23337805
11471,0.11974239
11472,0.15920137
11475,0.06984757
11483,0.13528793
11492,0.1313483
11497,0.161276
11498,0.118524134
11502,0.16067865
11504,0.2956311
11511,0.20514712
11512,0.12363045
11514,0.05826314
11522,0.15293054
11524,0.15653536
11533,0.17669785
11534,0.07699715
11541,0.12645856
11542,0.1364559
11547,0.121020816
11548,0.07356593
11566,0.18404713
11572,0.14982656
11574,0.08852692
11576,0.14052197
11577,0.056947283
11580,0.14063707
11598,0.05823465
11603,0.12292685
11613,0.15221117
11614,0.15748788
11620,0.12734294
11621,0.15675792
11622,0.05402106
11626,0.039411623
11630,0.17388633
11636,0.1336313
11637,0.06730089
11639,0.09083226
11647,0.15804808
11653,0.10186124
11654,0.03716261
11660,0.14165911
11664,0.15086465
11667,0.14430699
11679,0.13268092
11687,0.16954729
11691,0.06352712
11696,0.14721969
11702,0.18014844
11703,0.06336321
11705,0.16380681
11711,0.18013856
11716,0.09501285
11717,0.15026468
11722,0.061488472
11724,0.123383924
11728,0.1671493
11737,0.116544545
11738,0.15357776
11744,0.11823366
11747,0.027888834
11753,0.04350835
11757,0.15211083
11758,0.077981554
11760,0.08935014
11762,0.14336333
11764,0.14243272
11768,0.06367652
11773,0.07929064
11774,0.20711346
11783,0.13463947
11785,0.09447767
11787,0.14990789
11791,0.132383
11796,0.0572289
11797,0.07340612
11798,0.047898155
11803,0.06840299
11808,0.13096502
11810,0.14229192
11814,0.14429983
11822,0.17654523
11824,0.071701184
11829,0.14232776
11846,0.168066
11847,0.13022137
11850,0.2376792
11853,0.062167633
11854,0.06880146
11857,0.14892523
11862,0.116543636
11883,0.062212147
11890,0.13908334
11909,0.02717813
11913,0.1858801
11917,0.15369456
11919,0.12117113
11920,0.0636323
11921,0.14543962
11928,0.12971696
11929,0.18009937
11935,0.03797569
11936,0.048824012
11939,0.06175825
11942,0.05893041
11943,0.14614119
11946,0.13178863
11947,0.12905172
11952,0.18448222
11956,0.15186848
11959,0.22720346
11969,0.13472387
11973,0.16753037
11974,0.14971378
11975,0.16918568
11993,0.17178743
11994,0.14980409
11995,0.08767527
12002,0.15026578
12006,0.097700976
12007,0.13349307
12014,0.16195148
12017,0.2226125
12021,0.1453838
12023,0.17204483
12024,0.13885888
12027,0.19296277
12034,0.14007585
12040,0.12749791
12048,0.117170796
12052,0.07778052
12057,0.157812
12058,0.22321682
12061,0.11952759
12062,0.14964108
12064,0.06629688
12071,0.22206764
12080,0.19398712
12085,0.059686918
12090,0.18387464
12100,0.1445423
12103,0.16657999
12104,0.15565011
12109,0.030995477
12114,0.14862712
12123,0.079034336
12124,0.06837482
12128,0.26154652
12132,0.13446605
12135,0.13276312
12140,0.28827834
12149,0.058030684
12155,0.12678614
12158,0.13825782
12161,0.15894946
12163,0.16557632
12164,0.13287735
12174,0.06347175
12175,0.16113946
12179,0.21631448
12183,0.16929235
12184,0.15990981
12186,0.06423132
12190,0.13394618
12193,0.164005
12195,0.068028726
12196,0.054710023
12205,0.14797217
12213,0.15079032
12220,0.1627287
12221,0.16311157
12222,0.06977357
12224,0.15271159
12230,0.13782983
12239,0.13829066
12242,0.12717809
12244,0.1566737
12245,0.16898534
12247,0.15562679
12254,0.17270458
12258,0.14916703
12266,0.06354512
12267,0.22276774
12272,0.17583768
12273,0.12563887
12276,0.16348556
12277,0.14021102
12283,0.14334384
12289,0.064410545
12297,0.14754072
12300,0.26991063
12302,0.06171646
12310,0.06973983
12312,0.15439935
12314,0.057354838
12315,0.028291706
12327,0.12766095
12329,0.13645151
12332,0.13377883
12342,0.07007007
12346,0.13387832
12347,0.2410076
12349,0.05966978
12350,0.13443783
12354,0.13505831
12356,0.038712684
12359,0.15169571
12360,0.18654868
12369,0.13820165
12372,0.06926505
12373,0.025186729
12375,0.15430021
12376,0.16940972
12379,0.07339255
12382,0.12658739
12387,0.070502795
12389,0.14129657
12394,0.19132188
12395,0.13850501
12396,0.15459524
12404,0.19356121
12405,0.12954888
12412,0.26055795
12419,0.09852941
12431,0.13080409
12440,0.1609725
12444,0.18402769
12447,0.06087458
12452,0.1271986
12454,0.13915397
12456,0.16037732
12461,0.06836544
12469,0.15008521
12472,0.08260725
12473,0.057179827
12474,0.15744498
12476,0.16886432
12479,0.18690918
12481,0.14602184
12487,0.068566784
12493,0.13104722
12501,0.14096875
12504,0.12586664
12507,0.123313785
12510,0.13621947
12512,0.30441332
12520,0.1549457
12526,0.1665694
12529,0.17785898
12532,0.11264042
12533,0.16439243
12544,0.20962456
12546,0.13759369
12551,0.17352225
12555,0.2687598
12576,0.14783588
12581,0.15516539
12588,0.16195165
12593,0.07654652
12594,0.12715282
12598,0.13903749
12599,0.17234278
12601,0.12849516
12610,0.17777449
12622,0.06371574
12624,0.13181141
12625,0.15551996
12629,0.32572803
12632,0.029568378
12634,0.051431507
12635,0.13353096
12638,0.15683648
12640,0.05194506
12641,0.15176263
12643,0.12757418
12644,0.03794924
12647,0.13341889
12651,0.18334036
12657,0.1425205
12658,0.15973045
12660,0.15248467
12661,0.12531999
12666,0.13777114
12673,0.09040285
12678,0.14754982
12681,0.16864872
12682,0.22432354
12684,0.03487697
12689,0.1532583
12699,0.16097608
12701,0.14333251
12710,0.07902877
12712,0.15320125
12713,0.15935953
12715,0.1400645
12716,0.13721915
12717,0.14390923
12718,0.15287575
12720,0.1196727
12724,0.1374748
12725,0.16032612
12726,0.120079495
12741,0.17860654
12742,0.21278024
12743,0.1653029
12748,0.13992049
12749,0.034391075
12751,0.1471014
12752,0.1705774
12756,0.139538
12760,0.13807413
12761,0.15081784
12764,0.1600462
12767,0.06449145
12774,0.15583198
12782,0.07054325
12783,0.21779291
12784,0.13342097
12785,0.14903268
12787,0.18324001
12798,0.1279943
12805,0.13012059
12806,0.14915274
12809,0.114969134
12815,0.16388796
12820,0.05978014
12824,0.11076124
12829,0.13645872
12833,0.120391645
12841,0.12592533
12843,0.12962243
12847,0.14721654
12848,0.14876479
12849,0.1467391
12852,0.14938492
12855,0.13574886
12864,0.18314838
12872,0.07648333
12873,0.18674508
12874,0.17812096
12877,0.26706192
12879,0.13915093
12885,0.15616699
12893,0.15324697
12894,0.1636758
12895,0.20892134
12901,0.059260547
12912,0.12585373
12919,0.1490752
12924,0.1219333
12929,0.1358331
12931,0.15097232
12945,0.1288729
12958,0.033964213
12962,0.15636005
12964,0.1522917
12974,0.16655369
12976,0.03231388
12980,0.13466337
12984,0.15216011
12987,0.07609195
12991,0.15568742
12995,0.13426772
13001,0.21999446
13005,0.17371361
13006,0.15887374
13015,0.14537281
13017,0.15237084
13033,0.16366816
13034,0.16442394
13035,0.15202394
13038,0.18729834
13044,0.061502576
13045,0.14818783
13052,0.04876448
13059,0.15646514
13060,0.05322349
13061,0.14354719
13066,0.24278295
13080,0.2469723
13082,0.19000493
13105,0.17337391
13106,0.24166796
13121,0.19520625
13123,0.16324298
13125,0.06780662
13129,0.1393385
13130,0.092450656
13132,0.18203518
13133,0.14441583
13135,0.15157226
13141,0.12561773
13145,0.2913847
13149,0.066389665
13153,0.15496463
13158,0.15494162
13159,0.16106129
13169,0.35244483
13170,0.13661405
13178,0.13908511
13179,0.07421926
13180,0.14167897
13181,0.15545759
13183,0.06328205
13196,0.13542397
13200,0.16648994
13202,0.09685949
13204,0.060585856
13208,0.1298779
13212,0.1226206
13213,0.15184596
13218,0.13570973
13225,0.11533886
13229,0.12593634
13232,0.13625395
13233,0.16491552
13234,0.061266106
13249,0.06840817
13253,0.1478722
13255,0.16316983
13257,0.2331554
13266,0.053466
13269,0.06279968
13270,0.16638783
13274,0.13426462
13281,0.14462905
13287,0.099864006
13305,0.1497749
13308,0.060607135
13309,0.07455259
13310,0.18882802
13314,0.16003703
13315,0.02989905
13324,0.09891129
13326,0.17283434
13333,0.15994243
13336,0.11176924
13345,0.17597044
13348,0.14666924
13350,0.19999401
13354,0.1641433
13360,0.14988273
13364,0.14819942
13366,0.17030981
13368,0.12469225
13375,0.092488505
13376,0.12008262
13380,0.1203893
13382,0.03055789
13384,0.16869114
13387,0.14568713
13390,0.0692236
13398,0.13085464
13403,0.10745837
13404,0.106390595
13405,0.13602905
13409,0.16913824
13411,0.12960905
13414,0.13704526
13416,0.11742576
13417,0.059772246
13418,0.14697582
13422,0.06250934
13430,0.26827163
13435,0.029456709
13439,0.15364707
13446,0.13242769
13448,0.047112238
13449,0.11632149
13451,0.12294314
13455,0.14563492
13468,0.14897612
13470,0.061613906
13474,0.05736494
13478,0.15108845
13485,0.13902313
13488,0.16973303
13489,0.1257604
13500,0.14937063
13505,0.055545248
13506,0.12648734
13517,0.06448092
13518,0.08277378
13523,0.122892044
13529,0.13828361
13532,0.064853854
13534,0.12470355
13539,0.12719609
13547,0.13292566
13548,0.15227388
13550,0.29912624
13554,0.15779057
13555,0.18919487
13556,0.16176565
13558,0.065294474
13562,0.13756849
13566,0.14928523
13574,0.07015987
13576,0.13436961
13577,0.17983694
13580,0.03815285
13586,0.20200472
13598,0.2565333
13600,0.12086846
13602,0.11836542
13604,0.13043228
13616,0.15806796
13623,0.13980488
13627,0.1735501
13630,0.05986322
13633,0.16387382
13635,0.14500256
13636,0.15097396
13640,0.15201095
13642,0.23572803
13647,0.14897433
13648,0.25918743
13652,0.12585038
13659,0.034503892
13660,0.12113653
13666,0.14846388
13667,0.063380785
13672,0.11719862
13673,0.15672214
13675,0.11786945
13678,0.14934129
13682,0.09234991
13684,0.1452988
13689,0.11854537
13690,0.11059074
13696,0.14900547
13706,0.13836177
13710,0.3694635
13711,0.1276079
13712,0.14763243
13717,0.054357775
13718,0.121851705
13719,0.1342115
13720,0.09794259
13722,0.122329175
13723,0.14104965
13726,0.1301491
13733,0.034097515
13739,0.15784822
13743,0.14737451
13750,0.15090576
13751,0.119070396
13754,0.1957287
13756,0.07297455
13760,0.057676774
13762,0.14972389
13763,0.13036385
13766,0.05905485
13767,0.055712126
13769,0.1052321
13770,0.119763754
13774,0.16949634
13776,0.14219804
13780,0.0635549
13784,0.060114354
13789,0.13150641
13790,0.15976986
13792,0.07441567
13795,0.15068813
13797,0.110428296
13800,0.11858074
13804,0.12753326
13815,0.13935612
13816,0.14597538
13817,0.1590191
13820,0.21079096
13824,0.15026169
13830,0.1796044
13838,0.14170083
13840,0.059411436
13841,0.058925252
13842,0.15124086
13843,0.06696583
13849,0.1687949
13852,0.16313924
13855,0.026552614
13858,0.13067207
13863,0.0576028
13871,0.24171777
13872,0.14241222
13873,0.12175812
13874,0.14764716
13877,0.15052114
13879,0.14186661
13885,0.15416698
13886,0.1822577
13892,0.12227211
13895,0.06689955
13906,0.14375482
13907,0.14106095
13908,0.066590466
13909,0.11945502
13911,0.103056744
13918,0.1896794
13919,0.15843555
13927,0.1925787
13930,0.06386979
13931,0.1327979
13933,0.16157527
13938,0.16452256
13943,0.059178688
13944,0.059741102
13946,0.15263537
13949,0.0811192
13952,0.20969836
13957,0.15925623
13958,0.07376715
13965,0.10698322
13970,0.04827145
13972,0.18198864
13981,0.15480627
13983,0.073324844
13985,0.11989143
13986,0.115373336
13993,0.1515409
13995,0.12750633
13998,0.11546751
14000,0.056580465
14002,0.026573468
14003,0.0716515
14019,0.1447562
14021,0.33636025
14026,0.13608171
14031,0.06761002
14032,0.16615796
14034,0.12773299
14035,0.12974659
14043,0.07424034
14046,0.16404405
14048,0.17734846
14057,0.15460894
14065,0.12735689
14067,0.063666984
14082,0.03375125
14086,0.14658198
14103,0.24297985
14104,0.1792526
14106,0.18779579
14107,0.15494521
14111,0.058994573
14116,0.05513861
14118,0.06528063
14119,0.14353867
14122,0.11537321
14123,0.120724276
14124,0.062461622
14125,0.14440155
14126,0.15382037
14127,0.116710484
14133,0.15246844
14137,0.13905431
14139,0.11910601
14143,0.11802592
14148,0.12789074
14149,0.12687188
14150,0.06444472
14162,0.057839263
14163,0.13806716
14164,0.12862177
14173,0.15688488
14174,0.16813849
14178,0.15271263
14181,0.08371731
14186,0.11043624
14187,0.14342876
14188,0.10949544
14192,0.15296486
14193,0.14655937
14198,0.22157511
14200,0.1399984
14201,0.12569617
14208,0.20664573
14214,0.13909471
14220,0.120946266
14224,0.13972177
14229,0.117623225
14233,0.101815365
14241,0.06252315
14242,0.14955261
14246,0.11732888
14247,0.12564799
14250,0.065115236
14251,0.21882279
14254,0.16520078
14257,0.03746232
14259,0.14809614
14261,0.12879309
14281,0.109532595
14282,0.14157343
14285,0.05535064
14286,0.14133933
14293,0.15632343
14297,0.05611988
14298,0.11116563
14301,0.053964037
14308,0.12840864
14311,0.14242077
14313,0.26481777
14314,0.0536636
14315,0.048813544
14320,0.13655323
14325,0.023235016
14333,0.13143517
14336,0.15839565
14338,0.1467112
14354,0.13639171
14359,0.14327486
14361,0.1339647
14362,0.1502407
14363,0.16537814
14369,0.06968001
14370,0.22047767
14376,0.12759538
14382,0.24915996
14387,0.1144771
14389,0.1727074
14390,0.1317159
14392,0.13691261
14393,0.09237729
14396,0.13092509
14407,0.12306155
14412,0.121079825
14413,0.16857523
14414,0.041887566
14416,0.13735831
14417,0.12875107
14423,0.15562513
14427,0.15708148
14430,0.18429974
14433,0.12517558
14434,0.12819675
14435,0.1897206
14436,0.12648383
14438,0.04816225
14439,0.13368961
14442,0.10983572
14444,0.11190252
14446,0.11884228
14449,0.2344375
14451,0.113863625
14459,0.14586698
14464,0.13234651
14467,0.14478093
14469,0.14992003
14470,0.059056364
14471,0.14664614
14476,0.053004164
14477,0.14340946
14479,0.058344703
14480,0.17138796
14481,0.02425058
14485,0.12596008
14486,0.13154402
14493,0.14608163
14504,0.1503047
14508,0.14415713
14509,0.13924663
14516,0.17668486
14520,0.13325512
14522,0.15403776
14523,0.10575273
14529,0.16240744
14532,0.058078963
14537,0.049809206
14540,0.12646511
14541,0.12530778
14544,0.1393237
14548,0.10761787
14550,0.1790633
14554,0.07007339
14555,0.06234474
14564,0.12164451
14571,0.08436805
14572,0.14882658
14576,0.12404533
14580,0.059160613
14581,0.128951
14582,0.17509094
14583,0.17388876
14586,0.1212516
14591,0.122450456
14593,0.14746496
14594,0.11546977
14601,0.13943382
14602,0.10894898
14604,0.17108248
14610,0.18398693
14620,0.12331791
14622,0.19346598
14628,0.056353785
14629,0.23757689
14630,0.13090184
14632,0.32664573
14634,0.14193083
14646,0.06327364
14648,0.19276111
14651,0.12889653
14658,0.28777087
14661,0.14357202
14666,0.056625206
14672,0.17163518
14673,0.12391454
14680,0.13729201
14685,0.17552605
14688,0.15564801
14694,0.13684821
14695,0.18571633
14702,0.14515774
14705,0.04973875
14706,0.13608721
14707,0.14836255
14711,0.15883653
14713,0.060020424
14714,0.13747528
14717,0.14978597
14722,0.2024909
14726,0.14127049
14735,0.11397662
14736,0.17075975
14742,0.19101624
14744,0.39354
14746,0.1419492
14748,0.14155042
14751,0.17800924
14753,0.1518884
14754,0.13744143
14759,0.16231379
14764,0.15353
14766,0.16926652
14767,0.15731296
14768,0.166343
14770,0.11825563
14773,0.17447306
14777,0.12964638
14778,0.1257683
14779,0.11235616
14782,0.13289125
14783,0.15762374
14784,0.12958612
14793,0.03128455
14795,0.11700384
14797,0.12516323
14800,0.052538007
14802,0.13672034
14803,0.05423233
14805,0.16431479
14808,0.21667624
14809,0.07001288
14812,0.36572853
14813,0.1655256
14814,0.15486693
14818,0.17445894
14819,0.0736189
14820,0.053495605
14821,0.256245
14822,0.14114314
14826,0.14441584
14827,0.13397603
14831,0.15397206
14832,0.13699432
14839,0.15517087
14842,0.16088305
14848,0.11066429
14849,0.050579894
14855,0.13559997
14856,0.15685813
14865,0.06351138
14866,0.07797737
14869,0.12872869
14873,0.17482814
14877,0.1199628
14881,0.054686286
14882,0.2526113
14883,0.14071694
14885,0.16428249
14889,0.18683663
14890,0.16204081
14892,0.14367327
14893,0.054928005
14894,0.061480284
14897,0.14674978
14901,0.09249075
14904,0.051347893
14908,0.14382657
14914,0.15078774
14916,0.1065462
14917,0.05985443
14918,0.12980084
14923,0.14319506
14927,0.14416787
14929,0.15378797
14931,0.14575297
14935,0.26536304
14948,0.2238961
14950,0.13901183
14951,0.14019832
14952,0.052903723
14954,0.21379618
14960,0.06370933
14962,0.051199794
14970,0.11283936
14973,0.14124781
14976,0.17228185
14978,0.13470204
14982,0.13592069
14985,0.055371962
14986,0.11994062
14987,0.109257676
14988,0.18756187
14991,0.13491364
14997,0.13976283
14998,0.15637963
14999,0.15083852
15000,0.13139844
15005,0.16009247
15006,0.12299335
15009,0.16592902
15015,0.14089896
15018,0.14533187
15029,0.1621589
15037,0.22933054
15041,0.13933966
15042,0.121139005
15047,0.13330004
15050,0.14255236
15053,0.15537994
15056,0.17299357
15057,0.16309953
15058,0.12179802
15060,0.13054392
15062,0.1733573
15066,0.070213884
15067,0.15848853
15068,0.060000002
15069,0.062445216
15072,0.1217709
15077,0.14295496
15089,0.16159329
15093,0.13828528
15099,0.12792328
15101,0.17923453
15103,0.15327403
15104,0.14286084
15105,0.117548324
15108,0.12009738
15109,0.14762492
15112,0.14212035
15114,0.16232331
15117,0.049138714
15122,0.13913497
15130,0.054335475
15132,0.05753666
15133,0.13904342
15134,0.05595535
15136,0.14825541
15137,0.2208592
15142,0.06746388
15145,0.124583766
15146,0.03392606
15147,0.1273166
15150,0.20683646
15163,0.15747339
15165,0.06482019
15167,0.12054907
15168,0.04690709
15173,0.10997603
15181,0.13956504
15183,0.17233369
15185,0.16525003
15186,0.16144535
15189,0.09860964
15190,0.062610455
15191,0.111079976
15193,0.14849074
15196,0.11885951
15199,0.17145163
15200,0.16044252
15201,0.14933178
15204,0.16902605
15207,0.05936219
15209,0.16121295
15212,0.14913715
15213,0.14166656
15214,0.1438461
15215,0.15125132
15216,0.16346416
15222,0.14931592
15223,0.124957845
15231,0.12734887
15236,0.14369044
15240,0.18825558
15241,0.1646198
15242,0.17469533
15243,0.15371169
15247,0.1654235
15250,0.121083476
15253,0.13836806
15254,0.14290026
15255,0.18735996
15260,0.109696254
15265,0.06016332
15275,0.11693885
15280,0.14421067
15281,0.15529999
15282,0.1646617
15283,0.20227273
15284,0.17835407
15292,0.16647568
15293,0.11620051
15300,0.1758191
15301,0.12013103
15302,0.36156768
15303,0.13679723
15306,0.12152505
15311,0.13448396
15313,0.17014356
15320,0.1407982
15322,0.049951762
15324,0.14778988
15327,0.19315594
15329,0.13729955
15340,0.24942985
15349,0.13239996
15355,0.11114396
15356,0.14753076
15359,0.35518453
15360,0.14201617
15361,0.074003085
15364,0.16208938
15367,0.07058897
15368,0.21374956
15372,0.22501132
15374,0.060137577
15377,0.16335188
15383,0.16621347
15386,0.02560236
15391,0.13984607
15394,0.04523389
15395,0.1587433
15396,0.0641602
15397,0.13520513
15400,0.07935625
15404,0.12790594
15408,0.11538577
15409,0.06366064
15411,0.23273036
15414,0.16420393
15416,0.12959819
15421,0.07292064
15423,0.10572915
15425,0.054751247
15426,0.14881057
15428,0.16143124
15429,0.12143471
15437,0.15740958
15438,0.054023076
15449,0.11949359
15456,0.16711453
15459,0.19671884
15460,0.1418033
15465,0.14906228
15466,0.15805507
15468,0.18953022
15469,0.043076612
15470,0.1144883
15473,0.18905206
15474,0.16337138
15484,0.10321641
15486,0.14378938
15488,0.15555513
15489,0.030459266
15493,0.13394359
15494,0.13777259
15511,0.04910175
15512,0.16627815
15517,0.18202145
15518,0.15867874
15522,0.042765237
15524,0.15064803
15526,0.108594045
15527,0.13525143
15528,0.117026426
15534,0.1318994
15537,0.15905084
15538,0.17064433
15541,0.033352427
15544,0.14778118
15545,0.13084045
15546,0.055383593
15547,0.06463863
15548,0.17705597
15549,0.17796502
15550,0.13050425
15551,0.06924721
15552,0.053883057
15553,0.14219491
15562,0.11627909
15563,0.23137145
15564,0.16631484
15567,0.15475953
15568,0.13304037
15569,0.05951501
15573,0.065121256
15574,0.10255669
15579,0.1588547
15581,0.05854709
15582,0.14088295
15586,0.17094292
15589,0.12988344
15591,0.11929878
15594,0.11590495
15596,0.122559294
15598,0.14329329
15600,0.13114102
15603,0.16703703
15617,0.05591943
15619,0.1674007
15625,0.120175384
15633,0.058564764
15636,0.15201306
15637,0.18141618
15640,0.12487016
15641,0.14408289
15642,0.116641
15643,0.080927834
15650,0.11161437
15653,0.070055544
15655,0.20638743
15661,0.15774941
15663,0.14726594
15665,0.05421575
15667,0.14444363
15671,0.057438813
15673,0.21805295
15676,0.053408742
15679,0.15272601
15684,0.23263268
15685,0.060389828
15690,0.11979296
15695,0.11364075
15699,0.21188696
15701,0.069211885
15705,0.21440277
15709,0.057235055
15717,0.16062658
15718,0.28379786
15724,0.15967093
15725,0.12918751
15728,0.12572175
15729,0.14923501
15731,0.13151193
15732,0.12922278
15733,0.14244406
15739,0.25245714
15742,0.05077344
15743,0.058269005
15744,0.11113534
15745,0.04056067
15748,0.057194114
15751,0.17325498
15752,0.13830705
15760,0.057541646
15761,0.06285701
15764,0.13858454
15766,0.18975551
15770,0.053544648
15773,0.06900878
15777,0.14895532
15778,0.19071046
15780,0.07321124
15782,0.3505904
15783,0.14924903
15785,0.11985503
15787,0.14581622
15788,0.18790504
15793,0.19747595
15795,0.14058661
15798,0.18565145
15801,0.181428
15809,0.12632595
15810,0.13319284
15814,0.14531468
15833,0.25280032
15835,0.18534553
15837,0.049872052
15841,0.12471501
15842,0.038513407
15845,0.14006133
15849,0.060710467
15850,0.06436038
15851,0.05121283
15853,0.12036933
15854,0.14366513
15857,0.0648553
15861,0.25822896
15868,0.22069263
15871,0.13460545
15873,0.10794197
15876,0.1439606
15883,0.13377154
15884,0.12223276
15887,0.088445425
15888,0.122110024
15890,0.15398514
15891,0.16032793
15892,0.13432683
15893,0.12272028
15897,0.123804055
15898,0.23950203
15902,0.18987381
15903,0.06399849
15905,0.18132682
15910,0.14841482
15911,0.14959465
15912,0.12516323
15916,0.063459754
15917,0.05074635
15924,0.17713493
15930,0.18893515
15932,0.18640688
15937,0.1251743
15940,0.14694533
15942,0.1422144
15943,0.23058252
15946,0.13185352
15948,0.050763648
15949,0.059392255
15952,0.13495122
15954,0.05985285
15956,0.14555016
15957,0.07741913
15960,0.061215065
15962,0.11999111
15965,0.13683656
15968,0.15690538
15969,0.14314526
15975,0.11647487
15977,0.23538741
15982,0.16668348
15988,0.14881179
15990,0.063823424
15991,0.057111185
15992,0.03584372
15993,0.19744006
15997,0.14207743
16003,0.12385036
16009,0.14798465
16014,0.18685947
16015,0.154742
16016,0.06516741
16019,0.14138135
16026,0.11685336
16029,0.17278369
16030,0.1603913
16031,0.056678005
16032,0.13303298
16037,0.056905694
16045,0.18802537
16049,0.19300884
16051,0.1334375
16055,0.1743445
16061,0.15893266
16064,0.15238945
16065,0.036815725
16076,0.26028734
16078,0.21749473
16085,0.13079943
16087,0.058642585
16088,0.19940567
16091,0.14125517
16092,0.14016488
16093,0.15218683
16095,0.16925688
16101,0.118880734
16102,0.15940759
16110,0.16171077
16111,0.13478276
16113,0.15692483
16118,0.14627035
16121,0.03618054
16123,0.19883755
16127,0.14028098
16129,0.02686716
16130,0.1245177
16133,0.12593116
16135,0.14028913
16136,0.11460705
16137,0.17930856
16138,0.058472227
16140,0.16977489
16141,0.16004851
16142,0.120243944
16145,0.16368431
16147,0.18763432
16148,0.1910496
16149,0.15378456
16163,0.19459753
16166,0.05093662
16169,0.11653985
16172,0.15972915
16173,0.1795285
16176,0.16731004
16177,0.14829262
16179,0.16008134
16181,0.028606247
16182,0.26751024
16197,0.16429877
16198,0.13160829
16199,0.13859013
16203,0.087594256
16204,0.075769134
16218,0.08680346
16219,0.18239775
16226,0.15569595
16227,0.10861639
16228,0.16222723
16229,0.15689106
16230,0.13979729
16235,0.1200166
16237,0.055340767
16240,0.10914819
16242,0.12864162
16246,0.19165115
16247,0.15687026
16248,0.14588566
16254,0.38788086
16256,0.17503648
16258,0.11564197
16260,0.053591657
16266,0.16184929
16270,0.1549359
16271,0.15501559
16272,0.12864658
16274,0.11906868
16275,0.14002264
16276,0.054724775
16277,0.12956321
16278,0.031208387
16279,0.1487991
16280,0.18426181
16284,0.12950468
16286,0.12606733
16288,0.17047109
16293,0.12942664
16299,0.22545663
16300,0.14397061
16307,0.11560658
16314,0.15573737
16315,0.13314423
16319,0.14868316
16320,0.17673905
16321,0.12147131
16325,0.053972673
16329,0.05606231
16333,0.028570196
16335,0.16264272
16336,0.16024932
16342,0.1391882
16343,0.21759923
16346,0.16828881
16347,0.13760753
16348,0.18701567
16350,0.06475622
16352,0.12759788
16354,0.15225995
16356,0.1488501
16357,0.1840916
16358,0.12839766
16362,0.12002758
16364,0.058221716
16367,0.14822924
16371,0.11830811
16374,0.13253157
16376,0.14811338
16377,0.21559271
16378,0.1549398
16381,0.08089999
16384,0.14967111
16386,0.13475505
16388,0.11814332
16391,0.16981967
16394,0.13822725
16397,0.059535928
16398,0.17538588
16400,0.14315596
16404,0.17082426
16409,0.12713382
16411,0.101999685
16418,0.266748
16420,0.13520344
16421,0.1485096
16425,0.12360463
16426,0.1312485
16429,0.1763325
16430,0.16098891
16431,0.056257058
16437,0.06402069
16438,0.037985273
16439,0.12192285
16440,0.055400394
16441,0.15476015
16451,0.1267446
16461,0.1544285
16464,0.24260774
16466,0.20795822
16467,0.12724327
16468,0.15920012
16469,0.15306142
16470,0.17711157
16483,0.174417
16488,0.06352435
16490,0.062485773
16496,0.18779755
16502,0.06832114
16511,0.055789053
16512,0.1409169
16513,0.13845882
16514,0.022043357
16515,0.047803205
16517,0.14743587
16520,0.059439432
16525,0.12536213
16529,0.1200902
16532,0.14754407
16536,0.27163845
16540,0.05869612
16542,0.15619321
16548,0.1311761
16549,0.10434898
16551,0.29677564
16552,0.11377287
16557,0.13942213
16558,0.119028285
16559,0.1635053
16561,0.15230095
16562,0.14394525
16564,0.11649784
16566,0.13126984
16572,0.14719602
16573,0.1647822
16574,0.17625058
16575,0.06831527
16579,0.186003
16582,0.119213894
16584,0.17555581
16586,0.13124783
16588,0.14595088
16595,0.14882255
16597,0.115224876
16600,0.18157676
16601,0.142944
16606,0.34772727
16608,0.035982817
16611,0.13196781
16613,0.17062573
16619,0.15625097
16622,0.1335112
16624,0.14127356
16626,0.15237255
16628,0.13138509
16630,0.12494223
16631,0.066576466
16634,0.13200465
16638,0.18676272
16643,0.103369355
16645,0.17818066
16649,0.15027115
16651,0.15817054
16652,0.13280685
16653,0.085848175
16669,0.14903188
16672,0.12973823
16677,0.16299938
16679,0.12843135
16680,0.15262139
16681,0.05291299
16684,0.037651043
16685,0.121004835
16686,0.17467467
16689,0.109548606
16690,0.032005157
16692,0.11686809
16693,0.051086538
16696,0.056004982
16703,0.22181007
16704,0.033580057
16707,0.116646156
16711,0.1117679
16713,0.114660665
16714,0.34989017
16716,0.12225183
16717,0.14598581
16718,0.13135955
16720,0.048883736
16723,0.10926149
16724,0.23845872
16728,0.30359715
16730,0.11701357
16743,0.09954995
16744,0.031105554
16748,0.13637371
16750,0.13958928
16752,0.14752147
16753,0.12144564
16755,0.16002207
16756,0.055044025
16760,0.16097184
16764,0.05577468
16771,0.14530197
16772,0.1948851
16776,0.14170237
16777,0.08187123
16780,0.15300001
16781,0.13547994
16788,0.14116585
16792,0.14135844
16794,0.16959134
16795,0.053756606
16796,0.038855
16798,0.13325502
16801,0.169808
16802,0.12020836
16803,0.17723577
16815,0.121943995
16816,0.13388658
16818,0.1577116
16819,0.17531434
16824,0.11353203
16829,0.13709654
16833,0.14988145
16834,0.1325017
16846,0.16238351
16847,0.16782294
16848,0.14005986
16852,0.1398842
16853,0.15629672
16857,0.14191985
16858,0.1868804
16861,0.15568778
16862,0.15999731
16867,0.1288791
16869,0.12690505
16870,0.1462297
16872,0.12611523
16877,0.11430192
16883,0.1265131
16890,0.061250262
16893,0.13027522
16894,0.06650003
16897,0.12531713
16901,0.13607097
16902,0.094632626
16906,0.042664833
16910,0.037848625
16911,0.2654124
16921,0.122980975
16926,0.15960635
16928,0.14752935
16932,0.18012397
16933,0.12708978
16935,0.15792751
16943,0.15536544
16947,0.0337631
16948,0.1391594
16949,0.054382622
16953,0.1505924
16954,0.13957015
16956,0.13896915
16958,0.036566783
16962,0.12332811
16969,0.055488937
16970,0.029276604
16979,0.14041069
16981,0.1537216
16983,0.15266146
16984,0.10811118
16985,0.13570957
16987,0.14896658
16989,0.30197424
16990,0.18354829
16992,0.13401505
16995,0.13399288
16997,0.3277444
17000,0.1657652
17002,0.17120823
17003,0.14372115
17006,0.20235729
17007,0.15021856
17008,0.04514169
17014,0.1265929
17015,0.1485879
17018,0.1678892
17020,0.08286132
17024,0.23351383
17026,0.20521942
17028,0.14320879
17035,0.13886353
17038,0.1401891
17041,0.23758721
17046,0.16773038
17052,0.035093658
17053,0.08196156
17056,0.09105933
17063,0.1448088
17068,0.12213968
17073,0.058969934
17077,0.13500914
17078,0.12531972
17081,0.14537455
17083,0.16497163
17085,0.13009626
17086,0.13539122
17087,0.1429868
17088,0.14047632
17090,0.13411213
17093,0.05156841
17094,0.06824862
17095,0.12060215
17096,0.06907847
17099,0.16061834
17101,0.15744978
17102,0.13978465
17104,0.14294203
17105,0.14871304
17115,0.13218668
17116,0.14109528
17122,0.056049537
17123,0.058460258
17127,0.14888604
17128,0.13647418
17131,0.15804474
17136,0.13869147
17140,0.043619625
17141,0.12850435
17146,0.104241885
17147,0.055815272
17149,0.19033104
17155,0.14703374
17158,0.17229839
17159,0.13130505
17163,0.13881156
17164,0.13428482
17165,0.15811928
17169,0.19856814
17170,0.12407889
17171,0.16861603
17172,0.10634055
17175,0.3687393
17177,0.13945396
17181,0.12704112
17183,0.054480292
17188,0.11585317
17189,0.13264498
17191,0.12868837
17192,0.13041583
17194,0.118995056
17210,0.12047006
17212,0.21605635
17219,0.2884677
17220,0.12554269
17225,0.1543372
17227,0.14573756
17228,0.044226035
17229,0.054841794
17231,0.14600542
17232,0.15700507
17233,0.046124667
17237,0.12676176
17240,0.16605261
17241,0.13262555
17243,0.101787925
17246,0.20795031
17247,0.11932324
17251,0.33521467
17253,0.12679207
17254,0.062474526
17256,0.053308826
17257,0.12333006
17262,0.1129631
17267,0.07492824
17268,0.13069859
17269,0.12679425
17270,0.13671806
17275,0.18498811
17276,0.19360027
17277,0.23855844
17279,0.13123399
17283,0.06000462
17287,0.13596496
17288,0.07008787
17294,0.13828123
17295,0.036375225
17298,0.14920008
17300,0.041667234
17302,0.18522963
17303,0.14204846
17305,0.15208288
17307,0.17715147
17310,0.1260968
17312,0.07407709
17316,0.1512565
17317,0.12081964
17318,0.058258437
17320,0.04817182
17323,0.13057746
17324,0.11602553
17328,0.22913405
17332,0.1515292
17333,0.117152594
17335,0.03909001
17338,0.13205135
17340,0.17944594
17344,0.18025333
17345,0.18067479
17349,0.17768398
17351,0.14489946
17352,0.13042621
17354,0.06840859
17356,0.20555949
17357,0.17080134
17361,0.061706
17362,0.18930571
17363,0.17776653
17366,0.1528246
17367,0.13027772
17369,0.06907661
17371,0.18303995
17373,0.1525738
17378,0.16460824
17380,0.15085045
17382,0.16233194
17383,0.1488327
17387,0.14385262
17389,0.14982194
17391,0.084307835
17398,0.1352948
17402,0.12682095
17405,0.22716455
17407,0.055965416
17409,0.13305119
17411,0.17384166
17412,0.050067075
17413,0.1401505
17415,0.14844404
17420,0.13015452
17421,0.12817775
17422,0.15422574
17428,0.1401731
17430,0.0959848
17433,0.122261606
17435,0.16033296
17438,0.113650784
17440,0.06011039
17442,0.1331449
17444,0.14338973
17448,0.1406543
17449,0.22366078
17462,0.16636017
17464,0.14539456
17466,0.06712042
17468,0.17114489
17469,0.13178603
17472,0.10116927
17473,0.14606246
17475,0.15465543
17479,0.049890783
17481,0.12926796
17482,0.15393692
17485,0.049681827
17486,0.26295328
17488,0.14803836
17489,0.031693973
17490,0.11602305
17491,0.06316596
17492,0.162231
17494,0.08369668
17497,0.24257986
17500,0.12911263
17506,0.17235683
17507,0.14428735
17508,0.26976776
17510,0.114780106
17512,0.22166614
17513,0.1595583
17515,0.1617099
17520,0.17302993
17521,0.15765594
17522,0.16950348
17523,0.13067414
17524,0.12931387
17530,0.27080962
17535,0.14956895
17536,0.14087728
17545,0.14516154
17548,0.16139337
17549,0.12476371
17553,0.15225145
17555,0.16782844
17557,0.14304443
17558,0.14510493
17559,0.14904901
17562,0.17241809
17564,0.029929528
17565,0.19609071
17566,0.15362695
17567,0.17210643
17568,0.057990443
17569,0.13191926
17572,0.11274105
17573,0.18483706
17575,0.13106254
17577,0.14713272
17578,0.13639888
17580,0.12163241
17581,0.15706933
17585,0.13073441
17586,0.16838583
17591,0.1398736
17594,0.1919822
17596,0.113831304
17599,0.22385459
17602,0.16738102
17603,0.16775188
17606,0.05217109
17614,0.17409709
17621,0.17795828
17624,0.19842617
17626,0.2226706
17628,0.034439713
17629,0.15106156
17630,0.17604358
17631,0.14765888
17633,0.082523786
17636,0.18942474
17641,0.13997397
17642,0.25129175
17645,0.19825113
17646,0.1661579
17650,0.12530799
17655,0.12124233
17659,0.14242908
17660,0.12749395
17662,0.13627169
17664,0.0695156
17671,0.028927097
17673,0.16379187
17676,0.16073355
17679,0.16556403
17685,0.17525545
17705,0.19058426
17708,0.1586955
17711,0.15478301
17714,0.17369822
17715,0.058788758
17721,0.14925604
17724,0.22720583
17726,0.16252074
17728,0.13594979
17730,0.11787643
17732,0.12488822
17735,0.28678685
17737,0.10347392
17738,0.16168766
17739,0.15822378
17747,0.15376331
17749,0.14652993
17752,0.13931866
17753,0.15351598
17756,0.13402379
17758,0.06832467
17760,0.16218519
17762,0.15030602
17763,0.18894981
17769,0.063793935
17775,0.14387336
17776,0.059671544
17781,0.15656085
17782,0.12290816
17783,0.051313482
17784,0.19511902
17785,0.12452225
17798,0.114011444
17799,0.15108751
17800,0.29168788
17803,0.12445704
17804,0.040508665
17805,0.108687736
17808,0.16400167
17817,0.13529184
17823,0.28326145
17824,0.13820073
17825,0.15276024
17827,0.053182565
17828,0.1454387
17831,0.12789887
17834,0.12919128
17835,0.31867206
17837,0.12049113
17838,0.17359915
17839,0.14178239
17843,0.20298252
17846,0.33869332
17847,0.16425346
17848,0.14699562
17853,0.07401303
17856,0.14087209
17859,0.13386029
17863,0.075222395
17868,0.058665533
17869,0.121913716
17870,0.1780484
17875,0.059179027
17876,0.1594904
17877,0.15199995
17879,0.1768404
17884,0.16133715
17885,0.07410561
17886,0.031357743
17890,0.15218322
17897,0.07952982
17900,0.07556264
17902,0.14430317
17903,0.1470462
17908,0.13335106
17914,0.14571734
17915,0.1379964
17916,0.056889344
17920,0.15358055
17921,0.19398457
17924,0.15601905
17925,0.09377775
17926,0.08313945
17928,0.18845606
17930,0.12283739
17932,0.11153307
17933,0.17372853
17939,0.15720782
17941,0.23189604
17943,0.20970216
17947,0.05907142
17948,0.12550464
17950,0.14405783
17956,0.1424702
17959,0.13415238
17970,0.17467625
17973,0.1389476
17974,0.15811014
17975,0.11646287
17976,0.17290318
17980,0.09113748
17986,0.17171654
17987,0.05694123
17990,0.20880905
17994,0.12779398
17999,0.14066966
18002,0.05582316
18003,0.049068816
18005,0.20538731
18007,0.2191168
18013,0.11535154
18015,0.054754607
18016,0.1337783
18018,0.12883969
18019,0.15189879
18026,0.12771127
18030,0.15986519
18032,0.15113859
18035,0.12752949
18039,0.14277256
18042,0.13274826
18044,0.16114256
18045,0.14175746
18046,0.1609365
18052,0.13103676
18054,0.05954088
18055,0.18973887
18059,0.10940329
18066,0.13619076
18072,0.1850378
18073,0.031855673
18077,0.17813417
18081,0.05881219
18083,0.1177396
18084,0.15085194
18085,0.12669933
18086,0.13429847
18087,0.1508532
18092,0.15275858
18093,0.100520685
18095,0.064956725
18097,0.11711464
18100,0.15793553
18101,0.10105269
18103,0.15473822
18104,0.15171108
18105,0.1297179
18109,0.11709436
18110,0.20434017
18113,0.18386807
18117,0.06759977
18119,0.13405013
18126,0.17638282
18127,0.05880332
18128,0.0541325
18129,0.15359864
18130,0.10738069
18137,0.38074842
18142,0.14690545
18144,0.048635148
18145,0.1119326
18146,0.15021728
18149,0.19697349
18152,0.05101847
18153,0.20849693
18154,0.16142151
18155,0.13649073
18156,0.18402267
18161,0.16070469
18163,0.07337677
18165,0.058842074
18166,0.12785216
18168,0.16077973
18172,0.04708121
18174,0.1604213
18176,0.065342225
18177,0.07717491
18179,0.1572981
18181,0.16384903
18182,0.05463607
18183,0.16197377
18187,0.13244186
18188,0.22112057
18189,0.15512916
18194,0.14334077
18196,0.1408411
18197,0.15053694
18198,0.083892226
18199,0.17326847
18201,0.16192824
18205,0.12537965
18206,0.15064734
18207,0.16970386
18210,0.12129595
18212,0.14695327
18214,0.11266854
18215,0.13549964
18216,0.15647511
18220,0.06414887
18221,0.21446761
18222,0.051822048
18223,0.198054
18227,0.16847768
18228,0.17663696
18229,0.06530355
18232,0.18198565
18234,0.15792339
18239,0.1640384
18243,0.14321175
18244,0.06469745
18245,0.16905966
18246,0.08900113
18248,0.15185325
18250,0.26359048
18253,0.27907926
18254,0.13862248
18256,0.14523116
18257,0.14208607
18263,0.061809503
18264,0.032555435
18266,0.1430262
18267,0.029635286
18268,0.1332813
18269,0.16641442
18270,0.15790454
18271,0.2949687
18272,0.11245586
18276,0.15749213
18277,0.05749196
18280,0.12713389
18282,0.052289605
18285,0.17244248
18288,0.36374965
18295,0.05989341
18298,0.09673629
18300,0.13277707
18301,0.13848622
18302,0.12291755
18304,0.062618695
18305,0.15814203
18306,0.20971343
18307,0.060676206
18308,0.06472872
18309,0.14060657
18311,0.18080589
18313,0.14604688
18314,0.15778682
18318,0.17407894
18320,0.20859346
18321,0.11401069
18330,0.15365574
18334,0.12622282
18336,0.05204048
18337,0.12698014
18338,0.11643529
18339,0.13639465
18341,0.23281665
18347,0.067149594
18354,0.05978025
18355,0.06722252
18356,0.14303318
18358,0.12764254
18360,0.20219386
18361,0.12502626
18363,0.16946156
18364,0.24430147
18367,0.12713344
18380,0.05095751
18383,0.1431988
18384,0.13461712
18385,0.15363854
18387,0.36234266
18390,0.15777342
18391,0.19843753
18392,0.14028132
18395,0.34948832
18396,0.18514042
18397,0.13323142
18399,0.14369701
18400,0.22013724
18403,0.15385021
18404,0.12645087
18406,0.12192514
18407,0.25588948
18413,0.14819786
18415,0.15862758
18417,0.1768451
18420,0.062187206
18422,0.11997835
18425,0.06411196
18426,0.3667239
18427,0.038044613
18428,0.14985423
18429,0.15068471
18430,0.120664574
18431,0.13709787
18432,0.18606558
18433,0.37651944
18435,0.13826011
18436,0.105650686
18437,0.051669825
18439,0.11549982
18444,0.14796369
18446,0.13926314
18448,0.1608786
18455,0.08557954
18457,0.16167195
18459,0.17056522
18463,0.18499562
18464,0.1324906
18467,0.13250878
18469,0.15981261
18471,0.0626134
18475,0.13192229
18476,0.05416022
18477,0.12454071
18483,0.15153012
18488,0.17577413
18489,0.064683534
18490,0.1362847
18492,0.27948484
18493,0.13254726
18494,0.13599515
18498,0.08915916
18502,0.128407
18503,0.036175244
18504,0.16608563
18506,0.12132891
18507,0.15729737
18508,0.12854473
18512,0.12605478
18515,0.042274214
18517,0.15980458
18518,0.13061696
18520,0.13219479
18521,0.13044383
18522,0.15835686
18523,0.12233703
18524,0.06296116
18530,0.109877266
18531,0.16471235
18532,0.061447836
18533,0.1504834
18534,0.15228973
18540,0.12354179
18542,0.13016918
18543,0.14488411
18544,0.1428258
18547,0.14610894
18549,0.030857366
18552,0.14879233
18553,0.19839884
18555,0.13846767
18558,0.17045733
18565,0.060072936
18568,0.22108471
18572,0.121523
18575,0.15985683
18576,0.17785373
18579,0.1374058
18581,0.15526178
18583,0.087787114
18584,0.030638551
18585,0.054595374
18590,0.056189537
18594,0.14443952
18595,0.12980716
18598,0.121840395
18600,0.18749471
18601,0.3427372
18602,0.118381225
18603,0.24189949
18604,0.031067675
18610,0.14503244
18611,0.13694672
18615,0.1721955
18617,0.13544694
18619,0.1721407
18623,0.05499847
18630,0.13326566
18631,0.18329583
18632,0.058775008
18633,0.13029942
18638,0.1381682
18639,0.11881991
18640,0.13785127
18641,0.051482856
18645,0.18697074
18648,0.091360696
18649,0.12819318
18651,0.12509069
18653,0.076682106
18656,0.19011721
18657,0.12855902
18658,0.16950126
18659,0.13346861
18661,0.17332143
18663,0.24996214
18668,0.17571236
18669,0.1298556
18671,0.12968674
18672,0.0787292
18673,0.16217177
18679,0.15216714
18689,0.14612927
18690,0.15324526
18692,0.132771
18694,0.15057167
18695,0.20108938
18698,0.1493554
18699,0.14310594
18704,0.1573778
18706,0.35123414
18709,0.15946335
18712,0.1732873
18713,0.18067136
18717,0.14890367
18719,0.39710814
18724,0.12096214
18725,0.058962308
18728,0.1793457
18729,0.13529229
18732,0.04105814
18733,0.14566718
18734,0.06823409
18735,0.1481482
18736,0.15935095
18739,0.1305795
18740,0.15772083
18742,0.16225398
18743,0.23657408
18749,0.056795727
18750,0.13783263
18751,0.12019906
18755,0.13973935
18756,0.032529727
18759,0.13494387
18760,0.07364896
18762,0.16877241
18765,0.1289415
18766,0.1534055
18769,0.119116805
18772,0.13425623
18773,0.0375242
18774,0.14601724
18778,0.13722749
18780,0.068857156
18782,0.14494827
18784,0.12809315
18785,0.16066179
18786,0.16218571
18801,0.07583667
18804,0.15774661
18807,0.14878385
18810,0.22290996
18811,0.12753609
18815,0.122223124
18816,0.15875067
18818,0.1639945
18819,0.17815214
18820,0.17765565
18821,0.25423378
18822,0.18655208
18825,0.1576995
18827,0.26078933
18831,0.13669069
18832,0.14553928
18834,0.22170815
18836,0.13545112
18837,0.1223437
18840,0.06978799
18842,0.10038296
18847,0.12926753
18849,0.13720307
18852,0.11762657
18854,0.15698431
18855,0.13658524
18857,0.12489023
18859,0.18166727
18860,0.14345405
18861,0.16959119
18862,0.05000207
18864,0.12851347
18868,0.13794187
18870,0.16198833
18871,0.05736361
18874,0.13360244
18880,0.23404157
18882,0.13526179
18884,0.12159026
18889,0.17051527
18892,0.16208531
18894,0.22761767
18895,0.16826066
18897,0.2217514
18898,0.05497635
18900,0.22766185
18902,0.15803917
18907,0.19066541
18909,0.17878892
18910,0.33177423
18914,0.13664487
18917,0.13355985
18918,0.11178082
18921,0.2446361
18924,0.14794782
18925,0.11512508
18927,0.13747457
18928,0.057696156
18929,0.11367228
18930,0.1378392
18932,0.14704874
18935,0.04067616
18938,0.04192754
18940,0.12715423
18941,0.1419882
18942,0.1672687
18944,0.061376564
18946,0.15853377
18949,0.1287257
18954,0.0643757
18956,0.15175991
18957,0.062482674
18959,0.1596879
18960,0.105563305
18962,0.16721246
18963,0.18450691
18964,0.29228827
18965,0.14288257
18967,0.11910281
18969,0.14191969
18971,0.20053072
18973,0.13579963
18977,0.13452414
18978,0.16751917
18981,0.16501811
18982,0.059750963
18983,0.15435366
18984,0.12500773
18985,0.12265428
18986,0.18808742
18987,0.1355528
18988,0.122698106
18991,0.058419894
18992,0.1287535
18993,0.16351806
18994,0.22539285
18995,0.14978102
18997,0.13045403
18999,0.1436042
19002,0.12257604
19004,0.12998956
19005,0.10273053
19007,0.136499
19010,0.14951614
19012,0.13223001
19014,0.11514815
19016,0.16814032
19017,0.18282697
19018,0.13079432
19019,0.13932976
19022,0.18362193
19023,0.28462273
19024,0.21245953
19028,0.139026
19029,0.05050685
19030,0.06826706
19031,0.18719591
19034,0.15054807
19035,0.05112374
19036,0.1807884
19037,0.13158199
19038,0.17012747
19040,0.035888948
19042,0.20858684
19043,0.115931585
19044,0.10650072
19047,0.1912143
19048,0.1766051
19049,0.14774838
19051,0.16264692
19053,0.13824877
19054,0.23641245
19056,0.118743934
19057,0.16883227
19058,0.14152762
19059,0.10631905
19060,0.13051748
19062,0.16533296
19064,0.15502675
19071,0.22556591
19078,0.11580221
19079,0.14664446
19080,0.10802649
19081,0.07424102
19085,0.15355553
19088,0.15993008
19089,0.14309458
19090,0.15967909
19091,0.25321114
19092,0.11202045
19094,0.1382719
19099,0.1719977
19100,0.13144234
19101,0.06248494
19103,0.15674081
19104,0.15277068
19106,0.12830777
19107,0.2548699
19108,0.1537217
19109,0.02781872
19111,0.15314029
19112,0.16198418
19113,0.12934753
19114,0.15138733
19116,0.16612932
19117,0.17396592
19121,0.13438416
19125,0.20849209
19127,0.20276685
19128,0.1425173
19136,0.13352725
19137,0.12842193
19142,0.14829783
19143,0.12323029
19144,0.1330645
19146,0.15799548
19147,0.114754796
19152,0.06642405
19154,0.05976488
19157,0.14637783
19160,0.14721653
19161,0.06565198
19162,0.22027364
19165,0.057123356
19167,0.05387492
19168,0.17102496
19171,0.06555645
19172,0.030127395
19173,0.16502672
19174,0.15770213
19176,0.12000662
19177,0.14999646
19178,0.04073143
19179,0.22241163
19180,0.18384202
19182,0.15959144
19184,0.16539046
19185,0.032644883
19187,0.06336878
19189,0.24701338
19191,0.10989757
19193,0.1178902
19194,0.17157073
19197,0.22403197
19198,0.13522586
19200,0.16712971
19202,0.031237528
19204,0.079784274
19205,0.14733014
19206,0.12321158
19212,0.06209717
19213,0.13044952
19214,0.3820137
19222,0.15841389
19223,0.14623258
19225,0.21878004
19228,0.16125172
19230,0.40368477
19236,0.1567058
19240,0.16708922
19241,0.15525526
19242,0.1325361
19243,0.32455334
19244,0.12936744
19248,0.15600479
19249,0.18140939
19250,0.14418074
19251,0.16312382
19254,0.15018514
19255,0.13587041
19258,0.17058167
19259,0.14020963
19260,0.23576596
19261,0.117408894
19262,0.061990462
19264,0.117541775
19265,0.21087205
19266,0.15127365
19270,0.13918559
19271,0.13102767
19274,0.16236383
19275,0.16579993
19276,0.07653532
19278,0.05424153
19280,0.13570441
19282,0.15176661
19287,0.18930238
19288,0.14245704
19290,0.14354551
19293,0.17096886
19295,0.22834262
19298,0.18440466
19299,0.17218047
19300,0.059681296
19301,0.13162935
19304,0.15152408
19305,0.17186251
19306,0.12153445
19309,0.162815
19310,0.12893257
19311,0.22484322
19313,0.18172248
19317,0.17059687
19320,0.15732396
19322,0.048839528
19324,0.17275262
19325,0.1551493
19326,0.10754462
19328,0.14519523
19330,0.146785
19331,0.42076477
19332,0.14597663
19334,0.15515034
19337,0.14732991
19338,0.15660432
19340,0.1256395
19341,0.13638029
19342,0.14154026
19343,0.16761675
19347,0.35164827
19348,0.18638468
19349,0.2138361
19354,0.16061017
19356,0.15027313
19357,0.14247327
19358,0.23311901
19361,0.135758
19362,0.14959766
19365,0.14547004
19366,0.12764058
19367,0.1902009
19369,0.1417742
19372,0.14896485
19376,0.048118643
19377,0.1533278
19382,0.061204053
19383,0.24143514
19384,0.15525451
19385,0.12508366
19386,0.17303881
19388,0.16146603
19392,0.13432297
19393,0.15762667
19394,0.112757266
19395,0.21998541
19396,0.13412955
19397,0.13411747
19399,0.16253021
19400,0.1717717
19402,0.14289962
19403,0.16977525
19404,0.114246644
19405,0.13523659
19406,0.1444526
19408,0.11325045
19412,0.18137124
19414,0.14271286
19419,0.24011175
19421,0.16749649
19424,0.12981114
19429,0.38316798
19431,0.15055001
19432,0.13072689
19434,0.060124166
19435,0.1441686
19436,0.12409896
19438,0.1536345
19439,0.24296014
19441,0.054724135
19442,0.05408647
19443,0.1399674
19447,0.09598199
19448,0.12679403
19449,0.14837019
19450,0.15701747
19452,0.15668799
19455,0.2618047
19458,0.14021344
19459,0.167398
19460,0.13732262
19461,0.033310283
19462,0.13441189
19463,0.14811847
19468,0.16340049
19469,0.053460114
19470,0.31983358
19471,0.28077653
19472,0.15589298
19474,0.14659385
19475,0.13640395
19477,0.14890087
19478,0.14033101
19479,0.231914
19482,0.13505603
19484,0.24201003
19487,0.13618793
19492,0.13757737
19495,0.12736474
19502,0.13752717
19505,0.11885979
19506,0.12138913
19507,0.1263877
19510,0.12157489
19511,0.3708283
19512,0.029997524
19515,0.15959184
19520,0.17681286
19521,0.15315741
19526,0.17821097
19527,0.15286979
19531,0.26894912
19532,0.13036516
19534,0.16263807
19538,0.16901115
19539,0.050576944
19542,0.09408551
19543,0.11381519
19545,0.14345908
19546,0.15918657
19548,0.19257721
19550,0.17143297
19552,0.12930995
19553,0.017301727
19554,0.14298561
19555,0.13422611
19556,0.14619085
19557,0.1600686
19561,0.1491813
19563,0.14853886
19570,0.14729008
19572,0.15642229
19574,0.22041039
19578,0.12764388
19579,0.16238514
19582,0.18834436
19586,0.032858692
19587,0.08066121
19589,0.10500312
19590,0.05654084
19592,0.1486161
19594,0.069299966
19596,0.2094256
19599,0.1242858
19600,0.12105139
19603,0.11719854
19604,0.13432825
19605,0.17384516
19607,0.11996077
19616,0.05438404
19618,0.07022166
19619,0.058546174
19620,0.14156613
19623,0.122122444
19624,0.1920723
19625,0.15143666
19626,0.17393203
19628,0.1429461
19629,0.1828046
19631,0.11953013
19633,0.1261473
19634,0.13578597
19635,0.22735175
19636,0.16161878
19637,0.1356542
19639,0.18842195
19643,0.13944872
19644,0.15810017
19645,0.19715348
19647,0.17259127
19649,0.15561128
19650,0.15081784
19652,0.16363093
19653,0.214516
19656,0.13277619
19660,0.15933806
19663,0.14177763
19664,0.17400603
19666,0.16953723
19668,0.14440341
19671,0.12899603
19672,0.13721451
19674,0.22631288
19675,0.14325592
19676,0.1460055
19678,0.16880247
19679,0.14918408
19680,0.21370694
19681,0.16634892
19682,0.1347882
19683,0.16338931
19684,0.118870534
19686,0.12199076
19687,0.17423049
19691,0.13148284
19692,0.13266523
19698,0.20756397
19699,0.14526592
19700,0.13108172
19702,0.14229982
19706,0.18734553
19707,0.37693918
19708,0.1406058
19709,0.1898552
19710,0.12494109
19711,0.1297325
19713,0.07795416
19714,0.12911764
19716,0.1599696
19718,0.116376854
19719,0.1721997
19720,0.10697325
19724,0.046601787
19726,0.25509676
19727,0.15328696
19728,0.05261777
19729,0.15667924
19731,0.21444774
19733,0.16092698
19735,0.12375686
19736,0.1660856
19743,0.13893984
19744,0.14493695
19746,0.14699212
19748,0.15297507
19750,0.15944211
19751,0.2038267
19753,0.13249102
19754,0.16197553
19758,0.122864105
19760,0.15787151
19766,0.06904274
19769,0.038824756
19770,0.1604805
19775,0.15330532
19778,0.10427382
19779,0.05301532
19781,0.13012394
19782,0.3881433
19783,0.124229096
19784,0.05666711
19785,0.25992543
19788,0.25852966
19790,0.1404803
19791,0.06544526
19792,0.050961457
19793,0.14599952
19795,0.12013154
19797,0.2695083
19802,0.07621405
19803,0.16714957
19805,0.1533724
19806,0.15763795
19810,0.18001725
19813,0.031295113
19818,0.11677742
19819,0.15721565
19820,0.17195897
19824,0.19238012
19828,0.12991302
19830,0.15260896
19831,0.24481766
19832,0.03673332
19833,0.1863192
19834,0.15360023
19835,0.15745243
19836,0.12253614
19838,0.16100991
19839,0.15202427
19841,0.14778268
19843,0.14048757
19844,0.12623927
19845,0.13364689
19847,0.23549548
19848,0.1856202
19851,0.22146896
19853,0.18876506
19855,0.132458
19857,0.1679084
19858,0.1488463
19861,0.0651314
19867,0.14315505
19868,0.14647624
19871,0.115185484
19875,0.1643923
19878,0.16448203
19879,0.06416907
19881,0.17790559
19882,0.13964248
19883,0.13214807
19884,0.24157803
19887,0.3731659
19889,0.13816713
19890,0.151655
19893,0.21751574
19894,0.24650002
19896,0.124758184
19898,0.34565392
19900,0.27489132
19901,0.13476332
19904,0.15097317
19906,0.3748677
19914,0.033625953
19916,0.06886857
19920,0.23893055
19921,0.062349506
19922,0.11466944
19924,0.25489405
19925,0.15973611
19926,0.15756515
19935,0.05023674
19937,0.113969825
19938,0.11565866
19941,0.15221822
19943,0.11424287
19946,0.15484545
19949,0.06206578
19953,0.13488214
19955,0.14938743
19957,0.15213975
19958,0.12711327
19959,0.16637129
19960,0.16222517
19963,0.13114947
19964,0.34654385
19965,0.1681942
19966,0.1727978
19967,0.12527044
19968,0.16170315
19969,0.04693418
19970,0.04021161
19972,0.11102331
19973,0.14407192
19974,0.10592189
19975,0.15047292
19977,0.2813012
19983,0.059261102
19984,0.077699386
19986,0.2611553
19987,0.15507774
19988,0.14606318
19989,0.11758914
19993,0.10099374
19995,0.12854129
19996,0.18444285
20001,0.14267106
20003,0.12026
20004,0.17265691
20011,0.28425387
20016,0.18210045
20019,0.15512827
20020,0.12790263
20024,0.16004448
20025,0.29338172
20027,0.13977984
20030,0.1629037
20031,0.052359007
20032,0.13636287
20034,0.17551124
20035,0.14539757
20037,0.06785591
20039,0.15526375
20040,0.1308955
20041,0.14898685
20042,0.16282728
20043,0.15888561
20045,0.12732057
20047,0.18388474
20048,0.30052325
20049,0.13552998
20051,0.30771422
20053,0.15619494
20055,0.166092
20057,0.21878716
20058,0.154774
20061,0.136707
20065,0.15556142
20066,0.1340798
20067,0.15022466
20068,0.05002917
20070,0.19723077
20072,0.13538316
20073,0.17106919
20075,0.17430651
20077,0.21834786
20078,0.14542097
20079,0.16943505
20083,0.14206427
20084,0.088498004
20085,0.13821442
20086,0.061552
20088,0.13254406
20089,0.16742048
20090,0.042649634
20091,0.32790107
20094,0.17862867
20096,0.1517057
20098,0.1221654
20100,0.1621234
20102,0.19945695
20103,0.16681258
20104,0.21006986
20106,0.123709306
20108,0.41791305
20110,0.15188535
20117,0.18689144
20118,0.36345515
20119,0.13091251
20120,0.23839216
20126,0.112972066
20127,0.13044441
20133,0.13879591
20138,0.12788343
20141,0.1352082
20145,0.16737826
20146,0.07165817
20148,0.15974851
20150,0.16150284
20151,0.14159214
20152,0.18267643
20156,0.12536408
20158,0.13660076
20160,0.14061847
20161,0.05773548
20162,0.14708395
20164,0.18663399
20167,0.104340695
20169,0.15113315
20170,0.14177212
20171,0.1383311
20172,0.06533047
20174,0.11339818
20175,0.15946051
20178,0.14464678
20181,0.1460153
20184,0.061704773
20187,0.30116558
20189,0.14346349
20190,0.14915827
20191,0.13729665
20192,0.17561874
20193,0.15996854
20197,0.23501715
20198,0.12188818
20199,0.13168919
20201,0.13818029
20202,0.10884453
20203,0.16963473
20204,0.15097381
20205,0.1480212
20208,0.06236897
20210,0.1526533
20211,0.14752014
20212,0.14676216
20213,0.15562272
20214,0.16741928
20217,0.12789713
20218,0.14612602
20220,0.15580305
20221,0.11347093
20225,0.1401116
20226,0.15564254
20229,0.13125762
20234,0.15012947
20238,0.14819169
20241,0.074632086
20242,0.1622121
20243,0.16277573
20245,0.15663698
20248,0.16224973
20250,0.13886793
20251,0.20459464
20252,0.1297191
20255,0.064727046
20256,0.15391545
20259,0.05021738
20260,0.05925561
20261,0.12250173
20262,0.14554712
20263,0.12663345
20265,0.02886044
20266,0.23346928
20269,0.05199896
20270,0.1366942
20274,0.1101977
20276,0.19930282
20277,0.26500067
20278,0.113879934
20282,0.14520317
20285,0.14150108
20286,0.21871948
20287,0.06832317
20288,0.24325447
20291,0.20528594
20292,0.053837508
20293,0.1604856
20296,0.15421501
20300,0.13043079
20302,0.16034023
20303,0.14593992
20305,0.17882909
20306,0.17830305
20309,0.12866098
20314,0.2408537
20315,0.11731394
20316,0.15669473
20317,0.12968394
20318,0.16199358
20319,0.11662273
20320,0.18867008
20323,0.16687849
20324,0.05723102
20325,0.056457423
20326,0.06162859
20327,0.11356951
20330,0.123139
20331,0.15768254
20342,0.17343684
20343,0.13741133
20345,0.16938421
20347,0.07228104
20348,0.12968996
20352,0.093743384
20354,0.051040936
20355,0.13325848
20356,0.23187105
20357,0.16813143
20359,0.12638381
20361,0.15964451
20363,0.06251604
20365,0.14563622
20367,0.32106528
20370,0.05656172
20372,0.120991096
20373,0.13960005
20375,0.35446087
20376,0.13047364
20379,0.062223297
20380,0.16711506
20383,0.11722895
20384,0.16362374
20385,0.1137115
20386,0.13348936
20387,0.18971936
20389,0.13807702
20391,0.18707874
20392,0.08213051
20395,0.14162251
20396,0.22392216
20398,0.32576296
20401,0.1543644
20403,0.1471022
20404,0.13887057
20406,0.26623952
20407,0.14886376
20409,0.16760638
20411,0.13170573
20412,0.14066899
20418,0.16425863
20419,0.13805231
20420,0.051368363
20423,0.14844117
20430,0.17314148
20432,0.12655798
20433,0.40035462
20434,0.24821281
20437,0.14341572
20438,0.16853073
20439,0.13952947
20440,0.12178743
20442,0.14812782
20444,0.23240514
20446,0.127188
20449,0.17126784
20452,0.12992139
20454,0.14632286
20455,0.15053776
20456,0.13775778
20458,0.14594118
20462,0.13824876
20464,0.14992118
20465,0.12047966
20467,0.14676163
20468,0.05145651
20472,0.18885157
20473,0.047788113
20475,0.13191026
20477,0.17196178
20482,0.14149982
20483,0.2500013
20486,0.21473002
20487,0.15715703
20490,0.1568181
20491,0.12267021
20494,0.054965056
20495,0.1407965
20496,0.115414456
20497,0.12943402
20498,0.22174577
20499,0.15544753
20507,0.11240904
20508,0.14524181
20509,0.07028467
20510,0.13031647
20511,0.14867938
20512,0.05913453
20513,0.1715935
20517,0.14549327
20518,0.22158477
20522,0.16203454
20525,0.15770322
20526,0.11824529
20531,0.2094765
20534,0.1716136
20536,0.13172977
20540,0.13814132
20544,0.15806113
20546,0.14409027
20548,0.05634747
20549,0.13044634
20550,0.044992663
20551,0.116995454
20552,0.1392342
20553,0.12790635
20555,0.20580193
20559,0.16780731
20560,0.13485532
20561,0.2621965
20562,0.14238027
20563,0.15242891
20565,0.15536013
20567,0.14276795
20568,0.21572343
20569,0.14290492
20572,0.15715778
20580,0.17623895
20582,0.15014298
20584,0.2610105
20585,0.1650431
20588,0.035970785
20591,0.1588914
20596,0.13605417
20597,0.06803174
20600,0.16030066
20602,0.2201291
20606,0.056780837
20609,0.13890187
20610,0.18687032
20611,0.17650634
20613,0.1394413
20616,0.20985572
20619,0.030817425
20622,0.17202997
20627,0.14368944
20630,0.12714384
20631,0.042539615
20637,0.11921396
20641,0.27122855
20643,0.26913717
20645,0.16724125
20647,0.12814005
20650,0.1502501
20651,0.11964657
20653,0.18374291
20654,0.17128557
20655,0.055423956
20656,0.17239407
20657,0.1375564
20659,0.034701537
20661,0.06347926
20662,0.061284997
20663,0.12936766
20666,0.14961077
20667,0.11643145
20668,0.15241566
20669,0.26372808
20673,0.06819981
20675,0.14834316
20676,0.19125192
20677,0.1348398
20681,0.1174377
20684,0.123696744
20686,0.1468713
20687,0.13709846
20689,0.15095988
20690,0.162281
20691,0.15249877
20692,0.14109905
20694,0.12184354
20695,0.17117842
20696,0.06640903
20698,0.14316446
20700,0.19377865
20703,0.13631856
20704,0.34284392
20705,0.14439031
20706,0.11552397
20707,0.15975598
20710,0.2884474
20711,0.1306169
20712,0.07295213
20713,0.14845046
20714,0.15914015
20715,0.13453884
20716,0.17067493
20722,0.1600526
20724,0.179191
20726,0.23088345
20728,0.18346366
20729,0.22905275
20730,0.16194431
20734,0.13832784
20735,0.054234587
20736,0.12854764
20737,0.11429999
20738,0.15989736
20742,0.2156455
20743,0.033218626
20744,0.11965643
20745,0.1430712
20746,0.15504555
20751,0.09327103
20754,0.17176957
20756,0.22333507
20758,0.12504455
20759,0.14433259
20760,0.17027268
20761,0.19771746
20762,0.11925149
20763,0.08837164
20764,0.119787574
20767,0.25265795
20769,0.08368564
20770,0.16374472
20773,0.14843312
20775,0.31291333
20776,0.117338404
20777,0.22485113
20778,0.05851412
20782,0.1251004
20783,0.1361765
20784,0.12146248
20786,0.109299146
20787,0.13006905
20788,0.13421708
20789,0.034574606
20790,0.06771518
20791,0.13145487
20800,0.24050167
20801,0.13545987
20804,0.13477235
20807,0.18295929
20809,0.0543999
20810,0.32528532
20812,0.3556186
20814,0.15068828
20815,0.14865401
20818,0.027220165
20819,0.15444842
20820,0.15835974
20821,0.14912172
20823,0.13752638
20826,0.16168647
20827,0.29220214
20828,0.15568373
20829,0.116317555
20830,0.17708084
20831,0.13140424
20833,0.15324529
20835,0.07093679
20836,0.12536255
20837,0.15941824
20838,0.13860431
20841,0.1463311
20842,0.14811517
20843,0.13450241
20844,0.10946621
20845,0.13638905
20849,0.19826682
20850,0.12585728
20851,0.16190939
20852,0.15389138
20853,0.17484245
20854,0.14698322
20855,0.16601855
20857,0.061562248
20859,0.16098337
20861,0.13020027
20863,0.16706075
20864,0.24527276
20865,0.1259568
20866,0.0697843
20867,0.24010208
20868,0.2180871
20869,0.15777093
20872,0.17295745
20874,0.057048343
20875,0.14259025
20876,0.13882224
20878,0.17841968
20879,0.13573177
20880,0.055946194
20882,0.23557742
20883,0.21225679
20885,0.029682208
20886,0.15769947
20887,0.074917436
20888,0.16730656
20889,0.1317561
20891,0.11834248
20892,0.16696227
20893,0.13756745
20896,0.13392086
20897,0.029688228
20899,0.13693912
20900,0.23243801
20901,0.14380594
20902,0.1500741
20903,0.11376635
20905,0.11703575
20906,0.23293576
20911,0.13700509
20912,0.16848378
20913,0.1562106
20915,0.13565794
20916,0.19062404
20917,0.35634178
20921,0.1243273
20924,0.115514696
20925,0.15806869
20926,0.13744214
20930,0.15405004
20932,0.13912883
20933,0.15303123
20935,0.16747658
20937,0.07953629
20940,0.16138242
20941,0.05064396
20943,0.12765357
20944,0.057848085
20946,0.09199902
20947,0.15731075
20949,0.13648777
20950,0.115340546
20955,0.12510388
20957,0.16082762
20958,0.15505758
20960,0.1343611
20965,0.24290724
20973,0.26274014
20975,0.12555638
20976,0.17905994
20984,0.15436764
20985,0.13238025
20991,0.28445178
20994,0.039523743
20997,0.14054242
20998,0.1494473
21003,0.13862035
21004,0.15945525
21006,0.09843641
21008,0.121558145
21009,0.06820376
21010,0.1561268
21013,0.24220172
21014,0.18492977
21016,0.12559077
21017,0.12724021
21021,0.055414923
21023,0.13229674
21024,0.1446779
21025,0.111226894
21027,0.1611006
21029,0.07688255
21030,0.07940981
21031,0.055325042
21032,0.17608944
21033,0.15708975
21034,0.21470097
21035,0.055962842
21038,0.124250665
21039,0.115749165
21042,0.15340814
21046,0.12946153
21047,0.15907428
21050,0.060825795
21051,0.21361396
21052,0.13323073
21054,0.04732301
21056,0.18953916
21057,0.12924603
21058,0.14322339
21059,0.10791419
21060,0.07692629
21063,0.032031942
21066,0.05887402
21074,0.15131019
21076,0.151598
21077,0.16238293
21078,0.10603694
21080,0.118225
21084,0.03029103
21090,0.2020148
21093,0.11558388
21094,0.13505736
21095,0.25003693
21096,0.1589615
21097,0.20231125
21098,0.06365873
21099,0.13530451
21102,0.17207149
21103,0.15384413
21104,0.123754285
21105,0.13174471
21106,0.18837714
21107,0.18941554
21108,0.1545572
21109,0.057331074
21114,0.050668478
21119,0.1368598
21120,0.124696866
21121,0.13841024
21125,0.1717714
21128,0.14785847
21129,0.065953285
21130,0.15301281
21131,0.13186714
21133,0.21441367
21134,0.15891778
21135,0.12344979
21137,0.10430422
21138,0.12673154
21139,0.061677992
21140,0.1301935
21141,0.13213198
21142,0.14513528
21143,0.17835042
21144,0.11164411
21146,0.09628688
21147,0.17735764
21149,0.1252241
21150,0.15740524
21152,0.25105825
21153,0.15986836
21155,0.0638841
21158,0.114674434
21159,0.1444067
21161,0.17820469
21162,0.114640035
21163,0.16255324
21166,0.1471303
21167,0.17073801
21173,0.11135341
21174,0.15533914
21177,0.16332182
21178,0.14954591
21180,0.23519251
21181,0.057939358
21182,0.052524038
21183,0.1421002
21184,0.13646056
21186,0.121386364
21187,0.20989633
21188,0.122401096
21189,0.15838555
21192,0.15251696
21193,0.17748952
21196,0.04112256
21198,0.16087392
21199,0.14224713
21200,0.17057545
21204,0.15087645
21206,0.13921091
21207,0.13624442
21208,0.15934521
21210,0.13423958
21211,0.05190634
21212,0.123982094
21213,0.12582958
21214,0.15236786
21216,0.23050508
21217,0.06139026
21218,0.15598647
21219,0.22333822
21220,0.13369799
21223,0.27734765
21224,0.18648078
21226,0.26679772
21227,0.13228688
21229,0.028713638
21231,0.15769802
21232,0.18013778
21233,0.13542452
21237,0.11821654
21240,0.15346858
21245,0.24129936
21246,0.16400652
21248,0.1650187
21251,0.121659815
21252,0.12753229
21254,0.11763579
21256,0.15634775
21257,0.15072306
21258,0.21002655
21259,0.25968352
21260,0.1651174
21262,0.14419378
21263,0.2008293
21264,0.18178315
21265,0.1442783
21268,0.059138607
21269,0.030458186
21271,0.25851834
21272,0.20271933
21274,0.15289667
21276,0.11482887
21279,0.13931209
21281,0.12223552
21283,0.2200127
21285,0.09881906
21288,0.13428256
21289,0.20220962
21291,0.12964173
21292,0.0529734
21294,0.17974201
21296,0.15186444
21299,0.13000454
21300,0.16396299
21304,0.03278042
21306,0.06730982
21307,0.12795487
21309,0.16212246
21312,0.12879515
21314,0.14394633
21315,0.34769538
21316,0.1179444
21317,0.13359511
21318,0.08233194
21319,0.17458428
21320,0.14062849
21321,0.118744776
21322,0.24049322
21323,0.19507468
21324,0.1270297
21326,0.267204
21327,0.14333084
21328,0.15137443
21330,0.11418285
21331,0.14381403
21332,0.23276368
21333,0.16237955
21334,0.154527
21339,0.068674795
21340,0.029070158
21342,0.049876098
21344,0.15762666
21345,0.22533944
21346,0.2520841
21347,0.060937416
21348,0.048320767
21349,0.150601
21350,0.1566808
21352,0.057374857
21355,0.06222754
21359,0.23602541
21361,0.13333604
21362,0.12396014
21364,0.13367678
21366,0.10238043
21367,0.14697886
21368,0.120115325
21374,0.2291142
21379,0.120032
21380,0.06439081
21382,0.115028426
21383,0.112652384
21385,0.14581531
21388,0.15796715
21391,0.15433888
21393,0.14610498
21394,0.22280093
21395,0.11793663
21398,0.14792457
21399,0.048159402
21400,0.19901156
21401,0.12648547
21402,0.21426508
21403,0.2073288
21404,0.058002464
21406,0.13511166
21409,0.12452076
21410,0.14832991
21412,0.15144894
21413,0.11564647
21414,0.14482947
21415,0.16436991
21417,0.048681516
21418,0.15735924
21419,0.118949845
21420,0.13442543
21421,0.2508215
21422,0.12244377
21423,0.061142683
21426,0.16697711
21429,0.055811398
21432,0.15220505
21433,0.1472649
21434,0.13217846
21435,0.15885894
21436,0.056992542
21437,0.20755115
21438,0.14055245
21443,0.18323936
21445,0.15103641
21446,0.114320554
21448,0.17478466
21450,0.05484437
21451,0.15617329
21452,0.14352575
21453,0.13052303
21455,0.15631917
21456,0.16125491
21458,0.051241796
21459,0.16918565
21463,0.16254115
21464,0.38777244
21466,0.03787241
21468,0.13401692
21470,0.10514071
21473,0.18156438
21474,0.15125749
21476,0.16782019
21478,0.1036459
21479,0.13517092
21482,0.12465823
21486,0.10128067
21487,0.13694637
21488,0.11978982
21489,0.058885634
21490,0.13636205
21492,0.29792067
21493,0.27159345
21495,0.16519487
21499,0.13755663
21500,0.11791533
21503,0.15719816
21504,0.16438651
21511,0.05700748
21513,0.14971428
21514,0.031724267
21515,0.27877808
21516,0.13032518
21517,0.028888244
21519,0.1361095
21521,0.14131978
21522,0.28191656
21525,0.07055928
21526,0.235338
21527,0.13093658
21529,0.16213217
21530,0.10720317
21531,0.28960672
21532,0.22696385
21533,0.11141207
21534,0.18683542
21538,0.077057585
21540,0.13561931
21542,0.12131429
21544,0.1539832
21545,0.06761203
21547,0.13865177
21548,0.14514297
21551,0.12042234
21552,0.18394747
21556,0.11664889
21557,0.12630579
21558,0.1284744
21559,0.2203916
21560,0.11444664
21563,0.059976228
21567,0.15844946
21568,0.13209994
21570,0.064748906
21575,0.1352457
21576,0.35178882
21577,0.053426214
21579,0.13799225
21580,0.05400928
21581,0.120615624
21582,0.11554066
21586,0.15927014
21588,0.13707909
21589,0.14241746
21590,0.11089244
21592,0.14876747
21593,0.17089237
21594,0.16240045
21595,0.06916453
21596,0.15112485
21597,0.13349956
21599,0.1533902
21600,0.07129039
21604,0.05579452
21605,0.16626072
21606,0.32164735
21607,0.15783814
21608,0.17610344
21611,0.06247018
21612,0.25189146
21613,0.16676567
21614,0.14817657
21617,0.1515488
21618,0.13022456
21621,0.12667455
21623,0.16327426
21624,0.12396423
21625,0.37054476
21626,0.14156792
21634,0.13550149
21636,0.14846885
21638,0.14156143
21641,0.14366682
21643,0.14792363
21645,0.0544722
21646,0.061784487
21649,0.16280732
21650,0.1332736
21651,0.060675133
21652,0.117518365
21653,0.1615633
21654,0.17426112
21659,0.13844402
21660,0.026590979
21661,0.11505518
21664,0.13930123
21665,0.12317245
21666,0.36893016
21669,0.15662035
21671,0.13335264
21673,0.21613133
21675,0.16706276
21676,0.13929102
21677,0.12137295
21678,0.19534764
21680,0.1531729
21681,0.15527616
21683,0.13234511
21684,0.122419104
21685,0.059383027
21686,0.15932196
21688,0.15037452
21689,0.17015512
21690,0.15447026
21692,0.15907207
21693,0.14596166
21694,0.04792934
21695,0.11742679
21696,0.12909739
21697,0.1363246
21698,0.22122145
21699,0.12398692
21705,0.1410003
21709,0.13993864
21710,0.19240916
21711,0.29318494
21714,0.14003175
21715,0.17457
21716,0.13757768
21719,0.2406038
21721,0.18988572
21723,0.19426468
21727,0.23849508
21728,0.12725079
21729,0.13723259
21730,0.052898616
21731,0.19413392
21732,0.080944344
21733,0.13244393
21734,0.16157037
21736,0.12746647
21737,0.1330171
21738,0.1416839
21739,0.18980035
21741,0.18093586
21742,0.19324104
21745,0.24716452
21746,0.054845788
21747,0.14353497
21750,0.10276953
21751,0.108726874
21754,0.13906762
21756,0.1776268
21757,0.16085696
21758,0.14656356
21760,0.12355429
21765,0.13486637
21767,0.11406171
21768,0.12258283
21769,0.14801708
21770,0.10315242
21771,0.1174688
21772,0.1734021
21773,0.13646689
21774,0.16124155
21775,0.12052703
21780,0.14685687
21781,0.15704612
21782,0.15503764
21790,0.13757597
21791,0.15951368
21792,0.14522004
21793,0.22540204
21794,0.104923345
21796,0.054704983
21798,0.16357183
21799,0.12737314
21800,0.14434877
21802,0.14183801
21803,0.13914001
21804,0.13664575
21805,0.12863216
21806,0.14875308
21807,0.19888441
21808,0.15654315
21812,0.11869671
21813,0.03211989
21816,0.16087878
21817,0.11479213
21819,0.1379105
21821,0.05340938
21823,0.15092072
21826,0.15305859
21827,0.124108635
21828,0.15228787
21829,0.10948342
21831,0.15595551
21833,0.12959
21836,0.2202001
21837,0.19157317
21838,0.13629141
21839,0.15667698
21840,0.12306547
21844,0.16475222
21846,0.12896137
21847,0.15586953
21848,0.21066006
21851,0.16726594
21852,0.16969493
21853,0.1741958
21855,0.11881914
21856,0.2265708
21859,0.16303834
21862,0.07957931
21864,0.07084781
21866,0.24720404
21867,0.15299661
21868,0.1536355
21869,0.12366106
21870,0.11593586
21871,0.18314523
21872,0.05046056
21873,0.21741429
21874,0.12261178
21876,0.12683412
21877,0.2161766
21879,0.19172168
21882,0.24261627
21885,0.1505054
21886,0.108371
21887,0.1351591
21888,0.16693975
21889,0.14119938
21890,0.14946063
21893,0.15408933
21894,0.15279874
21895,0.12487718
21896,0.21766643
21899,0.22590089
21900,0.15206182
21901,0.1350508
21903,0.14267002
21905,0.16158713
21906,0.22993514
21908,0.09253365
21910,0.17416796
21911,0.11590022
21913,0.15114784
21914,0.12144615
21916,0.1184196
21918,0.05592289
21919,0.11885917
21921,0.15280125
21923,0.12168332
21925,0.060868513
21926,0.18821158
21927,0.16376014
21928,0.13849752
21930,0.15607837
21931,0.16824538
21934,0.14028458
21935,0.15298922
21936,0.3782285
21937,0.12701166
21938,0.24904065
21939,0.35599265
21941,0.1177672
21942,0.14587294
21945,0.16975813
21946,0.12115828
21947,0.18106697
21948,0.14108261
21952,0.06986083
21953,0.17169672
21957,0.16375294
21958,0.05216217
21959,0.13817617
21961,0.118175425
21962,0.15172437
21963,0.054966338
21964,0.1494585
21967,0.170011
21969,0.06250518
21970,0.1451941
21971,0.050236076
21973,0.18041193
21974,0.109533384
21980,0.13455261
21981,0.061793417
21983,0.12079827
21984,0.10688293
21985,0.14215383
21986,0.15879203
21990,0.16253491
21991,0.13612588
21992,0.12312709
21994,0.17226794
21995,0.117823765
21996,0.063161984
21997,0.14717166
21998,0.16860205
21999,0.13652313
22002,0.048939653
22004,0.1400096
22005,0.27940115
22007,0.13475025
22008,0.14172965
22009,0.10992529
22012,0.34703237
22013,0.13389914
22015,0.06952301
22016,0.12021071
22017,0.057755034
22019,0.21618183
22020,0.18414637
22021,0.024996798
22022,0.14232525
22023,0.14947915
22025,0.17846347
22027,0.19719505
22028,0.056257736
22033,0.12620899
22034,0.2285871
22035,0.15223238
22036,0.13934048
22038,0.040303327
22039,0.16671816
22042,0.20894006
22044,0.10536873
22045,0.13839895
22048,0.23760442
22049,0.1285573
22051,0.13667914
22052,0.061626382
22053,0.15525973
22054,0.14913657
22055,0.14509937
22056,0.15285511
22058,0.21286646
22059,0.13909748
22061,0.0626304
22062,0.12195639
22065,0.12705779
22066,0.119358286
22068,0.19358407
22069,0.15390256
22074,0.18665598
22076,0.15804744
22077,0.12034498
22078,0.14765027
22079,0.25276026
22080,0.14633685
22082,0.050228667
22084,0.14909887
22085,0.15885763
22086,0.17131732
22090,0.20667937
22091,0.1632038
22093,0.13576822
22095,0.057436407
22098,0.14604023
22099,0.06407311
22100,0.07281834
22101,0.18736371
22102,0.40170032
22103,0.1125624
22106,0.15403716
22107,0.16034356
22111,0.16047439
22112,0.19534665
22116,0.06304352
22121,0.21441536
22123,0.06210848
22124,0.064293504
22125,0.10796338
22126,0.16375837
22127,0.08122466
22130,0.1408273
22131,0.19426134
22132,0.06798659
22134,0.25699025
22135,0.14948003
22136,0.2411303
22137,0.16108078
22141,0.18496713
22143,0.14635734
22146,0.13916746
22147,0.13392928
22148,0.2259535
22149,0.12720028
22151,0.14779195
22152,0.14063795
22153,0.13190982
22154,0.15275641
22156,0.19297083
22158,0.14358334
22159,0.17091084
22160,0.16639301
22161,0.15301459
22163,0.078752436
22164,0.19667394
22166,0.15004222
22167,0.060792178
22168,0.2637647
22169,0.18990088
22172,0.15735705
22175,0.13183805
22176,0.05724137
22177,0.110969685
22178,0.30472082
22181,0.15249781
22182,0.13287066
22183,0.05565703
22184,0.12337564
22186,0.3445
22187,0.1557424
22190,0.18976076
22193,0.12210729
22194,0.12995106
22195,0.16600846
22196,0.057898324
22197,0.2170471
22198,0.054523848
22199,0.18779656
22200,0.15768097
22202,0.23373258
22203,0.14014646
22204,0.1608082
22205,0.120435216
22206,0.1364787
22208,0.16467747
22210,0.118724965
22212,0.2605554
22214,0.12861013
22216,0.1673511
22219,0.18464518
22222,0.18248188
22223,0.23080012
22224,0.12800416
22225,0.15610652
22226,0.059600867
22227,0.23793407
22229,0.111616775
22231,0.130959
22233,0.17136113
22234,0.2923856
22235,0.13381848
22236,0.15423939
22237,0.15677354
22240,0.10532878
22241,0.18995556
22242,0.14543685
22243,0.11965363
22245,0.14131278
22248,0.18089017
22249,0.15890922
22250,0.18165879
22251,0.14894457
22252,0.06350692
22253,0.14871617
22254,0.11255658
22255,0.14854506
22257,0.10969476
22260,0.14651993
22262,0.18469778
22263,0.15916505
22264,0.14279316
22265,0.13947333
22267,0.33292896
22268,0.20629962
22269,0.2135314
22271,0.05795427
22272,0.15655863
22273,0.14079317
22274,0.20498335
22275,0.07942587
22277,0.42576608
22282,0.14050493
22283,0.0693393
22284,0.055187695
22286,0.16361353
22287,0.054854006
22288,0.13178554
22289,0.17629334
22290,0.1220132
22291,0.12750712
22292,0.054990016
22293,0.15578105
22295,0.15215616
22296,0.15403035
22297,0.14809354
22298,0.13706174
22299,0.12996443
22300,0.20295326
22302,0.20818913
22303,0.22524598
22305,0.1095438
22306,0.16135703
22307,0.22196868
22308,0.1261662
22309,0.1626161
22312,0.28145728
22313,0.11695349
22314,0.16632125
22315,0.13175139
22316,0.26110557
22317,0.057446092
22318,0.15694198
22319,0.2590859
22320,0.15461676
22322,0.18077701
22323,0.2358338
22324,0.14882883
22328,0.13305055
22329,0.13354613
22330,0.14965329
22331,0.1637538
22332,0.14268276
22333,0.053061426
22334,0.13939518
22335,0.16148171
22336,0.18126632
22338,0.26169387
22339,0.1323603
22341,0.10663718
22342,0.15065387
22343,0.17037648
22344,0.060097862
22345,0.19215195
22346,0.082519084
22350,0.14051473
22351,0.12921047
22353,0.15011844
22354,0.18641587
22355,0.12560628
22358,0.14408676
22362,0.1717374
22365,0.1618987
22366,0.20227273
22368,0.12887862
22369,0.12007211
22370,0.048965763
22371,0.11186143
22372,0.22269425
22373,0.13869329
22374,0.11664039
22375,0.12751734
22376,0.18218872
22377,0.13054924
22378,0.14079525
22379,0.16661452
22382,0.11581676
22386,0.13494878
22387,0.22729099
22388,0.12122433
22390,0.14719646
22391,0.1263156
22392,0.1070645
22393,0.3351101
22394,0.17302579
22395,0.1693832
22397,0.16289043
22399,0.21082754
22401,0.14618433
22402,0.15760851
22403,0.16028401
22405,0.20281625
22406,0.14721476
22407,0.19651215
22408,0.16340366
22409,0.052466474
22410,0.12728894
22411,0.3313233
22413,0.18363793
22415,0.1486817
22416,0.16770324
22419,0.1906333
22422,0.16350313
22424,0.16900864
22425,0.25357974
22426,0.15155005
22427,0.17611797
22428,0.1485701
22429,0.15937433
22430,0.11737098
22431,0.1352893
22432,0.12926272
22433,0.056780558
22436,0.100318596
22437,0.14394805
22438,0.14981084
22439,0.1209448
22440,0.17059143
22441,0.12670976
22442,0.12871334
22443,0.1535155
22444,0.12069191
22446,0.051775284
22447,0.16505286
22448,0.16104347
22449,0.13254115
22450,0.13609724
22451,0.1388344
22452,0.21094188
22454,0.06083966
22455,0.40255785
22457,0.14363214
22459,0.12166287
22460,0.14472432
22461,0.1332108
22462,0.17413364
22464,0.15393017
22465,0.15646039
22466,0.23182592
22470,0.24979682
22474,0.19159181
22476,0.11120687
22477,0.14831515
22479,0.1606825
22480,0.29668078
22482,0.14007974
22485,0.1251556
22486,0.17196214
22487,0.121084034
22488,0.068557024
22489,0.123619
22492,0.14911309
22493,0.15939394
22495,0.14915586
22497,0.17192248
22499,0.13785154
22500,0.1170582
22502,0.15225616
22507,0.13381858
22508,0.045572087
22510,0.12440495
22512,0.14047977
22513,0.13672704
22515,0.16341242
22518,0.16148853
22519,0.13606939
22520,0.12624773
22521,0.08148192
22523,0.17798242
22524,0.36345628
22525,0.1541669
22526,0.25321922
22527,0.14441064
22528,0.14365268
22529,0.08734824
22530,0.19600111
22531,0.13408487
22533,0.15429685
22538,0.13267706
22540,0.046207406
22542,0.14198564
22544,0.14917175
22546,0.07688475
22547,0.25706652
22549,0.13778526
22550,0.3028124
22551,0.28409982
22552,0.16810624
22553,0.029480552
22554,0.22968622
22558,0.058894224
22560,0.111587964
22561,0.17561786
22562,0.1669657
22563,0.2712613
22564,0.2267715
22565,0.14824533
22566,0.1405293
22567,0.17294317
22570,0.13269112
22573,0.18301526
22577,0.17143843
22580,0.1477224
22581,0.14373235
22583,0.21594088
22584,0.16260757
22585,0.10607364
22587,0.10939501
22588,0.14696369
22591,0.2465223
22592,0.18986937
22593,0.16370174
22595,0.22106838
22596,0.22803518
22597,0.15462157
22598,0.16421145
22599,0.052425526
22600,0.1512284
22601,0.14685689
22602,0.17133364
22603,0.21198145
22604,0.22219403
22605,0.14401558
22606,0.06873421
22607,0.16000728
22608,0.12993348
22609,0.15065682
22610,0.17869234
22611,0.15072948
22612,0.13436633
22613,0.28255448
22614,0.24137978
22615,0.06401481
22618,0.13844094
22621,0.16467923
22622,0.13648823
22624,0.1538405
22626,0.16371134
22627,0.15089892
22628,0.12763628
22629,0.14004403
22630,0.13660243
22631,0.114703044
22633,0.13662192
22634,0.13966236
22635,0.14502212
22637,0.12621582
22639,0.18566854
22641,0.13823584
22642,0.18571381
22643,0.16316088
22644,0.39831454
22646,0.1364973
22647,0.25523716
22648,0.1444234
22650,0.25207084
22652,0.124508716
22653,0.13239953
22655,0.24515119
22657,0.028764984
22658,0.15841709
22662,0.13892674
22663,0.12954417
22664,0.22702321
22665,0.14808117
22666,0.2519762
22668,0.17765367
22669,0.1906479
22670,0.20273678
22671,0.17322698
22672,0.08992225
22673,0.06070931
22676,0.12559451
22678,0.16815022
22682,0.16420995
22683,0.14549229
22684,0.12638383
22685,0.13321559
22686,0.1446788
22687,0.23972206
22688,0.12417642
22690,0.16422592
22691,0.14156042
22692,0.15527241
22694,0.13545533
22695,0.1570403
22696,0.060298003
22697,0.29827785
22699,0.24403563
22702,0.27602476
22704,0.07831483
22705,0.17299417
22706,0.18885455
22709,0.055357385
22711,0.23917684
22712,0.15605953
22714,0.16668954
22715,0.13517462
22716,0.12865789
22717,0.19086762
22718,0.056201905
22720,0.3436292
22721,0.061876666
22724,0.14548787
22725,0.16784337
22726,0.23851928
22728,0.11145884
22729,0.07996024
22730,0.16979127
22732,0.16291466
22733,0.20704417
22734,0.15912375
22735,0.3402033
22736,0.12318919
22737,0.14302215
22738,0.029829973
22739,0.28803572
22740,0.26259953
22742,0.15411337
22743,0.20451081
22745,0.14125636
22746,0.03118514
22748,0.39510214
22749,0.19181791
22751,0.07101941
22752,0.15062289
22753,0.35640836
22756,0.1366357
22757,0.048196085
22758,0.19962701
22759,0.15456326
22762,0.11762898
22763,0.24801262
22764,0.15718684
22766,0.070488945
22768,0.060187005
22769,0.12137465
22770,0.11387713
22772,0.2594853
22773,0.12262748
22775,0.14149514
22776,0.2031774
22777,0.12706527
22779,0.06978731
22780,0.157994
22781,0.3962782
22783,0.19528241
22784,0.14570867
22786,0.17296574
22789,0.13580495
22791,0.060637664
22793,0.16493744
22794,0.13357136
22795,0.07139871
22796,0.069262974
22798,0.16097887
22800,0.14070284
22801,0.18241681
22802,0.17988813
22804,0.067355126
22808,0.12899968
22810,0.35399607
22811,0.13778046
22812,0.055427033
22813,0.1461157
22814,0.15309009
22816,0.12811282
22818,0.14890604
22820,0.26015896
22821,0.05531969
22823,0.13867882
22824,0.14343226
22825,0.120582655
22826,0.21665227
22828,0.12770154
22829,0.21847124
22830,0.22524491
22831,0.14850983
22832,0.13830626
22833,0.056556165
22836,0.16532321
22839,0.12072824
22840,0.07092053
22841,0.14653662
22842,0.12411871
22845,0.19605905
22846,0.1300628
22847,0.1460185
22848,0.13513593
22851,0.13448942
22853,0.11946436
22855,0.1414666
22859,0.124869846
22860,0.37495774
22861,0.123463094
22862,0.22903907
22864,0.14866623
22865,0.03161056
22870,0.14654344
22871,0.16076148
22873,0.12500767
22874,0.15578479
22875,0.13147576
22876,0.16930576
22877,0.3443748
22878,0.14044797
22879,0.34800524
22880,0.16891423
22882,0.13259746
22883,0.308673
22884,0.15471286
22886,0.029662501
22887,0.14381364
22888,0.1491354
22889,0.16720459
22890,0.20091042
22891,0.0358323
22894,0.1860801
22897,0.16490655
22898,0.24603383
22899,0.05911354
22900,0.050572503
22901,0.122784175
22904,0.12566032
22905,0.15652385
22906,0.18616071
22907,0.2128369
22908,0.16302064
22909,0.068178706
22910,0.15664235
22911,0.15019491
22913,0.15198338
22915,0.1696804
22918,0.11683641
22919,0.24335638
22921,0.2775444
22922,0.052455664
22923,0.14797905
22925,0.15470827
22926,0.10101622
22927,0.15718612
22928,0.12586384
22929,0.1948064
22930,0.11248632
22933,0.15542477
22934,0.15894106
22935,0.119158365
22936,0.21024439
22937,0.14838669
22938,0.17270195
22940,0.121291116
22941,0.4220613
22943,0.14130878
22945,0.11769843
22946,0.13881615
22947,0.2059232
22948,0.23146597
22949,0.21722932
22950,0.14766526
22951,0.14287975
22952,0.15995544
22953,0.15454865
22954,0.14935245
22955,0.35620648
22957,0.37553942
22958,0.13461523
22959,0.11827837
22961,0.16205165
22962,0.13405696
22963,0.12923904
22964,0.16591962
22965,0.14740841
22966,0.15076932
22967,0.17566042
22968,0.35401028
22969,0.13614212
22970,0.11496506
22971,0.1701713
22972,0.33041307
22973,0.19057935
22974,0.2103308
22976,0.13000731
22977,0.13212112
22978,0.1689877
22980,0.12958221
22981,0.08568455
22983,0.121979214
22986,0.14429009
22988,0.171732
22989,0.3604373
22990,0.1387364
22992,0.12868193
22993,0.027264237
22995,0.13851765
22996,0.0815561
22997,0.06047098
22998,0.13431495
23002,0.13340852
23003,0.12077272
23005,0.21053898
23006,0.13565272
23007,0.10488419
23008,0.15596017
23010,0.1640882
23011,0.07645814
23012,0.18275456
23013,0.26279473
23014,0.10467317
23015,0.13065645
23020,0.14137073
23021,0.14790952
23022,0.22903545
23023,0.06312058
23025,0.26548043
23028,0.2557326
23031,0.21295309
23032,0.34131506
23033,0.16223636
23034,0.13007724
23035,0.16775389
23036,0.16733405
23037,0.054947622
23039,0.33682218
23040,0.126689
23041,0.12160095
23043,0.13218305
23046,0.13442369
23048,0.061323673
23051,0.16702707
23052,0.16500467
23053,0.1309717
23055,0.17754741
23056,0.14203246
23059,0.17966
23060,0.13987425
23062,0.14066488
23063,0.13048424
23065,0.15881744
23066,0.13255985
23067,0.12159028
23070,0.16523366
23072,0.13709573
23073,0.14118144
23074,0.1266061
23075,0.12669858
23078,0.16472274
23079,0.17348413
23080,0.15576649
23081,0.04897865
23082,0.24555656
23084,0.11554827
23087,0.13172397
23088,0.15641394
23089,0.16035946
23090,0.1396806
23095,0.14599714
23097,0.13016245
23098,0.051588695
23099,0.13127163
23100,0.14109078
23101,0.15518329
23102,0.18197271
23103,0.2527472
23105,0.10628792
23106,0.13142829
23108,0.06390381
23109,0.16306439
23110,0.19117814
23111,0.10106232
23112,0.104233764
23113,0.06643145
23114,0.16508952
23115,0.28899744
23116,0.06745962
23118,0.19729342
23119,0.12761386
23120,0.14714454
23122,0.1735711
23123,0.12650661
23124,0.1411666
23125,0.11267853
23126,0.13296346
23128,0.15689687
23129,0.2259553
23131,0.13776377
23132,0.12871154
23133,0.23507416
23134,0.14874187
23135,0.14799723
23136,0.14906633
23137,0.06838018
23139,0.15693726
23142,0.02846334
23143,0.14309183
23146,0.16734721
23147,0.12338914
23148,0.12699106
23149,0.09925583
23151,0.12682904
23152,0.13565616
23153,0.3517385
23154,0.12729557
23156,0.14097364
23157,0.11441203
23158,0.15272799
23161,0.14813218
23162,0.15931597
23163,0.15734908
23164,0.1909906
23166,0.295103
23167,0.17034613
23168,0.15740623
23169,0.15092346
23170,0.11810694
23171,0.16926904
23172,0.033604693
23173,0.21775022
23174,0.1492492
23176,0.14505656
23177,0.11388402
23178,0.14239852
23179,0.14621092
23180,0.12079074
23181,0.33989334
23182,0.16016437
23183,0.1308159
23184,0.1319773
23185,0.1433668
23186,0.12377453
23187,0.22350356
23188,0.14761591
23191,0.15033835
23192,0.1531534
23193,0.13882577
23194,0.12769005
23196,0.12229566
23197,0.12628157
23198,0.14033744
23199,0.07711623
23201,0.19436063
23202,0.1690554
23203,0.13839778
23204,0.057864606
23205,0.16306101
23206,0.13553973
23207,0.05483975
23209,0.15711907
23211,0.16510919
23212,0.06790308
23214,0.13953048
23215,0.122045375
23216,0.1725168
23218,0.23773555
23219,0.17660978
23220,0.17576876
23221,0.05541579
23222,0.14036903
23224,0.1493475
23225,0.1360698
23227,0.121465385
23228,0.14469996
23229,0.2512768
23230,0.13341716
23231,0.34451088
23233,0.1685386
23234,0.14632718
23236,0.14799407
23238,0.13496359
23239,0.075044505
23240,0.16685836
23241,0.15423134
23242,0.36812407
23245,0.1833479
23246,0.13359791
23248,0.16532765
23249,0.2866083
23250,0.14757922
23251,0.15258363
23254,0.15951863
23255,0.17642573
23257,0.3805324
23258,0.18101218
23259,0.14191306
23260,0.1487631
23262,0.16708799
23264,0.16276623
23267,0.21415886
23270,0.15067576
23271,0.15461823
23273,0.17515849
23274,0.11819825
23275,0.1634136
23276,0.16538416
23277,0.15063263
23278,0.14092763
23280,0.2513386
23282,0.26031342
23283,0.1338743
23284,0.15446682
23286,0.1263038
23287,0.15195993
23288,0.15344426
23289,0.13391781
23291,0.048438765
23293,0.20400433
23294,0.1265713
23295,0.14566007
23297,0.1485375
23298,0.12416689
23299,0.14263624
23304,0.22450626
23305,0.13005978
23306,0.1270585
23307,0.055189133
23309,0.23476538
23310,0.18224274
23311,0.17327681
23313,0.14822063
23314,0.16434532
23315,0.11984159
23318,0.12664662
23319,0.053456925
23320,0.14896262
23321,0.15335146
23322,0.13302496
23323,0.15770732
23325,0.122194424
23326,0.15567009
23328,0.3622982
23332,0.027128423
23333,0.028301576
23334,0.3833576
23335,0.13396476
23336,0.13932641
23338,0.06861314
23339,0.13476616
23340,0.16808155
23343,0.18537042
23344,0.13186735
23346,0.10976712
23347,0.14624035
23348,0.15004396
23349,0.22605495
23351,0.13982418
23352,0.26090476
23353,0.36478728
23354,0.1443239
23356,0.31611696
23357,0.14884335
23359,0.115818165
23361,0.16470924
23364,0.1582082
23365,0.13455781
23366,0.23041677
23367,0.12763076
23368,0.19393928
23369,0.14728113
23371,0.15891866
23372,0.15213886
23373,0.1633458
23377,0.11874523
23378,0.14693502
23385,0.15067574
23387,0.07106346
23388,0.2062192
23392,0.06316934
23394,0.3600791
23395,0.15825762
23397,0.30534446
23398,0.056812793
23399,0.14454912
23401,0.15858671
23402,0.15360597
23404,0.17101888
23407,0.23842406
23409,0.13246049
23410,0.15919185
23411,0.046521105
23412,0.1437361
23413,0.08471767
23415,0.14804217
23416,0.15137565
23417,0.12793432
23419,0.12896988
23421,0.076602414
23422,0.13434431
23423,0.14140424
23426,0.13834873
23427,0.13710047
23428,0.11754145
23430,0.20528379
23431,0.124319755
23432,0.13348845
23433,0.13923243
23435,0.04923271
23436,0.12714316
23438,0.14830759
23439,0.06711644
23440,0.13887374
23441,0.06334852
23442,0.1358416
23443,0.17668504
23444,0.14154634
23447,0.053130258
23450,0.1573371
23452,0.1360093
23453,0.1534415
23454,0.13813972
23455,0.05445667
23456,0.05946685
23457,0.20609191
23459,0.11648558
23462,0.15282032
23463,0.23615766
23466,0.15343563
23468,0.16185188
23469,0.13527912
23470,0.13856217
23471,0.24288478
23472,0.26051766
23473,0.15082648
23474,0.26420346
23476,0.15121809
23477,0.12081405
23478,0.15798855
23479,0.26401132
23480,0.15500966
23481,0.13410974
23482,0.13002634
23483,0.19479834
23484,0.15341127
23486,0.13783488
23487,0.1245719
23488,0.17218038
23489,0.1398399
23490,0.2358964
23492,0.15268531
23493,0.029465815
23494,0.25457343
23495,0.40445048
23496,0.15878971
23497,0.14751714
23498,0.106569424
23499,0.12581505
23500,0.12658973
23501,0.05275566
23504,0.19421767
23505,0.12489704
23506,0.10049524
23507,0.24058345
23508,0.15192184
23509,0.10066879
23514,0.15295176
23515,0.05554964
23516,0.061309814
23517,0.25730926
23519,0.25706762
23520,0.117594756
23521,0.15354374
23523,0.11772297
23524,0.15112033
23525,0.13699564
23526,0.13134159
23528,0.14678326
23529,0.12374809
23530,0.11610498
23531,0.16521615
23532,0.030449491
23533,0.055767775
23534,0.028543029
23535,0.12766261
23538,0.09447534
23540,0.067936435
23542,0.041479714
23544,0.17000213
23550,0.23228423
23551,0.23263188
23552,0.20807633
23553,0.12329884
23554,0.13692476
23556,0.16425635
23557,0.16048034
23560,0.14199528
23561,0.1101623
23564,0.13362204
23565,0.15667565
23566,0.12396766
23568,0.2381691
23569,0.0277786
23571,0.18510428
23572,0.058813024
23573,0.14393893
23574,0.15771742
23575,0.11858493
23576,0.21143647
23577,0.14463688
23578,0.2046752
23581,0.2082634
23582,0.13635212
23583,0.1526235
23584,0.16239561
23585,0.087021865
23586,0.14429492
23590,0.10114825
23592,0.063667335
23593,0.13494591
23596,0.17114374
23598,0.13725024
23599,0.11216056
23602,0.1583598
23603,0.28418812
23604,0.25670654
23606,0.12046678
23607,0.1336066
23608,0.08644232
23609,0.29207563
23610,0.1553121
23611,0.07395335
23612,0.07687963
23614,0.05980008
23615,0.1296245
23616,0.118556775
23618,0.18094286
23619,0.13719311
23621,0.14061859
23622,0.1544842
23625,0.14474887
23626,0.13857466
23629,0.13877672
23632,0.14059821
23633,0.1480345
23634,0.13209012
23636,0.15316768
23642,0.14843924
23643,0.14562629
23645,0.13949637
23646,0.1653449
23647,0.16474277
23649,0.21971726
23651,0.1363363
23652,0.1345914
23653,0.10738615
23654,0.36571527
23655,0.16637705
23656,0.16951862
23659,0.14381067
23661,0.061680853
23662,0.14003785
23663,0.1649478
23664,0.18739143
23665,0.1357526
23666,0.17166078
23667,0.12839164
23668,0.052326918
23669,0.18149388
23670,0.11465206
23671,0.15208778
23673,0.1387996
23674,0.12913111
23675,0.15150985
23676,0.20800877
23679,0.2278333
23680,0.1495182
23681,0.124199465
23684,0.355547
23686,0.15092544
23687,0.11273007
23688,0.03128255
23689,0.17239441
23692,0.38207048
23693,0.13087487
23694,0.15456769
23696,0.1207857
23697,0.13847132
23698,0.13394317
23700,0.11071314
23701,0.15451264
23703,0.18288918
23704,0.11420679
23706,0.06575356
23707,0.11753281
23711,0.13106477
23713,0.35321292
23714,0.16599998
23716,0.11732088
23719,0.16870701
23721,0.13945407
23722,0.13105826
23723,0.17755923
23724,0.154232
23726,0.03539292
23728,0.11786187
23729,0.25210214
23730,0.37022382
23731,0.14346503
23733,0.14837001
23735,0.13380313
23736,0.07213847
23737,0.08476357
23738,0.21178326
23740,0.1638524
23742,0.16219558
23743,0.22544305
23744,0.1234165
23745,0.2311376
23748,0.1360664
23749,0.3261249
23751,0.20670459
23752,0.23808877
23753,0.150255
23754,0.13423498
23755,0.07970891
23756,0.1390631
23758,0.15386406
23759,0.21003298
23760,0.16151966
23761,0.26848707
23763,0.061523594
23764,0.27530748
23765,0.12232731
23767,0.11669892
23768,0.14420095
23769,0.12231827
23771,0.17045237
23772,0.12000885
23773,0.06502195
23774,0.29969832
23775,0.05091052
23776,0.07057334
23777,0.02837957
23779,0.11259925
23780,0.07108192
23782,0.108390346
23783,0.13163733
23785,0.21601287
23788,0.096160166
23790,0.15377274
23791,0.12436726
23793,0.17987208
23794,0.16430584
23795,0.12939891
23796,0.1449515
23797,0.13397548
23798,0.021770176
23799,0.1317991
23800,0.20992091
23801,0.15807295
23803,0.13345474
23804,0.067788765
23806,0.12972066
23807,0.20256682
23808,0.05199194
23809,0.12700501
23810,0.18961522
23815,0.16645579
23816,0.17858565
23818,0.12203495
23819,0.36523443
23821,0.14977387
23823,0.14803132
23824,0.13499409
23825,0.15111934
23829,0.15674283
23830,0.17085297
23831,0.04103067
23832,0.14415368
23833,0.22451782
23835,0.13134073
23836,0.13184531
23837,0.15013379
23839,0.07027267
23843,0.20169768
23844,0.1443859
23846,0.18860307
23847,0.12773278
23848,0.12785874
23852,0.16540754
23853,0.13218023
23854,0.13718931
23856,0.13052389
23858,0.15534352
23859,0.43130827
23861,0.1478828
23863,0.15487
23864,0.15683894
23865,0.14472224
23866,0.13396613
23867,0.11855308
23868,0.14481792
23869,0.029893357
23872,0.14238206
23875,0.11619119
23876,0.14971559
23878,0.13791265
23879,0.1395775
23880,0.22670707
23881,0.14642036
23883,0.19451365
23884,0.12572972
23885,0.1560501
23889,0.23946035
23890,0.1285139
23891,0.12783208
23892,0.15304732
23893,0.22099824
23894,0.14157405
23895,0.11985544
23896,0.087054126
23897,0.14737953
23898,0.21101126
23899,0.06011485
23900,0.081217624
23901,0.1723825
23904,0.15095417
23906,0.22905464
23908,0.14627369
23909,0.14522213
23910,0.19285639
23911,0.17767926
23912,0.15407597
23913,0.17839411
23914,0.26754194
23915,0.1449408
23916,0.14692321
23917,0.1702408
23918,0.08903549
23919,0.2224592
23920,0.11847605
23921,0.14641693
23922,0.22663946
23923,0.19036433
23924,0.15115824
23926,0.13827255
23928,0.26090544
23929,0.23441696
23930,0.16356035
23931,0.054152917
23932,0.12292669
23933,0.14214876
23935,0.1623693
23936,0.12450657
23937,0.12584423
23938,0.23682065
23939,0.13191518
23940,0.37274355
23941,0.13866043
23942,0.15263402
23943,0.034169756
23945,0.14365482
23946,0.12866646
23947,0.13567725
23948,0.33214083
23949,0.20059521
23950,0.14105196
23951,0.12582362
23953,0.16411915
23955,0.06201013
23956,0.15061729
23957,0.21151908
23958,0.14819272
23959,0.36173245
23960,0.13289203
23961,0.15578207
23962,0.08756274
23963,0.15979388
23965,0.15417403
23966,0.030704457
23967,0.16964346
23968,0.10116538
23969,0.106425345
23970,0.2379926
23971,0.13520065
23972,0.27898636
23973,0.16122702
23974,0.21681264
23975,0.054206867
23977,0.14036947
23978,0.11574515
23979,0.117772505
23980,0.118796945
23981,0.13419212
23982,0.14346316
23983,0.051303558
23984,0.04968504
23985,0.14621267
23987,0.24906671
23989,0.13673666
23990,0.23778252
23991,0.25253627
23992,0.13101372
23993,0.14998142
23994,0.14607735
23995,0.29104733
23996,0.22791544
23998,0.14366627
23999,0.07323154
24000,0.12478982
24001,0.2236698
24002,0.17726593
24003,0.12465297
24004,0.058075048
24005,0.16368523
24006,0.12564391
24007,0.1563508
24008,0.13187177
24010,0.16537985
24012,0.116545424
24014,0.22509591
24015,0.32411835
24016,0.3834927
24018,0.09457213
24019,0.15249225
24020,0.20055866
24021,0.15362963
24022,0.21963756
24024,0.15946774
24026,0.19282791
24028,0.14862268
24029,0.1542221
24030,0.1802955
24031,0.1685021
24033,0.05759912
24034,0.38142845
24035,0.23244043
24036,0.14110032
24038,0.13249047
24039,0.15898459
24040,0.055012137
24041,0.12577724
24043,0.2098347
24045,0.23707516
24046,0.14306137
24047,0.19071117
24048,0.21268716
24049,0.24652871
24050,0.3758433
24053,0.025528738
24054,0.032159373
24055,0.14016615
24057,0.14743575
24059,0.14874697
24060,0.16143546
24061,0.15634038
24062,0.18790439
24063,0.17861588
24064,0.37495363
24065,0.21674092
24066,0.11868056
24067,0.056690503
24068,0.1641348
24070,0.21355435
24071,0.11842634
24072,0.26832956
24073,0.063868165
24076,0.1336393
24077,0.12065138
24078,0.14197555
24079,0.11515633
24080,0.12977937
24081,0.14123838
24082,0.053382598
24083,0.1054904
24085,0.17021418
24086,0.110594764
24087,0.1630214
24088,0.17126298
24089,0.15083216
24090,0.40959907
24092,0.13108215
24093,0.1352542
24094,0.032927565
24096,0.14521226
24097,0.1721248
24098,0.14772257
24099,0.12986155
24100,0.15172727
24101,0.1299764
24102,0.22745761
24103,0.16404065
24104,0.12510371
24105,0.1486012
24106,0.18119147
24107,0.16448525
24108,0.12180827
24109,0.13619494
24110,0.049584337
24111,0.13675919
24112,0.14855413
24113,0.06378971
24114,0.13241723
24115,0.14232813
24116,0.06490181
24117,0.15443821
24118,0.14326832
24119,0.33730632
24120,0.081796676
24122,0.051363207
24123,0.15533419
24124,0.13715118
24126,0.19755313
24127,0.24178693
24128,0.34575364
24129,0.15403865
24130,0.15194626
24131,0.030804446
24132,0.36270753
24133,0.052004527
24135,0.13575669
24136,0.096794404
24137,0.12620747
24138,0.21601966
24139,0.13029733
24140,0.14771976
24141,0.064730465
24143,0.15207091
24144,0.10620431
24145,0.13919961
24146,0.05600329
24147,0.17649218
24148,0.23025255
24149,0.12300215
24150,0.16540043
24151,0.15284443
24152,0.18881892
24153,0.14382473
24154,0.15571402
24155,0.14556989
24156,0.13727453
24157,0.15054719
24158,0.27552325
24159,0.27941704
24160,0.23617724
24161,0.14206213
24162,0.056362934
24163,0.13645026
24166,0.39347214
24167,0.12494783
24168,0.23452818
24169,0.20268664
24172,0.17882904
24173,0.14694658
24174,0.063807406
24177,0.06260336
24178,0.3997458
24180,0.31668076
24181,0.16273513
24182,0.13729072
24183,0.13821301
24184,0.17273436
24185,0.061236687
24187,0.14968394
24189,0.174274
24190,0.36420816
24191,0.20472383
24193,0.05310575
24195,0.24655351
24196,0.14668055
24198,0.1539456
24200,0.36445698
24201,0.14511421
24203,0.14809133
24204,0.17564687
24206,0.1621816
24207,0.27760157
24208,0.13045873
24209,0.15086262
24210,0.13849911
24212,0.13278003
24213,0.18732086
24214,0.18052253
24215,0.17254996
24216,0.25385967
24219,0.13101457
24220,0.16077857
24223,0.27395448
24224,0.13476089
24225,0.13234912
24226,0.22689107
24227,0.122770526
24228,0.107305825
24229,0.13317099
24230,0.13223492
24231,0.26035857
24232,0.058217537
24233,0.13322493
24234,0.14432798
24235,0.07465087
24236,0.34609562
24237,0.12168572
24239,0.15875968
24241,0.11346515
24242,0.07335607
24244,0.11298655
24245,0.24374923
24246,0.14169678
24248,0.15196249
24249,0.17374463
24250,0.2214884
24251,0.121841356
24252,0.119560435
24253,0.15462166
24255,0.28144556
24257,0.13970809
24259,0.13362372
24260,0.12529977
24261,0.15779395
24263,0.13886993
24264,0.11610874
24265,0.13530837
24266,0.15222582
24267,0.13082781
24268,0.34638256
24270,0.15856138
24271,0.15010178
24272,0.061102927
24274,0.21419053
24275,0.15175395
24277,0.17197017
24278,0.061175417
24280,0.12466661
24281,0.13042091
24283,0.15830971
24286,0.15758136
24287,0.14593188
24288,0.15629685
24289,0.11992924
24291,0.15338941
24292,0.2422647
24293,0.03417559
24295,0.10843314
24296,0.122389816
24297,0.20651093
24298,0.16790462
24299,0.18822156
24300,0.12754664
24301,0.1369697
24302,0.14178917
24303,0.3487168
24304,0.28900462
24305,0.14311364
24306,0.16126809
24307,0.13708839
24308,0.19063734
24309,0.052397173
24310,0.14866705
24311,0.12431344
24312,0.13342448
24313,0.13667648
24314,0.14128385
24315,0.10478184
24316,0.12345185
24318,0.06377987
24319,0.2662677
24320,0.15149358
24321,0.12095567
24322,0.31039935
24323,0.22671314
24324,0.1509135
24325,0.36424044
24327,0.16535482
24329,0.24371903
24330,0.18397316
24331,0.14447542
24332,0.15506382
24333,0.37199706
24334,0.11937617
24335,0.23707697
24338,0.15590492
24339,0.05451696
24340,0.14920804
24343,0.37094373
24344,0.052796386
24345,0.13017866
24346,0.13391605
24348,0.28216323
24349,0.1456122
24351,0.1452668
24352,0.22813618
24353,0.113852784
24354,0.3752302
24355,0.1590091
24356,0.14932074
24357,0.118920065
24358,0.25568175
24359,0.15679201
24361,0.15119117
24362,0.09859295
24363,0.05543096
24364,0.12312724
24365,0.22314715
24367,0.14605157
24368,0.027007923
24369,0.12152879
24372,0.14516506
24373,0.13477787
24374,0.12084212
24375,0.13907102
24377,0.25546467
24378,0.09864257
24379,0.35805613
24380,0.12912466
24381,0.15621562
24382,0.1310879
24383,0.16377398
24384,0.06427989
24385,0.12024021
24386,0.07280584
24387,0.1545355
24388,0.15191132
24389,0.11317863
24390,0.0633915
24392,0.12552807
24394,0.17219484
24395,0.22365455
24396,0.3652028
24398,0.16030867
24399,0.04982718
24400,0.054266125
24401,0.10990669
24402,0.11718558
24403,0.16056773
24404,0.13469753
24405,0.18066771
24406,0.26743945
24407,0.16570976
24408,0.15208246
24409,0.14525256
24410,0.05503451
24411,0.096471176
24412,0.049524087
24413,0.061311383
24414,0.13193488
24416,0.23374555
24417,0.14434491
24419,0.12583385
24420,0.12129507
24421,0.07921921
24422,0.11467272
24425,0.24664466
24426,0.060037814
24427,0.21813667
24429,0.17020145
24432,0.12412639
24433,0.13761677
24434,0.14566526
24435,0.33947825
24436,0.18687749
24437,0.13720289
24439,0.13541065
24440,0.124598816
24441,0.16577461
24442,0.23499611
24443,0.114300534
24444,0.15217693
24445,0.15199131
24446,0.12871917
24447,0.2591812
24449,0.12081722
24450,0.14060965
24451,0.15519473
24452,0.13345242
24453,0.16440573
24454,0.057643145
24456,0.18871224
24457,0.13507256
24458,0.15141156
24459,0.050860435
24460,0.15475032
24461,0.14795926
24462,0.12983683
24464,0.17703655
24465,0.06613668
24466,0.13334884
24467,0.14103663
24468,0.14709224
24469,0.1387801
24474,0.16340867
24475,0.05745725
24476,0.16717966
24477,0.16929261
24478,0.30153444
24480,0.15693894
24481,0.11974402
24483,0.12277602
24484,0.13135567
24485,0.18244542
24486,0.2131762
24487,0.15045187
24488,0.14002028
24489,0.16086312
24491,0.14762777
24492,0.2144783
24494,0.03186051
24496,0.13965133
24497,0.16209921
24499,0.12251663
24501,0.15134507
24502,0.21762696
24503,0.36741918
24504,0.21667619
24505,0.22494273
24506,0.15838638
24507,0.13944629
24508,0.086593345
24509,0.1395144
24510,0.15774782
24511,0.2102356
24512,0.0722186
24513,0.15767977
24514,0.12915243
24515,0.13152725
24517,0.2702942
24518,0.06603948
24520,0.058369108
24521,0.07582662
24523,0.15568417
24524,0.054050542
24526,0.11015663
24527,0.13687268
24528,0.118674874
24530,0.14220183
24531,0.18460698
24532,0.28702062
24533,0.1694037
24534,0.15103316
24535,0.21058753
24536,0.15281647
24538,0.14763062
24539,0.1209084
24540,0.26051044
24541,0.13378409
24543,0.18939185
24544,0.15037253
24546,0.13753513
24547,0.21273012
24548,0.15431826
24549,0.16873324
24550,0.35670775
24551,0.14846478
24552,0.15720803
24554,0.27893868
24555,0.26925856
24556,0.13474241
24558,0.18415146
24559,0.38294747
24560,0.13568191
24561,0.13188848
24562,0.24406667
24563,0.21231873
24564,0.1618742
24567,0.15001234
24568,0.123692706
24569,0.17765053
24570,0.16469991
24571,0.14422357
24572,0.34312907
24573,0.2420547
24575,0.23496707
24576,0.1570858
24577,0.15452895
24578,0.30648953
24579,0.090300515
24581,0.14648473
24582,0.14542481
24583,0.1315019
24587,0.14621964
24588,0.1422956
24589,0.15349303
24591,0.16469505
24592,0.061579872
24593,0.1279839
24594,0.16170791
24595,0.27640837
24596,0.12656811
24597,0.13142619
24599,0.111931875
24600,0.13954076
24601,0.16393718
24603,0.35687461
24604,0.16883394
24605,0.13445382
24608,0.14671701
24609,0.17084701
24610,0.101651765
24613,0.1422328
24614,0.13050088
24615,0.14137626
24616,0.06313645
24618,0.21718156
24619,0.14051723
24620,0.1549501
24621,0.108475946
24622,0.14789106
24623,0.15226953
24624,0.17621894
24625,0.18100828
24628,0.17767844
24629,0.13893828
24630,0.22682345
24631,0.20335683
24632,0.21364096
24633,0.13788107
24634,0.20612483
24635,0.16870031
24636,0.12980394
24637,0.23648253
24638,0.05207781
24639,0.12288411
24640,0.1560397
24641,0.11661817
24642,0.05194969
24643,0.12624325
24644,0.12047501
24645,0.11555215
24646,0.14094651
24647,0.11676912
24648,0.23710132
24649,0.13970688
24650,0.097752854
24651,0.119554386
24652,0.107668385
24653,0.37893018
24654,0.2595029
24655,0.19035816
24656,0.14504321
24657,0.13521285
24658,0.06704956
24659,0.133563
24660,0.14275686
24661,0.32204884
24662,0.13926491
24663,0.22745165
24664,0.11812432
24665,0.14810403
24666,0.14039817
24667,0.115890756
24668,0.1739556
24669,0.12215273
24670,0.3484307
24671,0.1530433
24672,0.4224918
24673,0.14564352
24674,0.1462405
24675,0.15685329
24676,0.13000993
24677,0.24435322
24678,0.11840073
24679,0.13872859
24680,0.1278476
24681,0.14862582
24682,0.12072494
24683,0.16905305
24684,0.25677723
24685,0.116723776
24686,0.16398919
24687,0.15957895
24688,0.11792799
24689,0.11883445
24690,0.13319716
24691,0.14817598
24692,0.088031754
24693,0.17791225
24694,0.12608983
24695,0.23008342
24696,0.18974242
24697,0.1608184
24698,0.1513929
24699,0.09749834
24700,0.041521087
24701,0.15030608
24702,0.36793166
24703,0.12985846
24704,0.14093986
24705,0.2526247
24706,0.14366926
24707,0.11386566
24708,0.12352369
24709,0.13541575
24710,0.12910783
24711,0.15345243
24712,0.15227899
24713,0.13226101
24714,0.3439002
24715,0.04664079
24716,0.056768753
24717,0.16298735
24718,0.13084505
24719,0.13971642
24720,0.22876303
24721,0.16954374
24722,0.14220916
24723,0.12887666
24724,0.071726814
24725,0.3624462
24726,0.1624554
24727,0.13747038
24728,0.10443522
24729,0.14367007
24730,0.16358563
24731,0.13096814
24732,0.36389548
24733,0.11731584
24734,0.13605426
24735,0.1356177
24736,0.38072607
24737,0.3720734
24738,0.20715618
24739,0.20521116
24740,0.12884498
24741,0.15192981
24742,0.14152186
24743,0.06410374
24744,0.13167739
24745,0.13052268
24746,0.1785196
24747,0.11520562
24748,0.15241508
24749,0.17033169
24750,0.03165261
24751,0.13738349
24752,0.12929769
24753,0.120105125
24754,0.29841042
24755,0.35543132
24756,0.17154685
24757,0.27053723
24758,0.06288634
24759,0.16304375
24760,0.110917464
24761,0.14143778
24762,0.14975573
24763,0.038292635
24764,0.13056913
24765,0.12368946
24766,0.1567953
24767,0.1446937
24768,0.15292981
24769,0.15901157
24770,0.14201695
24771,0.16748711
24772,0.16107218
24773,0.09920065
24774,0.18115655
24775,0.24377592
24776,0.16026284
24777,0.09945536
24778,0.13903968
24779,0.14547342
24780,0.16728881
24781,0.1291162
24782,0.06263189
24783,0.13283291
24784,0.27136818
24785,0.12436396
24786,0.12059951
24787,0.1145823
24788,0.35102102
24789,0.1289693
24790,0.19892305
24791,0.16358462
24792,0.16724049
24793,0.1322298
24794,0.20437996
24795,0.34369844
24796,0.08365822
24797,0.14457726
24798,0.13579018
24799,0.15261236
24800,0.3316574
24801,0.3547582
24802,0.3414461
24803,0.11827023
24804,0.14095888
24805,0.1573319
24806,0.12444551
24807,0.14221947
24808,0.12094803
24809,0.2508405
24810,0.34063363
24811,0.34884772
24812,0.118069574
24813,0.119165584
24814,0.13479337
24815,0.1346853
24816,0.123412296
24817,0.120631054
24818,0.11480038
24819,0.15332761
24820,0.0524291
24821,0.35781524
24822,0.12626383
24823,0.2301546
24824,0.13163333
24825,0.17494671
24826,0.11763108
24827,0.22031245
24828,0.16145119
24829,0.11809957
24830,0.12335765
24831,0.14645731
24832,0.11552296
24833,0.12033737
24834,0.1413806
24835,0.09745958
24836,0.13290158
24837,0.2161107
24838,0.13186589
24839,0.3507046
24840,0.13896577
24841,0.1309052
24842,0.030357683
24843,0.13683498
24844,0.14754057
24845,0.062163126
24846,0.121320024
24847,0.25346887
24848,0.17282653
24849,0.16677523
24850,0.12758642
24851,0.13200064
24852,0.11414812
24853,0.14835468
24854,0.12603135
24855,0.059041996
24856,0.12643047
24857,0.3808045
24858,0.0592826
24859,0.3817671
24860,0.3169183
24861,0.13271317
24862,0.15953927
24863,0.20454654
24864,0.36109483
24865,0.031356562
24866,0.1448153
24867,0.19968176
24868,0.12070386
24869,0.1961806
24870,0.14756118
24871,0.14282405
24872,0.13004844
24873,0.20384297
24874,0.14529051
24875,0.20969324
24876,0.14984588
24877,0.14164148
24878,0.30577055
24879,0.120364726
24880,0.05570615
24881,0.1445645
24882,0.12301855
24883,0.25391927
24884,0.17064391
24885,0.1423215
24886,0.18184805
24887,0.1080424
24888,0.11360361
24889,0.129756
24890,0.3201204
24891,0.14961426
24892,0.21449919
24893,0.06173094
24894,0.16601548
24895,0.14212707
24896,0.15667245
24897,0.06150149
24898,0.31163865
24899,0.14727126
24900,0.056513567
24901,0.22017086
24902,0.11369312
24903,0.15139313
24904,0.057955652
24905,0.15458259
24906,0.09659377
24907,0.14358383
24908,0.19949733
24909,0.13061471
24910,0.1567965
24911,0.19032867
24912,0.05595114
24913,0.17098618
24914,0.055811804
24915,0.1411922
24916,0.04809042
24917,0.1656348
24918,0.071242586
24919,0.17612323
24920,0.1476804
24921,0.13025555
24922,0.12060328
24923,0.24225935
24924,0.20536928
24925,0.12985344
24926,0.028304338
24927,0.2058415
24928,0.14658824
24929,0.36426973
24930,0.24973595
24931,0.32605034
24932,0.12747994
24933,0.17483477
24934,0.1281148
24935,0.16138753
24936,0.37411374
24937,0.17586769
24938,0.14392495
24939,0.18921515
24940,0.14756688
24941,0.14506598
24942,0.17641678
24943,0.053513188
24944,0.23297314
24945,0.3820364
24946,0.22019288
24947,0.3702243
24948,0.13375863
24949,0.12789796
24950,0.10665159
24951,0.3428927
24952,0.066615954
24953,0.18122156
24954,0.16536763
24955,0.12343749
24956,0.15672822
24957,0.1384572
24958,0.0585125
24959,0.122779965
24960,0.1679579
24961,0.13739787
24962,0.40095767
24963,0.14058968
24964,0.12297149
24965,0.16145694
24966,0.120714985
24967,0.040061988
24968,0.30940965
24969,0.119196
24970,0.23340102
24971,0.15980686
24972,0.073317565
24973,0.13524741
24974,0.33226672
24975,0.13497807
24976,0.27178162
24977,0.1198614
24978,0.1689259
24979,0.13292411
24980,0.055368792
24981,0.13429159
24982,0.28793988
24983,0.14869991
24984,0.16048825
24985,0.13604376
24986,0.11645009
24987,0.16646068
24988,0.1402435
24989,0.20344758
24990,0.16265003
24991,0.23445041
24992,0.21776965
24993,0.25089183
24994,0.12191109
24995,0.13035639
24996,0.052237827
24997,0.14874974
24998,0.16367395
24999,0.14496173
25000,0.15993991
25001,0.120715216
25002,0.13270727
25003,0.16805495
25004,0.16268806
25005,0.12342212
25006,0.14663234
25007,0.02982966
25008,0.15425424
25009,0.15683721
25010,0.14060266
25011,0.13296174
25012,0.055045225
25013,0.17476894
25014,0.15041795
25015,0.16467252
25016,0.18791051
25017,0.35186684
25018,0.13629039
25019,0.1268162
25020,0.18047298
25021,0.12909809
25022,0.15754597
25023,0.13929628
25024,0.16640489
25025,0.14724247
25026,0.3818617
25027,0.15403523
25028,0.063602395
25029,0.14360622
25030,0.14695449
25031,0.38094145
25032,0.04674212
25033,0.1451017
25034,0.18696506
25035,0.1375873
25036,0.120235994
25037,0.37101513
25038,0.11976663
25039,0.33628526
25040,0.07918098
25041,0.27032486
25042,0.18711579
25043,0.13503002
25044,0.16580495
25045,0.14852163
25046,0.32642382
25047,0.0595255
25048,0.22843368
25049,0.36579365
25050,0.20981793
25051,0.15240732
25052,0.13051444
25053,0.05100239
25054,0.24095821
25055,0.13671334
25056,0.16774742
25057,0.17188416
25058,0.1254519
25059,0.1538069
25060,0.23860307
25061,0.11141165
25062,0.14617927
25063,0.3453358
25064,0.25905547
25065,0.049923796
25066,0.1656029
25067,0.12011437
25068,0.1659389
25069,0.14879787
25070,0.339351
25071,0.1379143
25072,0.13841672
25073,0.34319592
25074,0.13737798
25075,0.16015765
25076,0.16320221
25077,0.15750767
25078,0.102720425
25079,0.14844792
25080,0.35964608
25081,0.13583866
25082,0.22442159
25083,0.13498902
25084,0.15967509
25085,0.29870087
25086,0.1344721
25087,0.34521443
25088,0.12343413
25089,0.18736203
25090,0.10875292
25091,0.36196083
25092,0.23529258
25093,0.32446814
25094,0.22302008
25095,0.1630989
25096,0.1337816
25097,0.3233545
25098,0.24597797
25099,0.18932447
25100,0.22627847
25101,0.11860845
25102,0.21195464
25103,0.18347332
25104,0.15607674
25105,0.121631905
25106,0.11934781
25107,0.1504168
25108,0.36978236
25109,0.11612743
25110,0.14302221
25111,0.1300197
25112,0.15888244
25113,0.20919628
25114,0.18950853
25115,0.22132036
25116,0.20950344
25117,0.14666583
25118,0.1358043
25119,0.13534954
25120,0.062686674
25121,0.11930939
25122,0.2527544
25123,0.16750807
25124,0.158533
25125,0.1497967
25126,0.29545176
25127,0.20432802
25128,0.36259767
25129,0.1519976
25130,0.14468141
25131,0.1264159
25132,0.12852398
25133,0.15158382
25134,0.05562355
25135,0.14536104
25136,0.15970814
25137,0.13137116
25138,0.1144781
25139,0.113015115
25140,0.11237361
25141,0.16003929
25142,0.12906516
25143,0.04047304
25144,0.11824049
25145,0.15415214
25146,0.20637815
25147,0.16239108
25148,0.22913706
25149,0.21609087
25150,0.11254287
25151,0.12592879
25152,0.06781377
25153,0.13330266
25154,0.37324232
25155,0.14006868
25156,0.14173767
25157,0.11301615
25158,0.12446575
25159,0.150219
25160,0.1368727
25161,0.19622873
25162,0.14296365
25163,0.13300298
25164,0.14805432
25165,0.11795984
25166,0.056421448
25167,0.16627607
25168,0.21880761
25169,0.03464384
25170,0.13772157
25171,0.18139797
25172,0.1345121
25173,0.057470888
25174,0.16843106
25175,0.14640984
25176,0.05923488
25177,0.1426028
25178,0.123040125
25179,0.13688631
25180,0.14951238
25181,0.105358586
25182,0.37253815
25183,0.14034964
25184,0.11699232
25185,0.13866583
25186,0.13976088
25187,0.11845708
25188,0.14728627
25189,0.13827781
25190,0.16658655
25191,0.27190024
25192,0.38135335
25193,0.16685942
25194,0.16272755
25195,0.3323216
25196,0.14488515
25197,0.1212451
25198,0.054713976
25199,0.22570178
25200,0.12712425
25201,0.3329513
25202,0.11136615
25203,0.11206295
25204,0.10420314
25205,0.25021437
25206,0.13108286
25207,0.11232935
25208,0.12754379
25209,0.21442887
25210,0.14162332
25211,0.09536235
25212,0.34781015
25213,0.099093005
25214,0.121725634
25215,0.1135429
25216,0.24296293
25217,0.1884156
25218,0.12078412
25219,0.13846318
25220,0.13973454
25221,0.25202033
25222,0.15808704
25223,0.13940184
25224,0.14802937
25225,0.18057309
25226,0.3539969
25227,0.1388302
25228,0.17455116
25229,0.14823572
25230,0.15793431
25231,0.116835095
25232,0.1108405
25233,0.1393927
25234,0.35786417
25235,0.1282942
25236,0.15498856
25237,0.3169698
25238,0.28487152
25239,0.15045863
25240,0.33774427
25241,0.13984932
25242,0.12668456
25243,0.12764536
25244,0.36698377
25245,0.15126777
25246,0.13739541
25247,0.16556992
25248,0.031058813
25249,0.14381452
25250,0.124459244
25251,0.14074318
25252,0.20625663
25253,0.059974402
25254,0.15749295
25255,0.19389151
25256,0.1284732
25257,0.099452004
25258,0.13948564
25259,0.13001716
25260,0.22049996
25261,0.22990671
25262,0.17424858
25263,0.13490286
25264,0.1236923
25265,0.12045231
25266,0.1443347
25267,0.13992831
25268,0.11889465
25269,0.20629363
25270,0.11837679
25271,0.03527732
25272,0.11129278
25273,0.34101373
25274,0.11409511
25275,0.25877136
25276,0.13806394
25277,0.13615587
25278,0.1882288
25279,0.14695145
25280,0.33525458
25281,0.20694058
25282,0.15384322
25283,0.1971631
25284,0.21523452
25285,0.1410832
25286,0.15531395
25287,0.065967485
25288,0.12724999
25289,0.1438452
25290,0.12663357
25291,0.16468748
25292,0.12676707
25293,0.19941954
25294,0.25443283
25295,0.13414915
25296,0.1303875
25297,0.13969156
25298,0.054837268
25299,0.16055314
25300,0.05611179
25301,0.14293127
25302,0.12084979
25303,0.16797006
25304,0.14669009
25305,0.26384276
25306,0.14557016
25307,0.11762802
25308,0.09667631
25309,0.14098145
25310,0.12740783
25311,0.1912045
25312,0.11195316
25313,0.13931474
25314,0.15764183
25315,0.16261427
25316,0.05508427
25317,0.09639153
25318,0.21879978
25319,0.11244552
25320,0.21109703
25321,0.13720468
25322,0.15606749
25323,0.15521099
25324,0.20323083
25325,0.13683279
25326,0.24433522
25327,0.20892027
25328,0.15572694
25329,0.13005173
25330,0.15628512
25331,0.03058283
25332,0.20816794
25333,0.1341832
25334,0.34207836
25335,0.19329539
25336,0.32685605
25337,0.23804052
25338,0.08688773
25339,0.20990324
25340,0.12284007
25341,0.14803857
25342,0.1183723
25343,0.32667333
25344,0.21842599
25345,0.13508078
25346,0.16616602
25347,0.16189656
25348,0.15809242
25349,0.1376265
25350,0.14751706
25351,0.11867519
25352,0.06558708
25353,0.13133043
25354,0.14808723
25355,0.15758015
25356,0.11731949
25357,0.053508647
25358,0.24057373
25359,0.3580758
25360,0.12205924
25361,0.14588508
25362,0.22434565
25363,0.105594814
25364,0.12691785
25365,0.13509849
25366,0.32727703
25367,0.14747314
25368,0.1356326
25369,0.1228122
25370,0.12370114
25371,0.15007961
25372,0.119818166
25373,0.2066927
25374,0.24546485
25375,0.23146515
25376,0.1337602
25377,0.3515032
25378,0.11924805
25379,0.13326938
25380,0.03478702
25381,0.07394623
25382,0.13490847
25383,0.16433857
25384,0.10225664
25385,0.13464814
25386,0.34545523
25387,0.104461774
25388,0.15272231
25389,0.11560462
25390,0.23506741
25391,0.108090356
25392,0.13296278
25393,0.121577546
25394,0.114542924
25395,0.32517147
25396,0.13617185
25397,0.06511994
25398,0.17752513
25399,0.13472423
25400,0.14031039
25401,0.1670657
25402,0.22424886
25403,0.21765646
25404,0.14781757
25405,0.11677204
25406,0.08630128
25407,0.19055474
25408,0.14795785
25409,0.14757575
25410,0.29824978
25411,0.12879813
25412,0.31314188
25413,0.14740416
25414,0.19823036
25415,0.1417993
25416,0.13912332
25417,0.14577171
25418,0.2309582
25419,0.124290444
25420,0.12931539
25421,0.11061978
25422,0.2184689
25423,0.39787182
25424,0.15334055
25425,0.123637356
25426,0.2325501
25427,0.1746997
25428,0.16604859
25429,0.23371425
25430,0.10637689
25431,0.1861658
25432,0.15350226
25433,0.17979734
25434,0.1326882
25435,0.05837952
25436,0.11480055
25437,0.18502612
25438,0.16725732
25439,0.13552162
25440,0.23614553
25441,0.13507633
25442,0.13878123
25443,0.113374576
25444,0.35211048
25445,0.13811736
25446,0.37209603
25447,0.11842698
25448,0.13381934
25449,0.3344696
25450,0.124791995
25451,0.21257146
25452,0.053477995
25453,0.09735422
25454,0.12402916
25455,0.11658416
25456,0.13387251
25457,0.13674204
25458,0.114388146
25459,0.2171993
25460,0.04928605
25461,0.14323819
25462,0.14974675
25463,0.14543591
25464,0.33792645
25465,0.3349597
25466,0.2549276
25467,0.13501409
25468,0.13281338
25469,0.15250894
25470,0.2047884
25471,0.15180403
25472,0.1132926
25473,0.14685199
25474,0.12988462
25475,0.18700533
25476,0.14675513
25477,0.34857577
25478,0.13037188
25479,0.34081835
25480,0.24536884
25481,0.15440187
25482,0.26330224
25483,0.11605801
25484,0.13493422
25485,0.14070132
25486,0.18054286
25487,0.37056834
25488,0.224466
25489,0.13298246
25490,0.12083937
25491,0.11377971
25492,0.167531
25493,0.15164511
25494,0.14526959
25495,0.08279668
25496,0.06309887
25497,0.14673774
25498,0.056780197
25499,0.14726505
25500,0.20891348
25501,0.07952515
25502,0.13309166
25503,0.15697473
25504,0.23313347
25505,0.05308656
25506,0.13950975
25507,0.051364996
25508,0.13438694
25509,0.114773795
25510,0.1587811
25511,0.14046171
25512,0.35444415
25513,0.22771318
25514,0.19431022
25515,0.14467189
25516,0.15517022
25517,0.055957247
25518,0.17869568
25519,0.13862225
25520,0.12191222
25521,0.12832263
25522,0.14755824
25523,0.19714625
25524,0.1389071
25525,0.12923133
25526,0.04383543
25527,0.122375466
25528,0.19250616
25529,0.14005579
25530,0.058995582
25531,0.121423945
25532,0.13556598
25533,0.118841305
25534,0.13531741
25535,0.31837565
25536,0.21800475
25537,0.2882851
25538,0.12353639
25539,0.15856096
25540,0.15061572
25541,0.10777333
25542,0.16338322
25543,0.12721834
25544,0.13159308
25545,0.16583098
25546,0.17524794
25547,0.12645087
25548,0.11830102
25549,0.06869162
25550,0.1431584
25551,0.11519935
25552,0.14168236
25553,0.35789976
25554,0.059146453
25555,0.068025544
25556,0.13712129
25557,0.16439874
25558,0.124118246
25559,0.17865919
25560,0.13940558
25561,0.056028593
25562,0.1716327
25563,0.1240142
25564,0.09244716
25565,0.13214818
25566,0.1319094
25567,0.11294756
25568,0.13451108
25569,0.13091686
25570,0.15967849
25571,0.22759838
25572,0.14493296
25573,0.18318412
25574,0.11967286
25575,0.17743552
25576,0.124235794
25577,0.15122887
25578,0.16375694
25579,0.10290916
25580,0.1783081
25581,0.2560098
25582,0.123516895
25583,0.11952378
25584,0.14414673
25585,0.13986939
25586,0.20405395
25587,0.21272346
25588,0.26543254
25589,0.14858739
25590,0.12010783
25591,0.1287159
25592,0.10903511
25593,0.14714137
25594,0.15431246
25595,0.070205234
25596,0.17496368
25597,0.033004053
25598,0.21913865
25599,0.12023096
25600,0.14404745
25601,0.12375541
25602,0.15299936
25603,0.20131695
25604,0.1517323
25605,0.08787219
25606,0.13610332
25607,0.114468
25608,0.19822368
25609,0.120849356
25610,0.1312882
25611,0.09752369
25612,0.13765457
25613,0.15612014
25614,0.24618979
25615,0.11644081
25616,0.12098126
25617,0.15591706
25618,0.3276213
25619,0.22999433
25620,0.2679585
25621,0.15002279
25622,0.14799118
25623,0.13724141
25624,0.14376098
25625,0.1453492
25626,0.15098019
25627,0.35310122
25628,0.05077944
25629,0.046905402
25630,0.14433078
25631,0.2805697
25632,0.12258389
25633,0.11617537
25634,0.12860581
25635,0.10894289
25636,0.1458861
25637,0.057737857
25638,0.15427144
25639,0.12479925
25640,0.16193731
25641,0.13026564
25642,0.11754306
25643,0.15821698
25644,0.2348959
25645,0.12828842
25646,0.15900481
25647,0.13542655
25648,0.14984961
25649,0.18427117
25650,0.14349493
25651,0.16790047
25652,0.24828109
25653,0.12444897
25654,0.14773974
25655,0.34388572
25656,0.34008798
25657,0.13531366
25658,0.056723982
25659,0.10082992
25660,0.120792925
25661,0.18922709
25662,0.1298804
25663,0.11182962
25664,0.2187581
25665,0.17732099
25666,0.058775567
25667,0.12176939
25668,0.13866332
25669,0.22307579
25670,0.15527663
25671,0.13699599
25672,0.18850516
25673,0.05468909
25674,0.108568095
25675,0.15226614
25676,0.16499917
25677,0.11557852
25678,0.18399942
25679,0.17207989
25680,0.13365205
25681,0.14523351
25682,0.15117708
25683,0.36962312
25684,0.16045754
25685,0.13447401
25686,0.1382059
25687,0.113599196
25688,0.24877632
25689,0.16927457
25690,0.123834826
25691,0.11589464
25692,0.12832037
25693,0.1593129
25694,0.18020996
25695,0.13407323
25696,0.12255929
25697,0.35030442
25698,0.11901969
25699,0.056759078
25700,0.13898873
25701,0.16290075
25702,0.14423604
25703,0.22712155
25704,0.3393893
25705,0.13738169
25706,0.14096573
25707,0.19299819
25708,0.22116533
25709,0.13646515
25710,0.05740732
25711,0.20109066
25712,0.13222262
25713,0.062499065
25714,0.05232923
25715,0.17699869
25716,0.11738427
25717,0.028767958
25718,0.15470484
25719,0.2006686
25720,0.14576638
25721,0.2252597
25722,0.35320258
25723,0.12032596
25724,0.13252935
25725,0.14936586
25726,0.05521252
25727,0.13680415
25728,0.11743502
25729,0.118589446
25730,0.15861301
25731,0.15952894
25732,0.1539249
25733,0.09945168
25734,0.25297028
25735,0.11245928
25736,0.14019546
25737,0.1330162
25738,0.20906134
25739,0.05371636
25740,0.122566804
25741,0.1338764
25742,0.12312915
25743,0.13452001
25744,0.10647706
25745,0.11251757
25746,0.15046892
25747,0.11604307
25748,0.14390981
25749,0.21489605
25750,0.13258488
25751,0.3241117
25752,0.13960004
25753,0.33950737
25754,0.11554116
25755,0.030400362
25756,0.1796681
25757,0.15963005
25758,0.102061406
25759,0.1932821
25760,0.13025193
25761,0.1434239
25762,0.1001788
25763,0.11895025
25764,0.11496782
25765,0.13242587
25766,0.1295345
25767,0.3829388
25768,0.12596329
25769,0.13964407
25770,0.058083165
25771,0.21387291
25772,0.0960245
25773,0.14532927
25774,0.3463941
25775,0.13928299
25776,0.11392486
25777,0.19272618
25778,0.1764845
25779,0.14788148
25780,0.18204299
25781,0.143569
25782,0.11602887
25783,0.16049448
25784,0.14693725
25785,0.05888633
25786,0.1340833
25787,0.13975649
25788,0.36198705
25789,0.13289955
25790,0.13969146
25791,0.14383733
25792,0.14383769
25793,0.1576092
25794,0.12960145
25795,0.17538087
25796,0.15725835
25797,0.1945428
25798,0.15223527
25799,0.24271372
25800,0.1693621
25801,0.13139036
25802,0.23318431
25803,0.139608
25804,0.025694255
25805,0.1242945
25806,0.13044544
25807,0.35970247
25808,0.14247957
25809,0.111013666
25810,0.14398593
25811,0.037915707
25812,0.121371865
25813,0.12225169
25814,0.3318953
25815,0.13340597
25816,0.13249758
25817,0.3660168
25818,0.06845304
25819,0.18081443
25820,0.12102832
25821,0.12284867
25822,0.15298763
25823,0.15283585
25824,0.06409608
25825,0.15656069
25826,0.14256135
25827,0.048883192
25828,0.21310434
25829,0.07574604
25830,0.121500134
25831,0.13526362
25832,0.13411753
25833,0.123146914
25834,0.224191
25835,0.1482708
25836,0.37124127
25837,0.21255097
25838,0.12963164
25839,0.13143401
25840,0.16922131
25841,0.15731965
25842,0.12068043
25843,0.12667124
25844,0.17817442
25845,0.20919576
25846,0.06582912
25847,0.124078356
25848,0.06980338
25849,0.116059616
25850,0.12299959
25851,0.119436994
25852,0.12811926
25853,0.053825963
25854,0.12317163
25855,0.13858066
25856,0.12878269
25857,0.18219963
25858,0.21694198
25859,0.11610969
25860,0.1479332
25861,0.3487448
25862,0.17462087
25863,0.11676594
25864,0.12027298
25865,0.14629501
25866,0.22587886
25867,0.12190541
25868,0.21236452
25869,0.16903183
25870,0.17990032
25871,0.23921819
25872,0.066875756
25873,0.12744322
25874,0.11848577
25875,0.11502264
25876,0.14324221
25877,0.13130379
25878,0.19482608
25879,0.17531614
25880,0.16600482
25881,0.036928482
25882,0.15496166
25883,0.14083645
25884,0.11915444
25885,0.20801239
25886,0.35806027
25887,0.17282285
25888,0.1351045
25889,0.12545443
25890,0.14560747
25891,0.12401684
25892,0.13576509
25893,0.14918554
25894,0.34841004
25895,0.118977055
25896,0.23172458
25897,0.3094441
25898,0.1298468
25899,0.070219815
25900,0.1427243
25901,0.13204914
25902,0.14312766
25903,0.10465316
25904,0.16183797
25905,0.15829493
25906,0.1690748
25907,0.12126295
25908,0.15474863
25909,0.1233088
25910,0.12712452
25911,0.14711191
25912,0.14871304
25913,0.20976987
25914,0.14303811
25915,0.14771912
25916,0.15064347
25917,0.14538021
25918,0.124030516
25919,0.06655574
25920,0.120598696
25921,0.20103204
25922,0.14213093
25923,0.15036742
25924,0.23209676
25925,0.14231858
25926,0.19396225
25927,0.14089784
25928,0.19742875
25929,0.12995827
25930,0.16652997
25931,0.12441081
25932,0.15138535
25933,0.14981589
25934,0.1304134
25935,0.05956309
25936,0.17181198
25937,0.10712318
25938,0.057188414
25939,0.24183011
25940,0.13099957
25941,0.1339441
25942,0.12149131
25943,0.13226435
25944,0.21727777
25945,0.115299866
25946,0.13295396
25947,0.19911619
25948,0.16579287
25949,0.34430894
25950,0.110794246
25951,0.13343544
25952,0.146341
25953,0.15157866
25954,0.0505983
25955,0.15436554
25956,0.14576304
25957,0.14085443
25958,0.13645774
25959,0.20953667
25960,0.14262566
25961,0.14457938
25962,0.20478573
25963,0.11240145
25964,0.19291264
25965,0.14704445
25966,0.13072245
25967,0.14069994
25968,0.12927169
25969,0.11769809
25970,0.1334573
25971,0.05721864
25972,0.3124452
25973,0.06774466
25974,0.15660214
25975,0.14464518
25976,0.13749984
25977,0.26603046
25978,0.2173173
25979,0.13521062
25980,0.22719438
25981,0.3541991
25982,0.033771545
25983,0.052438922
25984,0.059610657
25985,0.22343424
25986,0.1380436
25987,0.1199777
25988,0.13232926
25989,0.11300621
25990,0.12518962
25991,0.1507016
25992,0.10733688
25993,0.21750358
25994,0.16870822
25995,0.14158711
25996,0.13709314
25997,0.15926412
25998,0.12929781
25999,0.15247726
26000,0.13915208
26001,0.11089368
26002,0.12883219
26003,0.13082442
26004,0.13568796
26005,0.14947098
26006,0.14333187
26007,0.11580338
26008,0.17360389
26009,0.14737628
26010,0.15487325
26011,0.06741904
26012,0.10485884
26013,0.12950931
26014,0.12658522
26015,0.16080531
26016,0.20519142
26017,0.21310961
26018,0.15632616
26019,0.053669684
26020,0.087650105
26021,0.19409716
26022,0.15018645
26023,0.11749442
26024,0.08492167
26025,0.15791772
26026,0.2270157
26027,0.34041193
26028,0.05885864
26029,0.046089858
26030,0.108106956
26031,0.1321868
26032,0.37286362
26033,0.12446992
26034,0.16833366
26035,0.057483353
26036,0.13502629
26037,0.18749665
26038,0.123218
26039,0.18021134
26040,0.21166039
26041,0.1501809
26042,0.057776242
26043,0.12066512
26044,0.12198545
26045,0.15041187
26046,0.15558101
26047,0.2487282
26048,0.15881926
26049,0.22461161
26050,0.1569171
26051,0.12589201
26052,0.056207888
26053,0.15645304
26054,0.05572327
26055,0.14617348
26056,0.22944057
26057,0.12544826
26058,0.2009444
26059,0.15100014
26060,0.14955825
26061,0.12756965
26062,0.13293393
26063,0.14942774
26064,0.14517386
26065,0.17546001
26066,0.14908978
26067,0.058195405
26068,0.1580303
26069,0.15551957
26070,0.18025188
26071,0.1255372
26072,0.1344984
26073,0.17348644
26074,0.15260896
26075,0.14473276
26076,0.14216213
26077,0.22490105
26078,0.3373376
26079,0.17421974
26080,0.1624408
26081,0.15173873
26082,0.10551705
26083,0.15005489
26084,0.11536826
26085,0.123009756
26086,0.11358563
26087,0.108871445
26088,0.11794188
26089,0.15429471
26090,0.1620442
26091,0.13204756
26092,0.2281445
26093,0.14578663
26094,0.13417082
26095,0.05871377
26096,0.13446942
26097,0.3521307
26098,0.4012979
26099,0.14682615
26100,0.12630889
26101,0.06967503
26102,0.15150328
26103,0.21210594
26104,0.34541818
26105,0.072154984
26106,0.049560796
26107,0.14183474
26108,0.060157478
26109,0.15372345
26110,0.18483123
26111,0.117560074
26112,0.1313342
26113,0.12854375
26114,0.14131197
26115,0.1105291
26116,0.124977306
26117,0.13064528
26118,0.15326893
26119,0.1322587
26120,0.37786162
26121,0.12875542
26122,0.15609875
26123,0.15253516
26124,0.2148036
26125,0.1525991
26126,0.13029084
26127,0.10941865
26128,0.05485911
26129,0.1125863
26130,0.023366
26131,0.15919292
26132,0.05649624
26133,0.28812414
26134,0.1164573
26135,0.13406658
26136,0.12950897
26137,0.14960334
26138,0.12567315
26139,0.12963621
26140,0.24224484
26141,0.060960304
26142,0.23856667
26143,0.14044006
26144,0.15998748
26145,0.1491225
26146,0.145819
26147,0.03408301
26148,0.14345658
26149,0.13370942
26150,0.06379554
26151,0.13098902
26152,0.11554084
26153,0.10779814
26154,0.22014351
26155,0.14487968
26156,0.1312968
26157,0.14815867
26158,0.0651555
26159,0.13935558
26160,0.13575378
26161,0.24304238
26162,0.1269171
26163,0.14049476
26164,0.21142213
26165,0.16193062
26166,0.13766646
26167,0.11498046
26168,0.188991
26169,0.07775291
26170,0.13544028
26171,0.14663953
26172,0.20809233
26173,0.1342558
26174,0.3493432
26175,0.06650779
26176,0.15712628
26177,0.3340843
26178,0.0668608
26179,0.13067827
26180,0.13000956
26181,0.13651279
26182,0.297146
26183,0.1529043
26184,0.14795001
26185,0.27080554
26186,0.1433812
26187,0.14162485
26188,0.15244064
26189,0.056231588
26190,0.16713431
26191,0.14623004
26192,0.11201179
26193,0.15072647
26194,0.14056903
26195,0.08511309
26196,0.053784035
26197,0.12128339
26198,0.15425313
26199,0.14407414
26200,0.21812913
26201,0.09882359
26202,0.26180834
26203,0.21610205
26204,0.12796517
26205,0.24627945
26206,0.122530505
26207,0.17155723
26208,0.35592908
26209,0.22274104
26210,0.16262619
26211,0.37014103
26212,0.055648256
26213,0.19152734
26214,0.3678705
26215,0.16350468
26216,0.15480348
26217,0.15626769
26218,0.12427602
26219,0.16383524
26220,0.12812822
26221,0.15472357
26222,0.14588487
26223,0.12744515
26224,0.1385149
26225,0.13689443
26226,0.11792038
26227,0.15404706
26228,0.17600721
26229,0.17031203
26230,0.2515757
26231,0.060036875
26232,0.13599694
26233,0.1683215
26234,0.11180469
26235,0.20916215
26236,0.112747714
26237,0.11811286
26238,0.16296321
26239,0.22781423
26240,0.123380184
26241,0.12034389
26242,0.11549127
26243,0.14067547
26244,0.14260462
26245,0.1339003
26246,0.16456325
26247,0.14022596
26248,0.13559452
26249,0.2922902
26250,0.12324599
26251,0.1983113
26252,0.1252731
26253,0.14697516
26254,0.15713248
26255,0.17650333
26256,0.21609333
26257,0.12198732
26258,0.21536271
26259,0.33085734
26260,0.14689541
26261,0.15002516
26262,0.14342414
26263,0.16923764
26264,0.13377309
26265,0.15070139
26266,0.11750742
26267,0.16072872
26268,0.15267132
26269,0.13102165
26270,0.123731054
26271,0.2454212
26272,0.20692305
26273,0.16972408
26274,0.14531195
26275,0.12433932
26276,0.13805549
26277,0.16923058
26278,0.13570392
26279,0.13691358
26280,0.16115488
26281,0.06633778
26282,0.16732231
26283,0.2463711
26284,0.11738585
26285,0.2017415
26286,0.05024352
26287,0.13218375
26288,0.21683533
26289,0.14595899
26290,0.12804577
26291,0.12083162
26292,0.1730682
26293,0.15857717
26294,0.36588973
26295,0.051632565
26296,0.12137052
26297,0.117799796
26298,0.063997775
26299,0.111451425
26300,0.12892349
26301,0.19128975
26302,0.1429507
26303,0.12289844
26304,0.09864517
26305,0.21467845
26306,0.1395328
26307,0.10754051
26308,0.23610723
26309,0.24693961
26310,0.18383662
26311,0.37879002
26312,0.13741036
26313,0.057328932
26314,0.12584783
26315,0.14199348
26316,0.13967499
26317,0.37446558
26318,0.16376032
26319,0.16235635
26320,0.13299112
26321,0.14645489
26322,0.14224844
26323,0.17146955
26324,0.16025999
26325,0.17499256
26326,0.030116599
26327,0.056172688
26328,0.15135363
26329,0.14632353
26330,0.15024775
26331,0.38720217
26332,0.18556984
26333,0.059690516
26334,0.1516366
26335,0.20473287
26336,0.17445526
26337,0.1224076
26338,0.12928036
26339,0.13914594
26340,0.025855506
26341,0.048126988
26342,0.3467731
26343,0.11576499
26344,0.15736276
26345,0.1445587
26346,0.17602557
26347,0.12482943
26348,0.1252332
26349,0.12020073
26350,0.21466723
26351,0.14624251
26352,0.17975254
26353,0.048900533
26354,0.039497234
26355,0.15796247
26356,0.13858122
26357,0.11106719
26358,0.13040675
26359,0.020482834
26360,0.15887234
26361,0.11003244
26362,0.13631596
26363,0.059199113
26364,0.145248
26365,0.12634692
26366,0.12851834
26367,0.16783416
26368,0.36769027
26369,0.13374816
26370,0.16948381
26371,0.053681992
26372,0.22126141
26373,0.11201571
26374,0.13805792
26375,0.15345716
26376,0.1232502
26377,0.055115234
26378,0.124295615
26379,0.113470815
26380,0.11794623
26381,0.26713094
26382,0.17138696
26383,0.3020417
26384,0.05736052
26385,0.28069267
26386,0.1891127
26387,0.31054616
26388,0.14680798
26389,0.11642857
26390,0.13240509
26391,0.054826774
26392,0.12726508
26393,0.13201001
26394,0.13045362
26395,0.11343231
26396,0.15584621
26397,0.12638369
26398,0.1324718
26399,0.17436884
26400,0.050601922
26401,0.15502481
26402,0.24346998
26403,0.13184348
26404,0.13266756
26405,0.044379465
26406,0.22648747
26407,0.13765733
26408,0.13917758
26409,0.13602439
26410,0.13670129
26411,0.1432648
26412,0.06385009
26413,0.15611105
26414,0.23956299
26415,0.094832644
26416,0.14047682
26417,0.20708378
26418,0.16929264
26419,0.39200753
26420,0.15372497
26421,0.2713318
26422,0.11970445
26423,0.12681322
26424,0.23114677
26425,0.12650509
26426,0.11639552
26427,0.19843856
26428,0.1457652
26429,0.12043854
26430,0.15109578
26431,0.118402205
26432,0.10866642
26433,0.13092107
26434,0.111951314
26435,0.055414785
26436,0.14070861
26437,0.14436252
26438,0.14542054
26439,0.15493484
26440,0.113649294
26441,0.1850252
26442,0.16777161
26443,0.12911652
26444,0.14553136
26445,0.11935679
26446,0.14394876
26447,0.15623794
26448,0.11425252
26449,0.10978355
26450,0.05678023
26451,0.16000661
26452,0.122699976
26453,0.2621873
26454,0.10227378
26455,0.03872666
26456,0.24837144
26457,0.1341917
26458,0.1513285
26459,0.24255025
26460,0.13498756
26461,0.1906184
26462,0.14180848
26463,0.3555267
26464,0.12585755
26465,0.13771448
26466,0.22225365
26467,0.21887922
