id_cliente,prediccion
2,0.133998409322782
3,0.05447655870817011
7,0.14383910600149097
10,0.05790184521829926
11,0.1335185057206605
12,0.04128020777483171
14,0.11203545535752342
16,0.13383010599131098
25,0.133990104649293
32,0.11092007607912616
38,0.11285305387986028
42,0.1466717674468314
63,0.12752003926380262
65,0.1372409578861701
70,0.14433794039909117
74,0.1329345259233915
76,0.12905189521843313
83,0.05261798515872475
90,0.10247048240400661
98,0.150238488526391
104,0.12209818575966934
121,0.06160670400920268
124,0.13904764820877608
125,0.1431293523073915
137,0.14510788096659283
143,0.06135497601788008
144,0.15554283925154924
157,0.14965597846109335
163,0.12768311198311322
197,0.056485087151536814
203,0.1541038276026041
205,0.12232908337835557
209,0.0452539814908617
228,0.15093857441718134
231,0.1353047500656026
237,0.1429064056819087
243,0.05281598128927238
247,0.14051427871688768
249,0.05797462944037757
253,0.17165086075701835
261,0.11931493843182217
263,0.05055467324412927
275,0.04977466141940518
279,0.16092186110269363
280,0.12485264838478105
292,0.13117008692078552
297,0.12580564500315825
299,0.12265650120392613
302,0.055759512661435265
304,0.13192929147698473
308,0.21536032727953908
318,0.15838439796641907
319,0.15825441058508932
323,0.06308597050815626
325,0.14515002370246993
339,0.1405725481622527
340,0.1257261555991435
355,0.12374449179360011
359,0.14240087815159783
368,0.14636538138675328
371,0.11863101283554606
378,0.13079359767763338
390,0.148920003675227
392,0.11993014528119644
409,0.1334588684960562
412,0.05596660324864568
420,0.1513804592812205
422,0.096614971646727
428,0.1307318936340044
429,0.049789535048380434
430,0.12738468727757388
434,0.0570573142190798
437,0.13513659618621587
447,0.05638114738981259
464,0.05115869872383281
466,0.14730706255026405
468,0.2292092109283348
470,0.13326456702454428
473,0.1171827516503374
475,0.05862994533377653
476,0.14599946028934138
480,0.05512431542980603
483,0.14242478936789216
487,0.14814570757345508
495,0.15701484129737686
496,0.15550165279562284
499,0.12286755897419757
502,0.06012896227475105
504,0.13314343772665502
508,0.06623207681280574
514,0.1299584222107274
515,0.14885808254766764
538,0.12196239912900089
548,0.12494677727025916
551,0.1259396767514938
553,0.12764238040066647
560,0.05181268126601863
564,0.12392000607457551
572,0.050254505522754636
577,0.04383328659279667
578,0.21483867046443644
591,0.05373295264510909
593,0.11225708943362596
604,0.11966023339268117
606,0.13098811148632944
614,0.14013224501927127
616,0.058267687409103715
622,0.1267033121806237
626,0.05682050290433129
632,0.05977921226822276
637,0.04685153570628495
640,0.10606219460251787
647,0.11657704958852944
648,0.06021714398651842
653,0.114331189635336
654,0.05557842927956485
659,0.1534241980028741
661,0.04918519464905453
670,0.05753706135019901
671,0.050940280135493475
673,0.12606538417801894
674,0.09006121892826702
682,0.12604221448013875
683,0.13255079865109426
687,0.13100612337752165
688,0.05970806675292582
689,0.14266036246518424
701,0.11066906049679387
705,0.13382523774560182
707,0.12466198273299894
710,0.11321021620696059
714,0.12127058024511138
716,0.12915422915689162
717,0.14445563534977296
729,0.057539594290079016
732,0.12683360258645643
734,0.15412800710828073
736,0.13354740700969175
742,0.05359100038160918
750,0.12941879773639836
764,0.13694425255501402
767,0.11935263101209831
768,0.13552782138678982
774,0.14106299161222297
777,0.058713445050780924
784,0.12813487192153394
785,0.13481220563232774
786,0.13487245702815925
787,0.2032456816501344
788,0.13464931145019843
790,0.1432455810086831
794,0.05469519877616316
796,0.12038136404523891
802,0.05585542086556145
812,0.13023240460106103
814,0.05766104874465444
816,0.05834019640306444
817,0.12676662188399146
834,0.13526222992214787
835,0.15134538390587254
836,0.10680566255592247
837,0.12103375211145678
840,0.04720459206464413
841,0.055791765202703625
854,0.048960425233302934
858,0.12367077671131901
859,0.0552072757552923
883,0.12076651068252889
887,0.05313461897010022
902,0.135480691858138
913,0.14096465739748598
915,0.12344734451963754
916,0.13791964999587253
917,0.12705420249416638
924,0.11941012054213111
929,0.12984119460461155
933,0.1395964309942727
936,0.12781987308615894
941,0.06086982149668002
946,0.06659189042298737
948,0.05486776008327877
952,0.12317272114470774
959,0.12550290824409557
963,0.13051368115775797
965,0.10681411891966419
970,0.16128201099347467
975,0.13638878297033774
979,0.1267200950149788
982,0.10707208906045837
986,0.0469647348861454
992,0.1423109871423442
1003,0.040567680216936804
1004,0.14005347446050603
1007,0.1440536272728522
1014,0.10353164264031064
1017,0.058491199636452676
1018,0.10999630888637325
1043,0.06459107603517783
1046,0.13200355053886903
1052,0.13094504724067918
1061,0.047288868317309884
1063,0.13082762471448517
1064,0.13236153612209148
1067,0.12372430340670094
1070,0.07203032025035208
1075,0.05157156526571968
1105,0.048063845811606706
1116,0.22445803038135692
1117,0.16175684175205984
1123,0.1371950086349453
1125,0.13947365782511112
1132,0.11585011180117363
1160,0.05265326333580008
1161,0.13249543865669028
1165,0.06562261344399153
1171,0.2262925212580056
1181,0.06985097242914708
1185,0.12814278613890892
1197,0.1344281794329632
1202,0.14818642041048194
1205,0.04609283044947412
1206,0.15309994016309933
1213,0.12903613013462933
1216,0.05935564542820038
1228,0.12944651728397077
1232,0.13400514485139214
1238,0.10986974725212062
1241,0.05937658417027066
1246,0.11966783534117482
1258,0.1179912506165916
1263,0.18232350589647586
1289,0.13453671964658476
1301,0.14616546185151041
1302,0.05526003416020159
1303,0.1456493549039368
1312,0.13804748787274293
1314,0.12229645965581391
1322,0.09900903088830165
1326,0.054636149526352984
1328,0.05289815124880293
1334,0.13012665768784532
1336,0.151690219029571
1337,0.05288023239064627
1338,0.11731622076973774
1340,0.14518099351947922
1361,0.16157376781673544
1365,0.16805564167606196
1368,0.2422991550587298
1370,0.11205765354659572
1378,0.13977201977592013
1381,0.14246950171419032
1388,0.1372696088684684
1393,0.12665332446344135
1395,0.12055621174265728
1400,0.13226705465411404
1404,0.05187715916292911
1405,0.06475694285270941
1411,0.15225711937262507
1414,0.1366512932067892
1415,0.04875039708090842
1420,0.12106677400445184
1425,0.08946840968142511
1434,0.171235480523675
1453,0.144510568762372
1455,0.235229155194459
1460,0.14408152901273633
1465,0.25864655171893935
1474,0.14182148634691494
1475,0.04631314150631168
1476,0.05482716941360734
1477,0.11705016882953359
1489,0.09710777962386957
1495,0.1370112999213693
1496,0.058613759229214565
1501,0.12450542107353009
1504,0.05148167687207852
1506,0.15336555184992418
1516,0.14117870487368123
1535,0.07009853559367225
1541,0.05849474835273685
1546,0.05043795957178798
1552,0.05737424192767853
1558,0.14784597975451513
1559,0.11727755145700675
1564,0.11502782422204166
1566,0.12563413320787425
1567,0.1492269246437418
1573,0.14225386592989708
1576,0.05901370058612826
1577,0.057516856534547106
1578,0.11187589121789349
1586,0.13302897548439607
1587,0.057083962142027614
1589,0.14581777119424805
1591,0.1302500566772174
1592,0.06295168732847001
1598,0.056651431361954545
1602,0.14002726990994724
1604,0.06498498502596818
1606,0.06329282245108608
1614,0.0389216711011271
1615,0.2117671744466907
1619,0.12811173403295606
1623,0.14268616362570055
1631,0.12655082323770445
1639,0.054444394236912344
1648,0.041002788107456646
1659,0.12898386218319308
1669,0.14436860299117377
1673,0.1268794556716211
1678,0.1335743945852832
1682,0.22426140849754955
1683,0.12938051975309758
1692,0.12892022724967372
1693,0.14267578736572167
1695,0.14616059008490742
1698,0.13162594247193304
1706,0.22125180513641685
1709,0.13089368006318997
1710,0.13158337930790953
1719,0.1258616538482868
1720,0.04815086186859803
1726,0.12980884157434575
1730,0.13158250543501776
1732,0.13971881605692804
1733,0.1324922569001868
1736,0.09572139126218052
1743,0.13087470504953086
1751,0.1274954143109334
1752,0.13903726798565177
1754,0.14815643674353032
1756,0.0473611035291456
1760,0.12031907391131628
1765,0.055109873073266064
1776,0.1139842752611091
1778,0.04535841618348053
1779,0.1356955541799515
1781,0.051984606835725686
1795,0.12835620888488614
1808,0.03653773079201411
1809,0.14126263812830264
1814,0.12835421047145767
1821,0.12793085442178104
1822,0.11300874637722647
1824,0.15338162509646658
1827,0.14109246576013046
1834,0.16159729488731525
1844,0.1484600189395997
1851,0.13951655711272734
1867,0.1338167639825948
1869,0.11067894961261535
1875,0.21989235396731474
1882,0.1412292247104759
1897,0.1482115315077
1910,0.12806467036749936
1917,0.14080715699203084
1918,0.10674516626956504
1935,0.13522697833078984
1936,0.13440693328940895
1937,0.05994743433249149
1949,0.1431627881992949
1952,0.04703773566572507
1956,0.15027701831838391
1969,0.04691390574652522
1970,0.12430717427888352
1971,0.1360484711012676
1977,0.14494189681360398
1982,0.12361715457860675
1995,0.12164946140284451
2002,0.14830732982817757
2004,0.13396368469025127
2011,0.14489270881412833
2013,0.15069349018395595
2014,0.11936676516573175
2026,0.12371819981306698
2040,0.13238099108821408
2043,0.13186739451938195
2060,0.12657879958323065
2069,0.10982512351832119
2073,0.10043891713213632
2076,0.05363394877494364
2082,0.10841773053154705
2089,0.05359751106881766
2091,0.1522903339904491
2103,0.062421061049268
2109,0.05554846866807253
2112,0.14516512426744566
2113,0.1479523252807765
2119,0.05444060396009162
2121,0.1405181603104501
2125,0.15239025040156196
2127,0.22683289304708426
2128,0.14290306221582094
2132,0.14779799495135937
2146,0.1342799312329579
2148,0.03564383502286716
2149,0.1421911655516252
2156,0.05970371857759677
2157,0.15478390922264978
2159,0.1273280857639088
2160,0.1257555565812333
2169,0.15059989508995625
2170,0.06023985071503259
2186,0.05604300801958278
2188,0.05191751964471665
2190,0.12761141558393477
2203,0.12671730427235053
2204,0.13954528483709114
2205,0.14490253672336117
2207,0.1344350064206218
2209,0.05375978746001095
2211,0.10826186348812934
2220,0.05037051825810056
2226,0.13797446342067435
2229,0.12468115765836393
2234,0.11410368439573629
2237,0.1450262956063756
2240,0.12850705489055253
2249,0.052535823700141156
2252,0.14158046006220026
2264,0.14307671906977676
2269,0.1390092878398863
2272,0.053875779531609796
2283,0.12241045433047452
2284,0.13629665271227537
2287,0.1582468897439897
2290,0.12034732725123805
2298,0.05292632363473289
2328,0.13190816888257817
2329,0.16275381832589914
2330,0.1448425422126893
2336,0.12358788065975429
2338,0.14726799056729023
2341,0.20253096930333675
2353,0.15123747321250613
2356,0.05120417004167775
2366,0.12731713080599336
2401,0.12918754783531555
2404,0.04654941567422628
2408,0.12147173711008163
2409,0.13078918933089678
2410,0.12737681277419516
2421,0.23870997324122373
2425,0.13574783874347135
2427,0.1475971955467284
2429,0.143148316647028
2432,0.15779741842580908
2435,0.1159914793282551
2436,0.1292716356776485
2447,0.1315666063858711
2449,0.052716519213646104
2454,0.056618844043467856
2460,0.04541143261340541
2472,0.1471818679751578
2479,0.10823421808226821
2483,0.13652876758582577
2484,0.12158354240176766
2492,0.14438676720529348
2493,0.05702211332685621
2495,0.13379986358848628
2498,0.16092354007023701
2501,0.13090670915574787
2510,0.12991517090440424
2512,0.04749354215589573
2516,0.04891330968178953
2517,0.1365335525919967
2538,0.05326823547938089
2561,0.13317787396912406
2563,0.12535509143122914
2567,0.1251327592202841
2569,0.11308041908624014
2576,0.13491224748214922
2588,0.1405284462132077
2592,0.04510354015464045
2593,0.12715070032611106
2604,0.13688022405240852
2613,0.12309697188157737
2620,0.12530705695531877
2626,0.06153748067095913
2629,0.05260648937143802
2634,0.053648542809921235
2637,0.14563209015686746
2649,0.13458273129272375
2653,0.13443630564422
2661,0.1283802987361905
2662,0.09199801858238929
2668,0.12091979466042484
2684,0.13385074407986497
2686,0.11964874045629206
2706,0.12755332783449594
2709,0.12890727290324583
2710,0.1264249859022648
2712,0.10986272460733064
2717,0.1285458556074067
2718,0.15406465957594864
2720,0.14061329847447077
2726,0.15288043855944716
2732,0.15005032433006413
2735,0.15854067379298947
2736,0.10778309757260648
2754,0.11832779025758178
2755,0.061568705765369866
2758,0.13282379995863156
2759,0.0606148069005239
2768,0.13912958484600835
2769,0.14639616097172115
2770,0.14473561731752427
2776,0.05398000656475369
2779,0.21416138901424633
2790,0.05072333762270097
2794,0.12599483142263035
2796,0.0461031588621634
2801,0.1298026197673145
2810,0.09279251251171575
2813,0.14080232961047257
2820,0.13013028782603422
2822,0.13720353671059599
2830,0.16321372135686538
2831,0.15680606751333198
2835,0.13943924556530213
2837,0.14487336111991223
2852,0.13992202685988148
2861,0.13092246020396792
2864,0.050086505253516767
2869,0.05666875190498484
2870,0.2941923669017557
2883,0.04587629046411745
2890,0.04631299320087272
2892,0.054117272338272626
2895,0.15642000177777377
2908,0.1439811948544889
2911,0.050963803671515234
2918,0.10434712751646506
2931,0.13136249580099535
2936,0.14763060504430234
2938,0.19215427400559962
2940,0.13059173715047545
2942,0.1311168785414446
2943,0.04543306321049831
2945,0.14593657791169923
2949,0.05202459786199451
2959,0.14120477750203195
2966,0.1474760996039849
2969,0.14866951129449657
2970,0.12423140237815852
2975,0.1386019252611665
2976,0.1392783729763379
2987,0.12010504204206542
2993,0.05425292724075928
2995,0.056466738140859646
2998,0.05195150145840188
3002,0.1360229933327557
3004,0.11934634594916942
3008,0.13747050794753152
3010,0.11729698645264086
3019,0.05704402231429495
3027,0.0570661141796235
3030,0.12866032449357234
3031,0.14743246584941322
3037,0.12995834297394415
3038,0.11219978785139512
3039,0.06169890963627127
3043,0.13005935605654723
3048,0.056710912337448405
3049,0.13520156159701138
3053,0.048456567080030336
3054,0.05966939560934593
3056,0.11384684018495167
3069,0.2295619177858474
3071,0.13696948547307963
3072,0.14285596688861418
3075,0.13444594292831846
3078,0.12600927870631412
3080,0.11185901969738896
3104,0.13085695719627932
3109,0.1394950911823285
3126,0.09786655905536666
3137,0.04925395813855743
3139,0.11153003326204498
3142,0.13972431150398285
3147,0.055805748835418806
3168,0.13208838788707236
3169,0.13309893326288225
3172,0.09947023393434595
3174,0.13351253180740566
3178,0.1628154842426885
3179,0.05644176670401273
3181,0.12235069037037077
3190,0.14315027527611227
3192,0.15171134693974253
3196,0.13986237548560132
3197,0.1519819948598595
3206,0.14143904693020654
3208,0.04848490680873768
3210,0.11027255849683354
3214,0.21782425587419957
3220,0.09963325489586969
3228,0.05479913165521822
3232,0.12247543151424703
3247,0.12800586923181215
3253,0.06756842208933869
3256,0.048458280364918824
3257,0.12169067343557857
3262,0.12259598933180565
3269,0.05677961508099902
3276,0.06171388487894173
3279,0.22283558683625737
3282,0.10730113016981388
3284,0.05529077159805622
3285,0.14806622317329027
3295,0.11830983018405664
3297,0.10073270579982
3298,0.12410377761373756
3311,0.053925485760783834
3313,0.14141279411127392
3321,0.11580065284020277
3325,0.12820918630541955
3329,0.2058233571780752
3345,0.14492069839821514
3347,0.11606604400992192
3349,0.1416183291566586
3350,0.11858583610395718
3354,0.13372149842708947
3356,0.22757792539236632
3363,0.10799726890247249
3372,0.10497405018876943
3376,0.1272199937707411
3380,0.12557600186171272
3383,0.14365821272009027
3385,0.13371679663623015
3387,0.13756342231606106
3395,0.06618855204820533
3396,0.04688238616492178
3397,0.127766736629561
3411,0.06115166493950356
3413,0.05370714553331107
3415,0.10467442422957648
3444,0.14309202072613963
3446,0.1479912777797005
3447,0.05923815981506214
3448,0.10397372202064942
3454,0.05177664861194836
3466,0.13600820909499278
3471,0.12417713133856517
3474,0.057571862082398326
3488,0.15193231944924107
3496,0.06150124001750808
3498,0.1475943055434999
3508,0.1267174659714364
3511,0.04941457528759173
3514,0.05676029674075401
3524,0.06412958874255245
3526,0.09858415328798087
3529,0.04957842520510726
3552,0.051246104091794364
3561,0.06093576732104883
3564,0.19470986673747084
3566,0.04873878245455586
3576,0.1466864056283272
3581,0.051059074961174955
3582,0.13545767699535605
3583,0.22533412950910614
3587,0.13259462696772917
3589,0.1334646944960644
3590,0.11450885327656742
3592,0.13619725548118033
3594,0.05437565338797651
3598,0.12852597560137097
3605,0.13368032255859832
3608,0.15957163047182626
3610,0.13623408177865007
3619,0.12202051681569093
3622,0.13567003916581505
3623,0.1656455196976932
3628,0.13802498979211228
3629,0.13227494965447684
3647,0.048787969290093894
3653,0.18476039340641665
3657,0.1439738504987506
3658,0.10610050576376678
3661,0.04696157392667298
3665,0.14422007347240148
3668,0.05516970928400318
3670,0.09298505262755516
3672,0.04121953394818777
3675,0.10183414536886656
3680,0.05270875803132472
3697,0.056601197593498284
3698,0.04351203023274648
3699,0.14939560029959462
3703,0.04182801249986214
3711,0.12858422728220692
3712,0.15039047673983286
3716,0.12372104732334074
3717,0.15851382492789762
3721,0.13908428953933355
3726,0.1355694550130359
3735,0.15227463696651836
3736,0.21508838088593424
3740,0.12843871304361432
3748,0.10458438778235477
3751,0.09533440476932256
3753,0.10988219963003845
3754,0.11103588540651493
3755,0.06097930756852493
3764,0.10872789422656134
3768,0.13264803336326725
3781,0.12476808288884671
3782,0.1465231739600973
3787,0.05377085976305587
3800,0.13328873737404415
3804,0.04855883474499677
3820,0.18591906630116112
3821,0.14465520615299493
3824,0.10302029961716816
3825,0.12957919468108986
3826,0.1615252154541546
3831,0.11901847043589779
3834,0.12147614147868808
3835,0.1430927487530122
3836,0.12780164617752038
3840,0.10261945053277091
3841,0.1564383438504228
3848,0.14868055122876644
3863,0.14175158989830483
3869,0.12314902940854669
3875,0.12101626403879401
3877,0.23372152596136636
3878,0.13189750060631722
3879,0.14914886970918395
3881,0.13743398894960107
3882,0.05917343155562002
3887,0.13201494850042345
3890,0.12425684429373303
3904,0.0468581147403151
3905,0.24872868109842627
3908,0.13594282989789958
3917,0.15693582341138318
3927,0.14970607544284087
3931,0.16296635283214506
3938,0.15254915137616892
3944,0.14643647894339476
3947,0.11659027837532152
3950,0.13098037575312235
3971,0.11420364409493687
3982,0.05836887061419056
3991,0.04498828516784807
3992,0.11963568168501593
3997,0.10731818109283264
4005,0.058109944199543295
4008,0.11790839150047161
4016,0.052381255181912195
4018,0.13620252314653003
4020,0.16662873256291144
4027,0.0631991468961722
4038,0.13101516470364438
4045,0.12516242214366557
4048,0.1546578299097054
4051,0.12346942999532351
4054,0.12843771457308062
4055,0.13312242714139472
4065,0.11607971893964511
4066,0.125027940057542
4073,0.10333453186671335
4079,0.0485370124733046
4084,0.10792098328245613
4087,0.16352038371053473
4089,0.047673921022322985
4091,0.19375684988861003
4092,0.1260269066029855
4102,0.20931864439231523
4108,0.15389428918223846
4113,0.13559649849527078
4116,0.13528158168105475
4117,0.05952925661167348
4124,0.13188012897587242
4125,0.12950859359836292
4128,0.1401230604074443
4129,0.14952879022609344
4130,0.12349451924838367
4134,0.14171431198084627
4144,0.1417969975682854
4147,0.19583994926186327
4150,0.05787052877747953
4158,0.1522706539905611
4162,0.11618859424312625
4163,0.11690999011489427
4166,0.04252652605481454
4167,0.1272858496521798
4168,0.12877083204462256
4175,0.049691054153082934
4179,0.05335444168545548
4180,0.15447954839343692
4189,0.14379420519106811
4192,0.14613951587519713
4195,0.13819580433620443
4197,0.14071969664978823
4198,0.12908312875063685
4202,0.1171118173609961
4208,0.12836857358180848
4222,0.1284413152511802
4225,0.048703569198013955
4227,0.14172486459226233
4229,0.13441203428592235
4230,0.11645424676386518
4244,0.22724047802514585
4247,0.14060519766813812
4249,0.14598925129605672
4258,0.12834139934287594
4266,0.1337847385583386
4283,0.11448909369169252
4286,0.11630271816792981
4287,0.11828986466164362
4289,0.11271518751707693
4291,0.13163860703576719
4292,0.13306348438012072
4296,0.05084857522329023
4309,0.05339941549129269
4323,0.14656088882894203
4324,0.13894076954777917
4327,0.11120379266289702
4328,0.14332173676916268
4330,0.06603799062748555
4334,0.05807411609342407
4338,0.059854084710257646
4341,0.1459639254370197
4343,0.20830522392440448
4349,0.05398291986949838
4366,0.12200115193002019
4367,0.06166871316144983
4373,0.108390266071656
4374,0.16699422209943304
4384,0.14141700493287232
4390,0.12710554761197665
4403,0.1433491049712332
4409,0.11725680493000593
4419,0.1417460252412294
4427,0.11026453676751766
4428,0.14215775003982606
4429,0.13190957234256262
4430,0.049854365816404525
4431,0.1466106489084825
4433,0.06256759548793989
4434,0.13160389155215313
4442,0.04648548865001266
4444,0.10203310155067133
4456,0.06672582219660217
4457,0.1282829640792759
4459,0.12826331016437834
4463,0.1350761546527165
4465,0.15663347856470022
4466,0.05733962153055874
4469,0.060335622945116574
4486,0.12476366425483403
4488,0.13058739521826748
4490,0.1390780418986973
4492,0.14424916353621176
4500,0.05446988015757001
4502,0.13970189869830185
4507,0.14388060235834096
4511,0.13480034540949504
4512,0.11181816901208408
4516,0.11969720489234295
4520,0.11567969967661666
4536,0.0949881365668234
4538,0.05552634717585028
4549,0.05247103251583711
4554,0.14173842413041857
4561,0.13679561772062673
4564,0.11439373395915522
4566,0.14312259396067822
4568,0.15270339222764828
4580,0.13651502473051763
4586,0.05850469814360551
4594,0.13856421965297702
4598,0.11548051964728095
4602,0.13028714860890378
4609,0.14161041845498362
4610,0.1257349204824173
4611,0.11574487593294747
4619,0.1368942855954116
4624,0.1462091570590432
4627,0.13186943752426167
4631,0.11747786188526683
4632,0.14274887124903365
4635,0.050595212309813176
4637,0.15276367633434115
4641,0.12888678962538774
4643,0.059780585071023705
4660,0.04478925275005191
4665,0.13319016757726945
4667,0.052483117036441346
4668,0.12857417173543237
4670,0.1361948471203081
4674,0.04360507498043817
4676,0.13750160352673846
4683,0.16252958902387177
4684,0.0574195856328828
4687,0.12843226124030271
4704,0.14279826872589624
4706,0.13295310476933347
4732,0.1301418098462665
4734,0.15338736190358426
4735,0.1181053170123586
4744,0.053281088338948276
4755,0.1119148018510859
4759,0.04822348683269362
4762,0.05529905160349331
4765,0.1413487549361848
4767,0.14019783832177396
4775,0.11892057866646809
4780,0.13445401569743576
4789,0.11837219790601936
4794,0.13211916316101258
4795,0.1202230839431068
4797,0.12606094125686498
4803,0.05508488157709365
4810,0.13991534766725902
4812,0.14722280566446866
4814,0.11659156597068326
4818,0.11414624139125668
4820,0.055559900495329384
4822,0.12631664996843756
4827,0.10077767213245911
4828,0.06286473290740986
4831,0.04144888034799188
4839,0.14459033367613083
4841,0.11031330414824217
4842,0.05512831093653615
4844,0.12860368780905163
4852,0.04872442525856242
4861,0.05886951514099528
4863,0.21445966994328275
4878,0.13021733768463897
4881,0.10981149209256157
4883,0.1654881688345835
4884,0.1289503864933075
4890,0.1399304235568055
4894,0.04519777324501432
4895,0.16514003562455815
4898,0.11933335589020028
4899,0.04329697693098533
4901,0.05688473924517109
4902,0.04930044111500227
4919,0.12791023764772977
4934,0.0600846101850957
4937,0.12817785672895288
4939,0.05387312306480613
4945,0.05827535190173992
4952,0.09908754748758129
4953,0.13907094067895592
4954,0.12993252491624557
4955,0.12153623137516345
4967,0.04799163373738309
4970,0.14128532662538437
4979,0.1369505452436743
4983,0.13073207688654992
4989,0.1153371587405969
4995,0.14094232253482564
5004,0.1497516187837717
5007,0.138507367045696
5009,0.05373610953842005
5010,0.11336735527437328
5016,0.13021620312070564
5033,0.05370731488234013
5038,0.04096051689355122
5045,0.11008575718498867
5049,0.058975309377684415
5051,0.053154361804918074
5055,0.12583324207024427
5058,0.05373225150719102
5059,0.05050944149011388
5073,0.14020566706190316
5074,0.22633334033073416
5076,0.13472377387845283
5078,0.057329624129462645
5081,0.11657362870303636
5082,0.12315422324008812
5084,0.046517676991678664
5105,0.12986839288477015
5107,0.13511475565985942
5111,0.06452788567087481
5120,0.04421188254144194
5121,0.12788008967387585
5123,0.12557676206285634
5141,0.12955026451340707
5144,0.14538189393339035
5147,0.14359217253844347
5149,0.03891018919484385
5152,0.050496822831553295
5160,0.12520236307457916
5170,0.14385567777344993
5171,0.14347816034336683
5176,0.1380629704157189
5178,0.16634413452529898
5192,0.049436454230889416
5195,0.06258891442308451
5204,0.1508730763094071
5208,0.1292640231040304
5211,0.1096394172516797
5216,0.048165075866460356
5217,0.1273743669653873
5225,0.14037454146592748
5228,0.1432564234806819
5239,0.05233471916698548
5241,0.0632848997156563
5243,0.14581743856063065
5246,0.14111369691625802
5247,0.16075631641945431
5249,0.0525361222885343
5251,0.15309527237071108
5255,0.14923740926157886
5257,0.15896815854940424
5259,0.06135504698976356
5260,0.14072210496421592
5269,0.14634599800283582
5281,0.13506272616231357
5284,0.14341315463100535
5286,0.06303722141313747
5292,0.058133862414887105
5293,0.11381760017944859
5299,0.120468393128108
5301,0.1186644596387806
5303,0.12006562494552675
5305,0.1413275085967273
5319,0.09966793331833784
5325,0.05726871243830953
5331,0.12117239144012529
5333,0.10179346945551757
5335,0.13291139243157177
5339,0.10597592751412216
5340,0.12260838551716269
5341,0.11742345334673364
5343,0.10137736104430195
5347,0.15445123185490778
5353,0.13111900125864015
5355,0.130745795107892
5363,0.13433011730749114
5365,0.13564239709955464
5373,0.10814038224872799
5377,0.14247483262945881
5379,0.05266340347349689
5385,0.13682231280272894
5386,0.05104836609449949
5387,0.15004290085505056
5389,0.044873584702946556
5390,0.0641799190505148
5396,0.05648135485722028
5397,0.05172012716597771
5404,0.1343303543369759
5407,0.13318207065714954
5410,0.04127301266375405
5411,0.06005170227921579
5412,0.1204018933632364
5413,0.04677514241419491
5418,0.15054124132174004
5424,0.12817610329440443
5427,0.15729867713814577
5428,0.12947072851674324
5433,0.14968754886383234
5441,0.1446567204999185
5448,0.11708366159579732
5456,0.14130528958576605
5460,0.052214251225071576
5465,0.15498628084589738
5468,0.059466233169804816
5470,0.11896745249161363
5475,0.12431312736182872
5487,0.13521730829697726
5501,0.052436746548433694
5504,0.13390938364105154
5508,0.13833514164027727
5510,0.12082917617911373
5514,0.05138877670768487
5528,0.1294781811909422
5540,0.12838068992286872
5543,0.1291976482912948
5545,0.12242488089242454
5546,0.13455542968039644
5548,0.054265394358159594
5551,0.23077270082130236
5553,0.12635465717186217
5556,0.15095287289965548
5560,0.13948378813128248
5563,0.13272125406391772
5569,0.050200975990560934
5572,0.05441800234725907
5576,0.05636681616304389
5582,0.1315116831748579
5586,0.05605337355080701
5598,0.04758322415950783
5605,0.1283634554272389
5608,0.13752265755740595
5610,0.11725805503326427
5622,0.0897367407160167
5628,0.13450867357266277
5632,0.12857989956804705
5640,0.05145986236770764
5641,0.07332860541253455
5647,0.05112052044270506
5654,0.1639717006136364
5665,0.12828964796258407
5667,0.1415644324781803
5674,0.0625940919576678
5691,0.13327635537350455
5694,0.12829681381297503
5706,0.13125288914450992
5716,0.06214097867732224
5722,0.06046174765259213
5738,0.13278245608456538
5745,0.13474007573559033
5746,0.10792789436008765
5755,0.1402654718677758
5756,0.04230655953150676
5760,0.15326718902034936
5761,0.14481526937549488
5762,0.05839044381854144
5763,0.05621004555704985
5765,0.15093996977151258
5773,0.12873648120719877
5781,0.12943848704087083
5786,0.13595783453380056
5789,0.1371369909543958
5802,0.128926730699363
5808,0.13946597390585586
5811,0.12181896808665756
5812,0.23087230808639037
5813,0.12483269280869408
5821,0.13064111752498836
5829,0.16782116877901093
5838,0.11134706857897186
5842,0.14266811307940125
5861,0.12640090587866662
5864,0.14139554464093107
5871,0.13596616265256484
5875,0.14440437163673014
5879,0.12617414957224005
5881,0.1280982430525157
5891,0.05992347535414372
5903,0.04212174260494776
5909,0.1338467664434283
5914,0.16062757694049606
5918,0.12949641686807006
5933,0.05182691155889678
5945,0.05873542861201475
5948,0.06048637814081784
5949,0.05209648525806803
5950,0.13564826859236748
5952,0.13060449118427256
5955,0.14725016291423657
5959,0.1549670821422049
5961,0.12930229640500895
5964,0.06449835952547628
5966,0.17537317496499005
5978,0.1181518248600923
5980,0.12183858084250963
5983,0.13849926975556898
5985,0.13177042968740357
5995,0.1428712185410885
6009,0.1520053183740016
6016,0.10888831748948215
6021,0.14968005916864074
6023,0.13549516150460517
6029,0.13978689971831887
6033,0.15016315422827503
6036,0.043227623076752444
6039,0.13744563390438805
6046,0.19221848168163322
6047,0.10784217454629544
6051,0.13220023588984275
6054,0.053118701916711586
6061,0.1425911345703674
6065,0.13498638015951453
6068,0.11530244790733463
6069,0.1967065018057496
6070,0.1378422190509101
6072,0.11019186296809547
6076,0.14321199803089985
6082,0.0594783098203225
6104,0.15414784114226143
6110,0.1250875312422421
6122,0.1188151109723954
6123,0.13817701989832937
6126,0.043482698323368776
6128,0.14290806877181883
6131,0.06068776024441842
6139,0.11887998511774915
6140,0.13747402647832277
6142,0.21920538772983678
6143,0.11431615059586397
6147,0.15241232812689387
6152,0.15488608138248894
6164,0.11629181368380948
6171,0.16667567944726863
6173,0.13024807889043727
6175,0.1426205014097055
6176,0.049110786823363756
6179,0.13128428381585547
6181,0.12680240505878138
6191,0.06320420198659454
6200,0.12115013778312082
6201,0.15158521636068967
6208,0.1485365509032543
6219,0.12660476100479884
6223,0.05381538425106139
6224,0.1348890077477267
6237,0.0763412122253315
6255,0.11793116277855167
6265,0.14710408178692647
6273,0.12329702746302676
6279,0.10457780783178106
6284,0.15490161482258402
6295,0.12057141930652468
6306,0.05152190858905162
6311,0.2002349768661802
6327,0.10868396604363892
6330,0.1283250228925304
6338,0.14090600873170017
6343,0.13861447446046665
6345,0.2021715235380378
6351,0.11983098293293001
6357,0.06031821158606282
6360,0.13449688729105624
6389,0.06165562572419392
6392,0.13366670841782508
6404,0.1151527544614652
6406,0.05523194571653568
6407,0.13452517505502334
6414,0.052055163836091475
6419,0.12225747657418479
6425,0.12951058471472207
6428,0.05105273740596154
6431,0.12378602593236597
6435,0.1334418424648402
6436,0.05457601575874596
6440,0.11659130903788839
6446,0.14726998835346217
6465,0.11644476662598668
6473,0.1208219378884269
6476,0.06057130580020982
6477,0.11337169798355194
6478,0.14930373148489595
6494,0.10971700246903413
6501,0.14602287843629963
6502,0.19902253193701552
6503,0.12688818148746372
6514,0.04462972242342647
6516,0.12093423115550042
6534,0.13641560781925915
6541,0.05752308285726472
6553,0.14017619131184433
6557,0.12183710685653554
6559,0.14272678992867158
6560,0.16154704884414836
6562,0.13627861965218732
6575,0.13273136302321667
6583,0.04254249999536415
6588,0.1346814528199886
6590,0.09725717006018435
6594,0.11465215129942165
6602,0.14267584511514908
6603,0.14403963889315763
6606,0.11468964312856614
6614,0.14799016819996208
6618,0.11824273602281642
6628,0.13536807888326302
6633,0.055876440520116956
6639,0.11394832484573378
6648,0.13204315673059103
6654,0.1172199213769857
6656,0.04803174803609418
6657,0.1456181012760862
6663,0.04783741787881497
6664,0.11849312584307545
6666,0.04835695559304651
6670,0.11516968278985773
6671,0.09532433911899542
6683,0.0635754402484086
6694,0.1274794754842577
6695,0.13424259506400843
6699,0.12920982552679752
6701,0.12391669088873647
6706,0.049674885490872345
6707,0.04640111842644476
6720,0.12298370568771513
6721,0.056897930574092245
6726,0.13359050509495007
6735,0.11398164391439958
6745,0.14181101321246842
6746,0.11213597042179277
6751,0.04666024503460728
6759,0.15810621809551956
6760,0.11103217623013198
6765,0.14104250454465228
6774,0.059108149341267305
6776,0.13392206325241912
6779,0.14704932866115356
6789,0.12511756829291992
6792,0.21968460739804657
6797,0.040576375885082006
6807,0.14587802774947434
6808,0.14916784930759783
6811,0.13570297250357605
6813,0.06294163027454931
6814,0.13377777535283059
6817,0.13684231757532886
6826,0.12600609189534262
6830,0.06272531980402823
6832,0.15538553870712574
6838,0.16158119026674678
6840,0.12457062222214305
6850,0.11644400970363827
6851,0.1382326303167028
6854,0.23048703230147982
6856,0.1415398230486531
6858,0.10265337738263841
6866,0.14416380962978856
6871,0.14166485120975764
6872,0.13388379391303706
6879,0.13892569705550445
6881,0.05444277091468534
6882,0.13266123162028776
6883,0.12549345393991318
6894,0.14549717127780643
6899,0.053434407247413274
6903,0.16035266627201367
6908,0.14560175709365433
6914,0.1314483115943442
6915,0.13895574785651565
6917,0.1309531895805297
6922,0.05471255786749886
6933,0.05548772306995001
6944,0.13387561469720793
6948,0.1398256773957606
6957,0.11421007801710506
6964,0.12255198107850071
6987,0.12151827666068725
6989,0.038382396265037276
6991,0.12676225047555048
6992,0.09153905611348734
7019,0.12349188347523538
7021,0.056001753615786465
7023,0.11495583386973549
7033,0.051639387784515704
7034,0.11517651081042893
7043,0.12877716173192
7047,0.11942729574928626
7050,0.13417469976369384
7057,0.11040912128992958
7069,0.060272199072022394
7070,0.05251217882441195
7072,0.1507946483483276
7081,0.1142901623777027
7082,0.05738375260432176
7088,0.12447158131500785
7093,0.14142661952521743
7100,0.13824519007106392
7104,0.10544155596463173
7109,0.04958456957848656
7111,0.1423893306710493
7113,0.04109915742209383
7119,0.12448677798680141
7122,0.048024708529381
7134,0.22715386491514816
7147,0.06358929987012829
7155,0.12890126127851578
7156,0.14105953901288282
7163,0.22767355955832363
7173,0.09997053120277434
7177,0.12909742403176505
7179,0.16277443267258812
7191,0.13613722425824276
7196,0.1274615428335433
7197,0.04378260947040778
7205,0.05422980910677594
7209,0.060486802292307545
7215,0.06680015768468914
7216,0.10466623280632732
7217,0.14428302183426742
7224,0.13401531525805147
7230,0.13825945637727288
7235,0.16372515407504484
7237,0.15004521790261
7245,0.12787522952647384
7246,0.12298798621194723
7252,0.07117504281989376
7257,0.12547440430986945
7258,0.12194465994675402
7261,0.1017084256359127
7269,0.12633338461699767
7270,0.13331095224341025
7283,0.1325251521708558
7299,0.11612947158352491
7301,0.04861108194634846
7304,0.13008158479976906
7311,0.13100322580948304
7314,0.1497328238173622
7332,0.13480899841104294
7333,0.14232637067899362
7335,0.14604726190218792
7336,0.06334849731497719
7337,0.13617354258299474
7344,0.1369244015452778
7348,0.13516473449704725
7351,0.12978926186956205
7352,0.064010685819173
7371,0.1557584808559172
7373,0.1310843365983826
7376,0.10051755137044219
7383,0.20662477537754376
7390,0.05011787866259036
7391,0.057400509528307934
7392,0.12884563454118564
7395,0.05497544538312546
7400,0.13778399485267576
7403,0.14307603878581227
7404,0.14532323122614982
7414,0.1149735817148139
7429,0.13886888143524678
7435,0.14909157136794243
7436,0.12207152776014443
7438,0.12342146870968593
7441,0.05420787758577513
7443,0.23178302061074157
7444,0.14511026157147416
7452,0.10381268527340626
7456,0.12623191080088914
7462,0.10687599836666861
7483,0.11771594203837007
7490,0.13302900225439046
7492,0.1298037297666595
7504,0.06682153772190907
7507,0.12230508196546233
7511,0.056461839437045816
7519,0.12394348190434396
7520,0.24841820782197838
7522,0.05293616077977672
7530,0.05837266490381511
7536,0.14285349058150032
7541,0.12767862003991964
7543,0.05054374174995507
7545,0.13488294116034516
7558,0.15312880924318634
7560,0.13401313673278858
7561,0.1335234786929433
7571,0.12198058600530168
7579,0.1276472515662531
7580,0.11536751845548851
7581,0.12787247528603846
7586,0.12062454892061575
7590,0.15795073083128636
7592,0.14098775754314855
7594,0.12597643375889112
7595,0.15099421525175571
7601,0.1163536505731943
7602,0.1289880956494098
7603,0.13742085001914883
7611,0.11968849732946324
7617,0.04591330044844791
7618,0.12359738811781891
7619,0.1361499836399312
7625,0.05359415689362458
7628,0.11989637513294027
7630,0.05619941000329921
7631,0.05144203646454715
7633,0.15669255682768884
7634,0.12822147288381253
7641,0.13995631570356803
7642,0.1434096723872209
7646,0.11285213256875205
7662,0.15728300380081722
7666,0.13611254986501664
7674,0.12117174136717754
7676,0.11818608667027092
7679,0.15421359522054282
7681,0.13016958368576023
7686,0.0520018857356841
7696,0.16910498221399
7707,0.05890550969602287
7708,0.054373774732945815
7712,0.05396257056142249
7715,0.11905407959225445
7716,0.05950166377919671
7717,0.14702032552499444
7719,0.060397901203104946
7723,0.05781252670085795
7726,0.14742466833419637
7734,0.16579394117267052
7739,0.1014942106553694
7743,0.12782928449920763
7751,0.06459666968410863
7752,0.1360916129766261
7755,0.13324511398846411
7758,0.05344895596757636
7761,0.12666008081754465
7767,0.05194008883361887
7773,0.11029743361985431
7779,0.05741433398338783
7785,0.06366308106357824
7792,0.058624531380416775
7800,0.1345864223542724
7801,0.12070325615964786
7802,0.11079230161711545
7808,0.15457863879588035
7811,0.12397491987542067
7816,0.04977081261132446
7822,0.05841035836969441
7823,0.060642186282332464
7832,0.1322594533652065
7833,0.14492829174528188
7838,0.056956443954856134
7840,0.1300853426062683
7857,0.13648657321909716
7877,0.05855489878284773
7885,0.21481029890305375
7900,0.12967785270605947
7907,0.12588978188544558
7910,0.05472709014309304
7918,0.15093003309703387
7919,0.057630423691584165
7928,0.14379251771580775
7933,0.13983015735465942
7941,0.113532621387158
7947,0.06727554321311932
7955,0.1422663391469561
7956,0.14151242339587877
7957,0.1242856015907345
7964,0.14005074454777253
7968,0.12778491152756738
7980,0.05843944582595192
8004,0.23354372868270132
8016,0.12398957022204987
8017,0.0539307602398172
8024,0.15493587124556657
8031,0.10480560055949406
8032,0.051442251411619254
8035,0.12146521909264506
8036,0.12852308160385223
8037,0.05517745387960839
8052,0.13706747180267184
8055,0.060230643002413875
8059,0.13182002658599026
8063,0.12527725085317454
8064,0.12200094352051397
8068,0.1284118116334773
8070,0.05829157850602909
8072,0.13230963998277293
8085,0.15326749344616397
8089,0.12342071865213522
8097,0.047446321232080174
8100,0.1384483547231175
8102,0.13652332612436982
8105,0.05308405306255122
8114,0.11793683460110653
8117,0.12739739308974443
8120,0.13420060667886025
8126,0.1315192057980475
8128,0.06503858342834302
8135,0.057819992097402365
8137,0.1178865666742232
8148,0.11147455360976158
8169,0.05355354720656165
8173,0.05479014466405148
8178,0.11711744887601866
8179,0.20999905518148942
8182,0.042371891127566924
8184,0.11338980389261105
8186,0.13303029166992814
8189,0.1329694589300851
8196,0.145679910186433
8216,0.12904304037825864
8219,0.12605262930116373
8221,0.13339190552863783
8227,0.06033211348185803
8232,0.14173473469780595
8245,0.13005721361075856
8248,0.1272141180751672
8249,0.1440145804438127
8250,0.1374805840325798
8256,0.04892960402299765
8258,0.14612656706168708
8259,0.04537743113246542
8268,0.13653792123808822
8271,0.11673413487168313
8273,0.13685755974228625
8275,0.13430555712190928
8277,0.14141893495999608
8283,0.13701955962267603
8288,0.05659081249841784
8299,0.05876359509570786
8300,0.12247920920930916
8301,0.054137705010899595
8307,0.13865670070936043
8315,0.12913365898016343
8324,0.10829122822400977
8326,0.12598543955117741
8351,0.05634993751540969
8367,0.047347632686721576
8368,0.13702674003261878
8371,0.16732411311274648
8383,0.1431265718058206
8386,0.13632455221687478
8402,0.051957580910005026
8404,0.13045663001286065
8421,0.14315067763200245
8422,0.05179730970113931
8425,0.15253109189082148
8429,0.13885971127660274
8433,0.15083882909066276
8437,0.10289426052517878
8440,0.051999014664836966
8455,0.1450324983898849
8479,0.16905673739287025
8482,0.06000876183863359
8485,0.1447528199596521
8489,0.055693401129796954
8490,0.04159040826827154
8492,0.04428978202757369
8496,0.1470138430927993
8497,0.1277906179141647
8498,0.12616118886746966
8500,0.14634509300490067
8501,0.14957958122527049
8508,0.1466347303450296
8512,0.1561539271998193
8522,0.14156890002161857
8536,0.050070370704229664
8545,0.14328852459600527
8546,0.12458427229247453
8554,0.11414705940412256
8556,0.1227538363625582
8557,0.12217489076371141
8559,0.12085911412233385
8560,0.1378729828917919
8563,0.12260000744375364
8565,0.1444278238736011
8574,0.10988651871949312
8578,0.0555413627761982
8585,0.04754758590215503
8602,0.18352896235893035
8605,0.10941570861779197
8609,0.13161418833140812
8614,0.09759726115535933
8619,0.1343370542079642
8629,0.1413102093648289
8632,0.13341785773856846
8635,0.05948734362901879
8639,0.05017542051592064
8642,0.052724316778539115
8643,0.1171461156386916
8655,0.14067258973049518
8657,0.1299175789945845
8662,0.14304486973157265
8666,0.14529354945401307
8674,0.054989343499284575
8676,0.12523112481840956
8686,0.13860045389153416
8691,0.11066554509378179
8702,0.13375448773292414
8714,0.055111326958116304
8718,0.12630016524500123
8731,0.14447170645682897
8738,0.14099088080905275
8745,0.0539584953654013
8749,0.12921353766107746
8754,0.14739282233157036
8760,0.13272446026812304
8762,0.05831298548236459
8767,0.04313996685853967
8768,0.14154700068956627
8769,0.03812353217623089
8771,0.13629480961372858
8795,0.12398859582110464
8796,0.052908870411783424
8811,0.14111350902740422
8815,0.14334693307510882
8820,0.13574770920988544
8825,0.14100468479314604
8832,0.1259673898960435
8839,0.0633555482950925
8841,0.13850057067054208
8848,0.11778546151036384
8849,0.057126054428500064
8856,0.14833254825278197
8875,0.12846392129112483
8879,0.053810073782844595
8882,0.11550275677244082
8885,0.12831358981539018
8892,0.13120822591501985
8897,0.13598167734768468
8905,0.046196697416690774
8921,0.050558576710190456
8928,0.11676108570732728
8935,0.12739628887208682
8939,0.056892571721017395
8941,0.13868230158653422
8942,0.04870958428332933
8949,0.11870651369216484
8951,0.062494889680044144
8958,0.12254891189285129
8964,0.06081118616466539
8972,0.04754786274780702
8978,0.14647136732450636
8979,0.07415507786952011
8988,0.1447710634900144
8997,0.14580144122322183
8998,0.0401686129266327
8999,0.13398161203281692
9006,0.05111245788150981
9012,0.16180490853170848
9024,0.12547114090499464
9026,0.13493372916908522
9030,0.12308523180419365
9034,0.04376771248144244
9036,0.14835111830864978
9038,0.05515221794355679
9040,0.14104775155623958
9041,0.0979627868187934
9042,0.048375449917809586
9046,0.04991367613155236
9051,0.15467146285691868
9054,0.1388195799961543
9057,0.053305505174580194
9062,0.05700671586904678
9072,0.126900449329791
9075,0.11508127591399323
9079,0.1487457119407405
9081,0.05783196373409604
9091,0.11737590716359106
9110,0.06010201363742812
9113,0.14364155695016612
9116,0.14810743474862076
9120,0.05776883142445076
9126,0.1532392780709844
9133,0.11977827419157107
9135,0.15118739634785822
9144,0.1137902949569622
9146,0.1377036603244939
9153,0.12312516862706258
9155,0.05100666224633016
9160,0.09731743596614272
9165,0.133212411216931
9172,0.14290831780936541
9174,0.054713767998670934
9179,0.10597596277324953
9180,0.12661370890929324
9195,0.22655916177347732
9199,0.1397503728860522
9204,0.10165667034186146
9205,0.05245276998277308
9210,0.13713162595237882
9228,0.1238296166854268
9233,0.14473279811920722
9235,0.14827416158764328
9237,0.05596079994750277
9239,0.05467669038290371
9240,0.04411198754584862
9241,0.21445541073909075
9242,0.1247005691749122
9246,0.05078063683106626
9248,0.13710508682936134
9253,0.12769362184141125
9254,0.1340274762959745
9260,0.12831444855050622
9261,0.04856133712504086
9262,0.14611511422205847
9263,0.1682425136916666
9268,0.12300110873218899
9275,0.0621776599892842
9278,0.1365571890529652
9287,0.12492862465655971
9292,0.11955017709745037
9308,0.12289928876432216
9309,0.14507846299096352
9310,0.1551455882317456
9312,0.09399178310705363
9314,0.0527928038356322
9316,0.05706355414139041
9318,0.13147705329343484
9322,0.1586533336359801
9325,0.14634547777987295
9327,0.13150550621796314
9336,0.1197214350855648
9340,0.1575611421138043
9342,0.1373096490528842
9346,0.12378387665403365
9351,0.20959773238203183
9357,0.1281830386828836
9372,0.13155220305366128
9374,0.04738985759862413
9378,0.20451930415229613
9385,0.07224406857313809
9413,0.058145832536899936
9418,0.14320041407219086
9420,0.1203734026004111
9422,0.059909983286426764
9423,0.11482173835136475
9425,0.13569279325148687
9426,0.15118758144024386
9434,0.1501941036437196
9436,0.10142200233916109
9439,0.04814717452376523
9446,0.056838892904947244
9460,0.14063520296957954
9461,0.13100438572030323
9467,0.1271841279974672
9472,0.13519446047301997
9483,0.11303177782102329
9485,0.13364671781581336
9492,0.05636855134910437
9500,0.13378573057637957
9507,0.1318144955213051
9514,0.16247950441703518
9516,0.14218659584827031
9520,0.07673333798567852
9542,0.1264994846792312
9544,0.2084715187220585
9548,0.1445110951943908
9556,0.058952834558729836
9558,0.14155534596562946
9565,0.13866987148576765
9571,0.13356603614079782
9575,0.12884568526158657
9587,0.13964283461625226
9602,0.14865673885914663
9609,0.05304789914856803
9618,0.1119397819876011
9622,0.1340720249253349
9624,0.12910093537596373
9648,0.12723617577616758
9658,0.1187229780461109
9668,0.11993889580667101
9702,0.04209980124158696
9705,0.1439697236619351
9706,0.058678546275161794
9707,0.14179461223380307
9708,0.07151511381733591
9710,0.13946560646149458
9726,0.15281534397384777
9753,0.049058706181009756
9757,0.11218188224009917
9761,0.05574021036838678
9765,0.1970365805513678
9768,0.15438458523974424
9769,0.14002565763961844
9775,0.043364010123164265
9778,0.14331983397260198
9788,0.10778709418230062
9789,0.14991607599589507
9792,0.13322684031484502
9815,0.12358927928237633
9816,0.059302940102293256
9822,0.052124561562668134
9823,0.14549577631175697
9827,0.11859619001999296
9835,0.13987887761737325
9840,0.05498088361268272
9841,0.1183548691317829
9849,0.1310296497372852
9853,0.1439749496003187
9869,0.06803617467317052
9873,0.06164580830519213
9881,0.04669174199224618
9892,0.12362648309319846
9898,0.12448890390714892
9899,0.14833495982507228
9915,0.12885823733545088
9936,0.15697790707475046
9940,0.14435358039666712
9941,0.050499643823720866
9947,0.0436872807404377
9957,0.1360747334045217
9962,0.05718975181802193
9963,0.12942331321077644
9964,0.15128252452001795
9965,0.13262414037807146
9968,0.13021375633094806
9971,0.10771522594209057
9973,0.14326313166639904
9980,0.059879334764039366
10002,0.1489332233845331
10005,0.05814595533675659
10007,0.12025510452696439
10010,0.16237802566231024
10013,0.13447369596603884
10014,0.06018374870970368
10017,0.13180116520494323
10024,0.13235014302037643
10030,0.1126309860979271
10037,0.1373896170687751
10046,0.1152330652166293
10051,0.12679160795893632
10063,0.12620119358365045
10067,0.1320084835059375
10073,0.05779614315308347
10096,0.05421902768622468
10099,0.06871633735116614
10100,0.05076526698538665
10101,0.15102890174029782
10103,0.05141565830055912
10110,0.14129278158749908
10113,0.12945373541091665
10116,0.05948709596316461
10124,0.15246135229470426
10127,0.10964370005266448
10129,0.1463970854441714
10139,0.15093650387489094
10140,0.16797113055571916
10145,0.1909947162740359
10149,0.1281205888787396
10151,0.15848030339321695
10165,0.055437521094093965
10166,0.052657276735414316
10168,0.11718157088892131
10174,0.10495891623685252
10186,0.059519469657171274
10189,0.12652105109349948
10193,0.13545148083727832
10197,0.054452562846075137
10201,0.12270557794111955
10206,0.13016133903555024
10211,0.1259265300464268
10216,0.12715830646714202
10224,0.11902417068465525
10234,0.14864362507949594
10236,0.12378784665621198
10239,0.1347808772422153
10247,0.05688409620723345
10250,0.04122482771336031
10253,0.14063477403254
10254,0.1249744447507361
10263,0.148102276947857
10264,0.1536904905123132
10265,0.125715046248457
10275,0.04754016265537325
10280,0.12851697022595693
10286,0.1354717486566063
10287,0.15496673626512328
10293,0.14000860034047669
10294,0.11830332782507591
10303,0.055028444685350106
10308,0.13788250108993538
10311,0.13134446967241398
10318,0.1409532655864147
10323,0.1471636100792006
10324,0.10102678654943795
10327,0.12081813596914358
10330,0.1307489755975584
10331,0.12234167997927417
10333,0.04498139159902509
10334,0.1493943513090656
10335,0.12796500035546632
10338,0.14919884456875343
10339,0.12517962591530724
10348,0.05109902559533442
10354,0.22632278416885837
10356,0.10990101270810435
10367,0.06103083160526455
10375,0.12002256543624373
10384,0.15314412343806078
10386,0.05719828986129246
10389,0.1316764180943183
10393,0.13085518218355796
10404,0.14510021941695367
10408,0.046831450564822456
10416,0.11811365953349867
10434,0.16181599901290622
10448,0.14757443125932512
10449,0.05876555018443659
10452,0.05536844925720977
10453,0.1413133887952065
10454,0.12966817855393778
10461,0.12519546960719713
10462,0.05358840109189268
10472,0.06244266757638699
10474,0.15780089807267123
10476,0.15393455789194654
10478,0.04670505763200629
10483,0.10906700730343333
10492,0.1408788862929091
10493,0.1440112807105849
10499,0.06293671133805154
10501,0.04539020315375919
10509,0.12302676400246727
10512,0.12047721357735386
10513,0.10920765565753737
10516,0.11793562432961728
10517,0.12041135852141105
10525,0.11725449288056622
10529,0.14392992996657683
10532,0.1253890077061608
10537,0.12805303731697432
10541,0.16070648038987773
10545,0.10740394687418761
10548,0.1133402354712694
10552,0.04843618619995525
10554,0.1512090647786404
10557,0.14277250326986207
10564,0.15012608774333291
10574,0.05936061627111068
10591,0.11404348187372132
10596,0.13449526692950797
10600,0.15418318323126495
10606,0.04787298155667957
10611,0.11616408962351547
10622,0.04740103502353653
10626,0.12121695957315531
10629,0.05858334273009635
10630,0.1353336428870081
10631,0.1457715711530111
10633,0.0499263020611104
10638,0.12558949263286362
10639,0.17312685777175862
10640,0.09209770771129075
10657,0.1482398234579103
10663,0.11700973806247539
10664,0.1258811912472
10667,0.12950614805014862
10671,0.1344453826351225
10672,0.1244327727183919
10675,0.12176057071229172
10679,0.14619990027674307
10681,0.1282938904818881
10683,0.04983261443442279
10688,0.12150451216832624
10701,0.14849931598908206
10704,0.14095257950760692
10709,0.16249343464847535
10715,0.1293838233788884
10718,0.055804409645161576
10724,0.12616600052889154
10731,0.05810710204104348
10733,0.12630099399459313
10737,0.12825578750812872
10744,0.057867610678053565
10750,0.10678343904377899
10770,0.12598841913343373
10776,0.1408279775976768
10780,0.053625303864294815
10782,0.22399323016530104
10789,0.13915395777162032
10793,0.13683821179240696
10795,0.15228808365851737
10807,0.12516306329224433
10813,0.12781572871535357
10815,0.12975261448903302
10817,0.13137151561086452
10819,0.1107373274081431
10824,0.14628841772581364
10828,0.1434772700030406
10830,0.05639340703741423
10832,0.13926027813062836
10836,0.1641311252678658
10839,0.1542963455975339
10843,0.12769328680300976
10844,0.1304166126603514
10866,0.24089525669781214
10872,0.11982821143010629
10873,0.041595237573865074
10878,0.19244467838098553
10889,0.057304862902587045
10899,0.16134657661364843
10901,0.15279429133903957
10904,0.15961061609169336
10910,0.13245027255078665
10911,0.11800213350687017
10917,0.12540793210840534
10920,0.1281908448540708
10921,0.052789028123806786
10922,0.062366324452212615
10929,0.04962295502290352
10930,0.04915610338110667
10933,0.14165406840329464
10934,0.05737525309811191
10939,0.1423959516623602
10942,0.038744936273102396
10943,0.046191197593350525
10945,0.15194626582635246
10946,0.12577302764521603
10949,0.10236321645560553
10951,0.12188984862201828
10952,0.1583803737838686
10953,0.059841648107197706
10955,0.04146723750113412
10956,0.14119674162454782
10959,0.15707767711309295
10963,0.11637819262540124
10965,0.11923566097831662
10971,0.05920824784038559
10975,0.13507883917884406
10979,0.11584015231586536
10983,0.1311279958957075
10984,0.11842964228377467
10989,0.0611835000617148
10992,0.120826279205562
11001,0.05601709482829059
11003,0.055765829370871225
11004,0.05513469363086651
11008,0.049942683791214776
11016,0.057619951172302133
11017,0.039610552198046045
11021,0.14935602171337653
11028,0.20231022212350452
11034,0.1433158863265077
11035,0.05264340748799976
11036,0.1003348447011544
11041,0.10948136653132068
11047,0.17402878431505747
11056,0.16084421484409928
11058,0.14730149217303706
11059,0.10036640971883161
11060,0.09170037216693189
11064,0.13437090061021975
11066,0.06067225746917654
11069,0.13880431894390127
11071,0.11874224611521175
11072,0.15139792304046767
11077,0.12681876955703913
11080,0.11248195518054875
11092,0.12268916000219995
11097,0.04883086815045164
11098,0.13260970797542107
11114,0.10581443507566307
11121,0.048083801319540896
11124,0.1356824840039638
11131,0.13140455863408337
11143,0.1452800568250145
11146,0.11008692848994475
11154,0.13737079175602762
11164,0.15069588517395702
11172,0.13876248700441546
11173,0.060395035361723394
11174,0.1025138734468245
11175,0.12883615529689418
11180,0.14552600353606893
11184,0.06187678387448152
11188,0.12107422956438653
11189,0.05816398114356734
11190,0.10390554799664281
11197,0.05017777814509675
11201,0.125476295293227
11204,0.13886811627436962
11211,0.12904362059801058
11212,0.13113377944240942
11218,0.13645619146410587
11219,0.13506586900349277
11227,0.1235943316797761
11241,0.13840175432976104
11251,0.04945546654051365
11254,0.05105516961652983
11260,0.07641863046387118
11264,0.12720499765495258
11273,0.0572502708062487
11276,0.05573000462107561
11278,0.056966633813622394
11282,0.14066532746321397
11283,0.130100256179182
11291,0.1337724403279199
11293,0.14065978558781386
11302,0.1370693003816497
11304,0.05716529621839468
11305,0.14375129697706396
11315,0.15168256804544827
11321,0.11858249902353513
11325,0.14890715932723636
11335,0.1295966144259675
11341,0.13284138554655428
11343,0.12555089865429614
11344,0.15844261913137486
11361,0.11524197597847721
11375,0.1148426633422388
11377,0.06599651478479057
11379,0.14646290592776912
11380,0.1400078833935362
11391,0.128143694601635
11393,0.12401868309371727
11394,0.13751849569398417
11398,0.14702560701802356
11399,0.13377506560153488
11408,0.12493327018889278
11412,0.12999745941737478
11420,0.13099740480227046
11421,0.16233150158116866
11430,0.05804658161498473
11437,0.1282757332832996
11446,0.22592927531464585
11471,0.12475459379249104
11472,0.13400695329372492
11475,0.05362973460694814
11483,0.12220783004321242
11492,0.12808857578638022
11497,0.13501907919213418
11498,0.10801772839047935
11502,0.12592286977784517
11504,0.2321498257375652
11511,0.20570809294647846
11512,0.12270317687795324
11514,0.05462660791248958
11522,0.1317056388348245
11524,0.14959756096319968
11533,0.15428808767554777
11534,0.10387146518519248
11541,0.14171005929153596
11542,0.12466582102400856
11547,0.11512482274492919
11548,0.10177488673205662
11566,0.15581879887389727
11572,0.13498932532545754
11574,0.09862063205866316
11576,0.12573311089636585
11577,0.05404488094218092
11580,0.12691944084427334
11598,0.07048312164758871
11603,0.11854057919054983
11613,0.150192959890274
11614,0.13362006395338144
11620,0.13102462267055287
11621,0.15504915657315765
11622,0.0487699517399844
11626,0.061190542150936195
11630,0.14897238932914436
11636,0.13105716141194595
11637,0.0640557291560933
11639,0.09845000184098082
11647,0.13414146145742573
11653,0.13077177992941658
11654,0.05379093783604346
11660,0.12546588906257305
11664,0.1422735177537749
11667,0.14549049749876608
11679,0.11191537138011858
11687,0.1544042954194407
11691,0.05764753582502877
11696,0.13593294843487105
11702,0.15892104362945264
11703,0.0515968488388997
11705,0.14438088500197577
11711,0.14109245837353449
11716,0.12122817522625925
11717,0.14122970727926598
11722,0.05844372778325162
11724,0.1282951772205086
11728,0.14926381893276364
11737,0.11777436675561659
11738,0.12709203444170614
11744,0.11710733365381414
11747,0.04895402664215036
11753,0.06506181498121574
11757,0.14757578678220892
11758,0.06620630289299193
11760,0.07321541245529278
11762,0.1366995898519905
11764,0.14471300064979234
11768,0.057913463536261575
11773,0.0850335101481581
11774,0.15711519052552017
11783,0.10392895340539388
11785,0.09792245690436568
11787,0.13932234081164147
11791,0.12194785683511249
11796,0.04517496989151919
11797,0.10573681752445899
11798,0.05311611467715176
11803,0.054018407565114335
11808,0.13574015333083678
11810,0.1284403990715962
11814,0.12738216033625538
11822,0.1467179742234493
11824,0.05438950846905897
11829,0.13222131680866916
11846,0.13574671781987152
11847,0.13282758490993407
11850,0.22077714664949666
11853,0.056022445941115016
11854,0.06506586163090539
11857,0.14697662633335182
11862,0.11523128006078372
11883,0.06119209127098492
11890,0.12981584946632616
11909,0.04763567446707232
11913,0.13178577373383343
11917,0.14643209860065873
11919,0.12791931126682202
11920,0.056878800030526006
11921,0.12457978885461497
11928,0.1266748587608481
11929,0.13580997022774308
11935,0.050990439611271275
11936,0.044820780382631896
11939,0.04654558980173731
11942,0.05691840850294632
11943,0.12464313402275426
11946,0.13610872204729285
11947,0.12612322972136047
11952,0.14564990772267533
11956,0.11087028562137652
11959,0.22330055420049752
11969,0.12342030636545404
11973,0.1337959198624092
11974,0.12642758697144965
11975,0.14009054819818567
11993,0.1455402487982964
11994,0.13382787840729182
11995,0.07427535752664123
12002,0.13481848486762527
12006,0.11223539229586108
12007,0.12445748849542052
12014,0.14886516128112975
12017,0.1507892051910306
12021,0.14213538745650672
12023,0.13882820596384818
12024,0.13246876373992894
12027,0.17049588482804198
12034,0.1277873436867732
12040,0.1261212897534386
12048,0.12142495034631434
12052,0.05757725141584204
12057,0.1531513126770293
12058,0.18779884207617453
12061,0.1278505339556223
12062,0.13697825269047728
12064,0.05662740022014101
12071,0.1361492622288759
12080,0.14719893834129422
12085,0.05635492796053515
12090,0.14971135328538804
12100,0.12732903163467027
12103,0.14047468031101115
12104,0.1320768978304514
12109,0.04900291482033335
12114,0.14788003391916676
12123,0.06310526364977298
12124,0.05227587172935097
12128,0.2345230833599222
12132,0.13286625236037972
12135,0.1338716340307169
12140,0.22641593440063246
12149,0.055921826941423086
12155,0.12308248580172904
12158,0.18110332396152187
12161,0.1468012875858032
12163,0.14986650447579902
12164,0.14003620392276858
12174,0.05324979424520946
12175,0.13980282649492043
12179,0.2204025693243551
12183,0.11922929711861796
12184,0.13626591147175085
12186,0.05927301213831933
12190,0.14375000864957022
12193,0.14760850853833588
12195,0.05176400334454721
12196,0.05476300297690354
12205,0.1463360120472042
12213,0.14784762915751326
12220,0.1524666668216249
12221,0.13486008152716644
12222,0.059564366233480354
12224,0.14534879165142622
12230,0.11186243140167255
12239,0.11501984071428087
12242,0.12192715085405412
12244,0.1486381110583637
12245,0.13704102736521784
12247,0.14652873970775648
12254,0.16052270056306567
12258,0.1274889418608322
12266,0.061156180058751175
12267,0.13753885676996874
12272,0.1582217974207965
12273,0.1270817038159524
12276,0.15076700289749798
12277,0.1210825997916894
12283,0.13818139452020417
12289,0.0526469411080579
12297,0.13253843762329948
12300,0.2341345425029774
12302,0.058193506716551366
12310,0.05900486363804182
12312,0.14596623601297865
12314,0.055707918985408694
12315,0.044412776840416356
12327,0.13044418484505632
12329,0.13105313415872694
12332,0.1282358447615778
12342,0.06150622593740388
12346,0.1281028956593381
12347,0.22267174779876958
12349,0.06067990628495676
12350,0.12320065935186979
12354,0.1371390289665551
12356,0.05018826303710646
12359,0.12805813251957737
12360,0.15201544874099734
12369,0.14128885577595524
12372,0.06335313224466171
12373,0.03961947496577177
12375,0.14032476769913713
12376,0.14133775041781438
12379,0.06054483455374893
12382,0.13117698875325925
12387,0.06073802720122071
12389,0.13623264073415323
12394,0.15023843527783015
12395,0.12444770121119456
12396,0.15469823732423787
12404,0.1493233322855857
12405,0.12661980580986237
12412,0.2422438745069797
12419,0.10447282433833276
12431,0.1335968113934366
12440,0.1420868453503263
12444,0.15482284233504404
12447,0.057257713326030475
12452,0.13489631488959164
12454,0.12400557747264726
12456,0.1340817460590792
12461,0.05606038605710087
12469,0.13581090163388498
12472,0.06019907832022724
12473,0.057873250539428725
12474,0.12081798106710975
12476,0.15121413151207608
12479,0.2010731533875327
12481,0.13039435137386046
12487,0.06014912467913494
12493,0.1295601332791123
12501,0.13845734250982344
12504,0.13602759703777317
12507,0.13521356719913669
12510,0.12715538074911995
12512,0.2411896571224858
12520,0.13446809268124466
12526,0.1467475690821512
12529,0.14614576633011234
12532,0.1310310142596321
12533,0.1388461414685292
12544,0.201993402439561
12546,0.12862575419365685
12551,0.13540864806048752
12555,0.23909236369414016
12576,0.12934151750660478
12581,0.12583481454771922
12588,0.14672491928456682
12593,0.0857265130403381
12594,0.12595825567573438
12598,0.12002958011984996
12599,0.15992321956863625
12601,0.12801557796082352
12610,0.17256907579484163
12622,0.05274642114360682
12624,0.12004789358344799
12625,0.1479134465487827
12629,0.3077936394244902
12632,0.04904587912092681
12634,0.0555165572836462
12635,0.13357458176051956
12638,0.13734252949641895
12640,0.04532921251034508
12641,0.12967585934146353
12643,0.12544876224304657
12644,0.05325336827537327
12647,0.1349680341967915
12651,0.16381585434393853
12657,0.13524785124771171
12658,0.1284695656670642
12660,0.1337229419877429
12661,0.1250839569989474
12666,0.12162706930215936
12673,0.12955473446992102
12678,0.13058480406717132
12681,0.15134930283074632
12682,0.22579721393119334
12684,0.04622399819343762
12689,0.12751632770524696
12699,0.12960294525888724
12701,0.1320073494760702
12710,0.12083395864944496
12712,0.1349259463374271
12713,0.1368447353664117
12715,0.11874692896861486
12716,0.14205445212544637
12717,0.12907329423997654
12718,0.1282062398488542
12720,0.12492829716477855
12724,0.13194091169893313
12725,0.1444574664853559
12726,0.13159407414023788
12741,0.1412021908172087
12742,0.16157014991541319
12743,0.1422330719273196
12748,0.11943785176794025
12749,0.04919141900087082
12751,0.1376584253225271
12752,0.14556680574578468
12756,0.13493353655562018
12760,0.1278439940125674
12761,0.13601161550737656
12764,0.15169101630364684
12767,0.049836738769231684
12774,0.1400300475043838
12782,0.06824402267976193
12783,0.22129499403947933
12784,0.12954177048863286
12785,0.1311628620383336
12787,0.14883151578840734
12798,0.12638612522500747
12805,0.13798052882975692
12806,0.12847351431295512
12809,0.10743906576979494
12815,0.12654070358069935
12820,0.05565828747365107
12824,0.12325298356758571
12829,0.1254968359422377
12833,0.1423388340675641
12841,0.14607624775522648
12843,0.11220104382678803
12847,0.1289879137907584
12848,0.13473735442435336
12849,0.1247305860384541
12852,0.1281807267035111
12855,0.14430969433944113
12864,0.13951248929895493
12872,0.05414528316875875
12873,0.15067101669281416
12874,0.1258341417241393
12877,0.230774159805054
12879,0.1363057682380821
12885,0.13246297232878784
12893,0.1409285227296282
12894,0.15049261680383835
12895,0.2225967249078668
12901,0.05736920667227445
12912,0.11021059516080023
12919,0.1387981589924078
12924,0.12250256499943396
12929,0.12573285849287796
12931,0.13621505273179452
12945,0.13400335593689633
12958,0.05176786683293193
12962,0.13646040914202448
12964,0.14747859104294506
12974,0.14759060516205874
12976,0.05050486056919158
12980,0.12347714326477965
12984,0.12455873679805383
12987,0.10837245263767936
12991,0.1365015968597481
12995,0.12162798806205877
13001,0.20933686220385977
13005,0.14767734277033595
13006,0.13921820725096334
13015,0.12860229869954443
13017,0.14601964053191682
13033,0.13585258649903945
13034,0.13373043802722076
13035,0.14646086264686292
13038,0.20187274688795886
13044,0.055002714843682673
13045,0.1476141404701914
13052,0.05535630192484659
13059,0.12840662260173635
13060,0.05874438353240147
13061,0.12686845680469866
13066,0.20728875668055394
13080,0.22676849839283514
13082,0.1564154272142041
13105,0.1386582543558058
13106,0.22109074826743375
13121,0.15335594344802683
13123,0.14784569788858895
13125,0.0511192652528685
13129,0.1322416539196659
13130,0.12207751749066027
13132,0.15039883405765064
13133,0.13102384109736925
13135,0.13940787627574186
13141,0.11379007920730369
13145,0.23213069106191475
13149,0.06192866445506982
13153,0.155449115840192
13158,0.12786403293670187
13159,0.13940223565481435
13169,0.2871411205813802
13170,0.1425254107202914
13178,0.13771526868156617
13179,0.060993976949735025
13180,0.1345791399700304
13181,0.14485738260904285
13183,0.060796464402297155
13196,0.12961665570540792
13200,0.15946120772108272
13202,0.10543854532344597
13204,0.05415981011357146
13208,0.13349236395169756
13212,0.1261608373901068
13213,0.13973643191476848
13218,0.1453981133980399
13225,0.1302675085494703
13229,0.12992891464773015
13232,0.13155419449486444
13233,0.13457465264150567
13234,0.05669445124394548
13249,0.06377323284012829
13253,0.1461119787731906
13255,0.14614656112509722
13257,0.2154777571900026
13266,0.05671751291822229
13269,0.05279269175383848
13270,0.14080544308811696
13274,0.14949521830221896
13281,0.13563736329946535
13287,0.12100558061942172
13305,0.13256963313275247
13308,0.05172750307616675
13309,0.06176835248805445
13310,0.14882337852010055
13314,0.1416206953939413
13315,0.04608216066393912
13324,0.11760592864564401
13326,0.11684503449862632
13333,0.1593564314741278
13336,0.11480232828069167
13345,0.1340969579163992
13348,0.14002412388933405
13350,0.22100079640100834
13354,0.14542673771460418
13360,0.14762387192062232
13364,0.15504654189365508
13366,0.1348029209168681
13368,0.11609322639366138
13375,0.10049040454606696
13376,0.11704706801926199
13380,0.11081065257714812
13382,0.04618129095665739
13384,0.1539084351548876
13387,0.14372071542345777
13390,0.10587306514762644
13398,0.1467986408029981
13403,0.12846385963592297
13404,0.1054983733444416
13405,0.13298722259997334
13409,0.1487331117549423
13411,0.1277827992386181
13414,0.1410499453995666
13416,0.12968514209614673
13417,0.0548666900523752
13418,0.14021234646650352
13422,0.055440151433483256
13430,0.23708331125583898
13435,0.04259471602608286
13439,0.13842734181314964
13446,0.12788420734381956
13448,0.05801702561875839
13449,0.1280428277490414
13451,0.13190950561879394
13455,0.1324633165167849
13468,0.1348672279817375
13470,0.05412336369409062
13474,0.06917869058772494
13478,0.13503856944457232
13485,0.13561068756952965
13488,0.13820106083998127
13489,0.11443259378619315
13500,0.12730258483617662
13505,0.06297832428064801
13506,0.1440745153774633
13517,0.057390829923841064
13518,0.10972220781614689
13523,0.1364334641761541
13529,0.14578573212365242
13532,0.05927453002270767
13534,0.12287072992628661
13539,0.13587709276529025
13547,0.12621450162144424
13548,0.14115713041773267
13550,0.3005577909528505
13554,0.1473917524638981
13555,0.14900711769955016
13556,0.15076541019849632
13558,0.05468102796691983
13562,0.11170457511179764
13566,0.14319638163089232
13574,0.06268869470120356
13576,0.14555832126941393
13577,0.15775972750493322
13580,0.05747929096741244
13586,0.18645064507053638
13598,0.23660338380692264
13600,0.12723431462504592
13602,0.1126523213330361
13604,0.12622910799071957
13616,0.14664903376207916
13623,0.11713989100508168
13627,0.1523894058460017
13630,0.06103062633952032
13633,0.1366593035350584
13635,0.13904537020770424
13636,0.1500275580362071
13640,0.13650818141798388
13642,0.21653464765502206
13647,0.15269175576192773
13648,0.23830895492369156
13652,0.12056709373713853
13659,0.053756687286432035
13660,0.12349961559533906
13666,0.14520149140859495
13667,0.058226845349616745
13672,0.127904551567581
13673,0.13598655878404595
13675,0.10404380516606405
13678,0.13696282381110547
13682,0.11778706745443465
13684,0.1251075289579368
13689,0.11754847872831506
13690,0.1266692123477295
13696,0.1405708835679022
13706,0.14319293371551445
13710,0.3043212010640569
13711,0.1361776172697878
13712,0.14045186432273513
13717,0.05567249061931137
13718,0.1429011855006047
13719,0.1289140665358045
13720,0.11321341625077899
13722,0.12561448210833648
13723,0.1407120111079339
13726,0.1258077927112285
13733,0.05184545979392967
13739,0.13242645531090544
13743,0.14317867259822906
13750,0.12735397027101486
13751,0.10844590970631926
13754,0.14322585800049564
13756,0.06679188267384162
13760,0.056585660439911596
13762,0.13679930507178828
13763,0.13335021444465778
13766,0.06074566514815103
13767,0.05221861338983884
13769,0.11082950873623076
13770,0.12458811034471466
13774,0.14483441834409522
13776,0.12812707479309327
13780,0.05824263998416015
13784,0.05763503509455628
13789,0.13400483407678165
13790,0.15021134075901893
13792,0.07563580101042575
13795,0.14972699079762863
13797,0.12856595374743354
13800,0.11623465716906208
13804,0.12143472468677678
13815,0.1250230193014777
13816,0.14860351839987265
13817,0.15513156119663152
13820,0.21703597793041363
13824,0.1455554715265997
13830,0.1516942485299621
13838,0.12698329428840424
13840,0.05497953242922082
13841,0.053484979077018255
13842,0.13368834918015848
13843,0.05577629726404884
13849,0.14356061089605154
13852,0.13901861379316652
13855,0.04186277639318313
13858,0.13782794118123956
13863,0.05024087002429092
13871,0.22906153194498052
13872,0.13198433249005065
13873,0.11406352033388834
13874,0.13350865100469492
13877,0.14816194809810443
13879,0.14406780901048974
13885,0.14951293542733213
13886,0.14730573797483212
13892,0.11045646491897947
13895,0.06587444400164452
13906,0.15585215110818337
13907,0.14392898062054155
13908,0.056371480895744855
13909,0.11249501627007605
13911,0.11525525530146694
13918,0.16437486941589194
13919,0.12557864631436305
13927,0.14840411068416984
13930,0.05799336378004215
13931,0.14058110663314
13933,0.15276447961446926
13938,0.15223134172491729
13943,0.05373811430375658
13944,0.06394300145238598
13946,0.11843871611508869
13949,0.10675202947126511
13952,0.1636351723365394
13957,0.16107919159177372
13958,0.07262759206826633
13965,0.11181972846866589
13970,0.05008797081855833
13972,0.15125334158250625
13981,0.1361301488963974
13983,0.10216290560042851
13985,0.12211202594396006
13986,0.1250258088743562
13993,0.13531353278024238
13995,0.12496108418830515
13998,0.11650539702264764
14000,0.05038015682255346
14002,0.045124067718471016
14003,0.07175579562466607
14019,0.1512240986123709
14021,0.31404350053176033
14026,0.14980330549837062
14031,0.05978797453581419
14032,0.13533509943777353
14034,0.12626066389601587
14035,0.1251024380380637
14043,0.06668993859232587
14046,0.12910267975475392
14048,0.13213394313608773
14057,0.14230478869448313
14065,0.12650512116786738
14067,0.05466909351523434
14082,0.05438476433680796
14086,0.13194115000370907
14103,0.21627027739568322
14104,0.14800071417466476
14106,0.15600507195382743
14107,0.13372137721149657
14111,0.05369064259174375
14116,0.05061974603558197
14118,0.0583084244841814
14119,0.133479481262257
14122,0.10941546752366867
14123,0.12684722935134699
14124,0.06255295078119699
14125,0.14018638726050725
14126,0.133140550824131
14127,0.13229524800475803
14133,0.1634163621466499
14137,0.1324537496071572
14139,0.1142229089386039
14143,0.11869623229043952
14148,0.13676780851530473
14149,0.12710506920059925
14150,0.06329557791288834
14162,0.06004979097350756
14163,0.13419791375388906
14164,0.11804746426395335
14173,0.12420109741927951
14174,0.14827348180598443
14178,0.13646419184134836
14181,0.06725877274932991
14186,0.1189877480237482
14187,0.14767823067292354
14188,0.12856575131060893
14192,0.14289877749114827
14193,0.1335545666516378
14198,0.23130859429047682
14200,0.14805689037892195
14201,0.13262193118062698
14208,0.22254756777311713
14214,0.13279679703985514
14220,0.11162965300611932
14224,0.12326669766488786
14229,0.13020215469513868
14233,0.11654377600028559
14241,0.05511134324062969
14242,0.15195651788037243
14246,0.12423703528686122
14247,0.11762318051487052
14250,0.06309203221697425
14251,0.23842145951352728
14254,0.1495362533100934
14257,0.05808390649636287
14259,0.13696667018176217
14261,0.12052253555363807
14281,0.10284484856241552
14282,0.13412869098514646
14285,0.05643170224678962
14286,0.130909811987306
14293,0.1521104348013559
14297,0.05713633680855641
14298,0.10767699101289116
14301,0.054505802909043624
14308,0.12641054408181596
14311,0.1439514413681785
14313,0.24069069335615922
14314,0.057315960412683886
14315,0.06184530308218268
14320,0.14395194229832417
14325,0.047175329691786054
14333,0.12957418780976465
14336,0.12368483508622907
14338,0.1364486065198769
14354,0.13195702805102671
14359,0.13925768855587767
14361,0.12923533849212612
14362,0.138212043855708
14363,0.14964840079005867
14369,0.06532942523177232
14370,0.22030621233722977
14376,0.11889987658578222
14382,0.21451184714759927
14387,0.1285610462360557
14389,0.16111840419839185
14390,0.13156077081842205
14392,0.13384172340416162
14393,0.12128736598869169
14396,0.1276893862146415
14407,0.13091415066535367
14412,0.12172140639659701
14413,0.1497077099024217
14414,0.0464800047818405
14416,0.13162778960387272
14417,0.13299123967999324
14423,0.1573678554054066
14427,0.15796163817976533
14430,0.16984526449543164
14433,0.13193210456591958
14434,0.12387294324242877
14435,0.16031204119586598
14436,0.11622150981702045
14438,0.04891046345781758
14439,0.12586556641904206
14442,0.13785436493358671
14444,0.10971531280922939
14446,0.1271706100628811
14449,0.21738770213320874
14451,0.11133077757693269
14459,0.15633024225832337
14464,0.13632906534076164
14467,0.1267869531673655
14469,0.1638426083353267
14470,0.058226662408083746
14471,0.1306282315883453
14476,0.05145394981092409
14477,0.14872116152607037
14479,0.05193238693143074
14480,0.14273313966300671
14481,0.03967587860901461
14485,0.11095301904904775
14486,0.12982310338030384
14493,0.1322671237808634
14504,0.16118074832212823
14508,0.14804257074795824
14509,0.13192928253939762
14516,0.15576713108487775
14520,0.13368687051707773
14522,0.12301428109494164
14523,0.12734755659624808
14529,0.15724091976717802
14532,0.05353781294593582
14537,0.060752382633850535
14540,0.13336960415972574
14541,0.13195622482809513
14544,0.15108572698385928
14548,0.11711171079363478
14550,0.15612221939863435
14554,0.056964413225918276
14555,0.05373672299251443
14564,0.14453228829695997
14571,0.05993650328235584
14572,0.1489272597318085
14576,0.10578353630707715
14580,0.0555620315997463
14581,0.1298246783063579
14582,0.16370551009822948
14583,0.13311949711639695
14586,0.13127811289923647
14591,0.12739821884758581
14593,0.1583456536179309
14594,0.13824885898757378
14601,0.13305740054271867
14602,0.11526556921957629
14604,0.14778279250309334
14610,0.16913866509160727
14620,0.1214924811301371
14622,0.1402799617495088
14628,0.054661535589091724
14629,0.2233695025387205
14630,0.13167787289626803
14632,0.3145804538009149
14634,0.13104703664934034
14646,0.05441423013770286
14648,0.13272901734304662
14651,0.12419148796885227
14658,0.2251168422801556
14661,0.13226143545303076
14666,0.06333743824523227
14672,0.14756234706799604
14673,0.12046889748956588
14680,0.12487422685655564
14685,0.1474856529415839
14688,0.1366952383889562
14694,0.14383206602975296
14695,0.16468329382808208
14702,0.135741951200273
14705,0.04972010800608977
14706,0.14123811240860173
14707,0.13255156708017124
14711,0.1462859334825809
14713,0.06135440932486211
14714,0.13576901696209204
14717,0.14884516109067436
14722,0.22949404356518266
14726,0.13447713917407061
14735,0.10865669416789636
14736,0.15302040480866147
14742,0.14816489132138552
14744,0.34312501073928364
14746,0.14674173559414183
14748,0.14501011069345948
14751,0.14950573293682
14753,0.15573946923095888
14754,0.151781996404169
14759,0.15877967529541775
14764,0.1498564578835215
14766,0.15159028702544877
14767,0.18957222950441954
14768,0.14452379232193902
14770,0.11722543779800351
14773,0.16566870265509703
14777,0.12881063952739918
14778,0.12721905175364795
14779,0.10917024487427902
14782,0.1309517544655164
14783,0.1660846616141949
14784,0.11768936521461676
14793,0.04955567352801389
14795,0.14839620375243334
14797,0.13345809291676153
14800,0.05389434093559066
14802,0.13816742847019453
14803,0.060947367978476344
14805,0.15000299358053834
14808,0.23165616168071596
14809,0.062224447104683236
14812,0.32124236194344924
14813,0.14815330479881025
14814,0.1353653856077997
14818,0.15625382752269157
14819,0.11259938641377572
14820,0.057841080486206245
14821,0.2233515667221173
14822,0.1420675385055695
14826,0.14974265085800403
14827,0.12272034753711943
14831,0.15290546386369813
14832,0.14087431693360256
14839,0.14633743031752766
14842,0.15275264783742531
14848,0.12812101263096207
14849,0.05758450124323215
14855,0.13074708117647152
14856,0.15707412990337777
14865,0.06192951221406102
14866,0.061714686424834166
14869,0.11685135560062046
14873,0.143128516152132
14877,0.12244579959746082
14881,0.05808939533140288
14882,0.2221635896345055
14883,0.14535836425176862
14885,0.1462567996276949
14889,0.15775741214071798
14890,0.1603494428610939
14892,0.13070694834242114
14893,0.04645136543392453
14894,0.06209323435830866
14897,0.14636261883675628
14901,0.09555723631609289
14904,0.05648073783903779
14908,0.14088218988911028
14914,0.12795311241353208
14916,0.11827633013622006
14917,0.06306819390596002
14918,0.12623375035613152
14923,0.13780027744683165
14927,0.14262972379739186
14929,0.13276861243165722
14931,0.11562217911893759
14935,0.23580695153180692
14948,0.23324089359050063
14950,0.12759931061250074
14951,0.13896263102530804
14952,0.05013963609194344
14954,0.22355252630573946
14960,0.06130026343275634
14962,0.05170403829787294
14970,0.13143205264573993
14973,0.13008844120569305
14976,0.15325839737172137
14978,0.12689949776312043
14982,0.13088071128403478
14985,0.05931149349646664
14986,0.13290201066326546
14987,0.11912672170920235
14988,0.1744835846792695
14991,0.12486213577779595
14997,0.13850264161235815
14998,0.13742595978699523
14999,0.13564019776435354
15000,0.122675391752265
15005,0.15990146096665142
15006,0.1333223233108652
15009,0.15582914151329236
15015,0.12500707253470655
15018,0.14047262470228214
15029,0.1472986356136372
15037,0.20884455388263073
15041,0.14888979791628604
15042,0.1299509276589535
15047,0.13715072138624118
15050,0.13717811846706746
15053,0.14125267449882736
15056,0.1494923777371408
15057,0.15996206235360752
15058,0.13254885621435591
15060,0.11075783385750651
15062,0.13782510339169016
15066,0.0607488353522716
15067,0.15257648778641753
15068,0.06188623108430062
15069,0.058049577539218
15072,0.13612100298326724
15077,0.1409318998914981
15089,0.14931659169394146
15093,0.1465791030267969
15099,0.11222747285289175
15101,0.16255441309357668
15103,0.15447420728194072
15104,0.1325178461811075
15105,0.13091736948059363
15108,0.11624256141960959
15109,0.15166911248006076
15112,0.13701639058073328
15114,0.14599041525319936
15117,0.06259614266889037
15122,0.12322779700085126
15130,0.06006742222787741
15132,0.057564479807520004
15133,0.12270208811970476
15134,0.05402013998564194
15136,0.1333879568692164
15137,0.19801460865038964
15142,0.05768864220800564
15145,0.1183825818068249
15146,0.04672513143252747
15147,0.12876428088569003
15150,0.20294635843693312
15163,0.16135654901860152
15165,0.054777144939455416
15167,0.12295854968668846
15168,0.044226396676717246
15173,0.13717499351550394
15181,0.13458260150512574
15183,0.1804493043152513
15185,0.15077066074862094
15186,0.16140965686468994
15189,0.11218208664205293
15190,0.06123760911644151
15191,0.12493648782339745
15193,0.12966528679262462
15196,0.11725393172955437
15199,0.1474211644502864
15200,0.1456539187255827
15201,0.16875273830803925
15204,0.15609120099592944
15207,0.05517525258294796
15209,0.1578079952410533
15212,0.13535477403541202
15213,0.12757011178050012
15214,0.1608058016899412
15215,0.15416218192167258
15216,0.15255404899167213
15222,0.15035700985823017
15223,0.1054998760940683
15231,0.13064024434315855
15236,0.12770296477992588
15240,0.16646340678757482
15241,0.13794063108307944
15242,0.14564695965828672
15243,0.15332293372182623
15247,0.14674213774666717
15250,0.12528722453521607
15253,0.1312982582696892
15254,0.13341059557525226
15255,0.14088024823357803
15260,0.11890809117111366
15265,0.052093127249999954
15275,0.12515499765117455
15280,0.1296525413620773
15281,0.14822042986609912
15282,0.14527262003030222
15283,0.15082318900181413
15284,0.1728603048729347
15292,0.14025670245580513
15293,0.12152331051086016
15300,0.13873711807966024
15301,0.1366025401571162
15302,0.3236322746353316
15303,0.1436154766775189
15306,0.12392282429576784
15311,0.1375296235414722
15313,0.13521536273053625
15320,0.12882078789159518
15322,0.05256293282387718
15324,0.12862453557218692
15327,0.15226292938009367
15329,0.13903699631514677
15340,0.23236784627698767
15349,0.13075240844786387
15355,0.12054066692433607
15356,0.1547515945301488
15359,0.3106085037228704
15360,0.1318579065289725
15361,0.06079916406614849
15364,0.14906369817406923
15367,0.06750482171737103
15368,0.1950133285792827
15372,0.22431629820148496
15374,0.06339136187571094
15377,0.145308330957492
15383,0.14681325289901892
15386,0.047864108452774876
15391,0.13747629426051078
15394,0.059478976738914516
15395,0.15756975556711986
15396,0.07245247445693109
15397,0.1335855230153576
15400,0.10620833920505758
15404,0.13867524962851516
15408,0.1258100878483436
15409,0.054960398317434225
15411,0.21691157593931001
15414,0.16779672574303978
15416,0.10503554663249082
15421,0.1072016747884323
15423,0.12805572706843915
15425,0.051731078535448005
15426,0.16052804072555893
15428,0.13908401312332536
15429,0.13710503070667893
15437,0.1497124377504881
15438,0.06955758100165099
15449,0.13145459627403655
15456,0.15024546169160952
15459,0.17196701394946912
15460,0.13047023214032502
15465,0.15835560001284527
15466,0.13954851720727024
15468,0.1421020082015324
15469,0.0622018648903737
15470,0.12919181703203947
15473,0.19896548277622245
15474,0.13483692029005118
15484,0.12298565968709815
15486,0.147289914951524
15488,0.12914618137588907
15489,0.04362304666888206
15493,0.12971199686871365
15494,0.12663027884569
15511,0.05920857297598642
15512,0.16229276548585364
15517,0.1563064083614788
15518,0.12980147544240123
15522,0.057305149171234894
15524,0.16310654138423458
15526,0.1320522432937817
15527,0.1560837652363098
15528,0.11678466254601302
15534,0.13147911056199407
15537,0.12227844724626244
15538,0.1487449143615143
15541,0.049769424478635624
15544,0.156268880916952
15545,0.14600862687462346
15546,0.050511243551037734
15547,0.061305103050105905
15548,0.16008355001322933
15549,0.17094402130586273
15550,0.1291754806233817
15551,0.06041428717244121
15552,0.05683205603670427
15553,0.13944834158878097
15562,0.1109704149024513
15563,0.21879869913563288
15564,0.15750720935140397
15567,0.1379072930003437
15568,0.13610297153135426
15569,0.05579243038341197
15573,0.05050994233376266
15574,0.11239598831853871
15579,0.13047867215332792
15581,0.05400138179933811
15582,0.1258858921691031
15586,0.14557015673261509
15589,0.1389298842176645
15591,0.11805036656751952
15594,0.12170425085270126
15596,0.14692670603294783
15598,0.1385035495121132
15600,0.13320377044887277
15603,0.15350978852073466
15617,0.050076651439050796
15619,0.13554586421964931
15625,0.12596973209883117
15633,0.050470551001196434
15636,0.14965651737880342
15637,0.15760180807929614
15640,0.13046850889334186
15641,0.12439779379037219
15642,0.11509434509576251
15643,0.11333301794969987
15650,0.1156012175143531
15653,0.0670175317850085
15655,0.16281976936570677
15661,0.16788981779295492
15663,0.15155510530097252
15665,0.059415524677313133
15667,0.13659943572681255
15671,0.05257948123065728
15673,0.2173391426668575
15676,0.05137747631520515
15679,0.14268109370357523
15684,0.2151349804442424
15685,0.05599839258581675
15690,0.1234237510397087
15695,0.1216877656879288
15699,0.14859267878631943
15701,0.0622015837938948
15705,0.22148240551874276
15709,0.051223948277490425
15717,0.1381931362196899
15718,0.24872289447276677
15724,0.15807335488094948
15725,0.12181217443196413
15728,0.1444244949542799
15729,0.13878993593139283
15731,0.14650258068024877
15732,0.1285351545766869
15733,0.1366604585180925
15739,0.20728264347032943
15742,0.05827669883019563
15743,0.06009335208537629
15744,0.12069825249598398
15745,0.05853952666553761
15748,0.06304190866828799
15751,0.15147749203473573
15752,0.14612718349177006
15760,0.061907920352330205
15761,0.054993280813247905
15764,0.1351603011268928
15766,0.15143749349048752
15770,0.055416240640640296
15773,0.05906484388793094
15777,0.1445934887210764
15778,0.16131070943454523
15780,0.06181306541286685
15782,0.3000358218743495
15783,0.1435162851334767
15785,0.1347576890677304
15787,0.1398702726310054
15788,0.16600551587182777
15793,0.22175854890112998
15795,0.13454402097469764
15798,0.1476825087002966
15801,0.17439842217904844
15809,0.13105835822313383
15810,0.1227485506192736
15814,0.1297457709982383
15833,0.24307372215530457
15835,0.17059231628396382
15837,0.04750654691434643
15841,0.13148036935008423
15842,0.05427253274596305
15845,0.1324078841097589
15849,0.07109043466259685
15850,0.06180879368219682
15851,0.049622217209918086
15853,0.10954412831388097
15854,0.13280259208670708
15857,0.05635001235133513
15861,0.21881689778628682
15868,0.20372140110415596
15871,0.13681432187251413
15873,0.12072367999459113
15876,0.1280116282825816
15883,0.11869063732243253
15884,0.1210941663287819
15887,0.11538594602373906
15888,0.12787975256125547
15890,0.12904331317312784
15891,0.1375783288176875
15892,0.12811318696199078
15893,0.11909176282112394
15897,0.12478970311082077
15898,0.2241745416479512
15902,0.15941908141220584
15903,0.06597515188403824
15905,0.14174142973591491
15910,0.1362461302112084
15911,0.1322256412137463
15912,0.1278363307536261
15916,0.05820171804081114
15917,0.04915749035296746
15924,0.16443443595441615
15930,0.15568792075601004
15932,0.16099002135006119
15937,0.1346219762711669
15940,0.1252564457705626
15942,0.13463031909496798
15943,0.23083524713672132
15946,0.12579166909643397
15948,0.06105813174001111
15949,0.0611425585911331
15952,0.12770852712576028
15954,0.059151242148744634
15956,0.12745136718302214
15957,0.0768004246041129
15960,0.06247696951503778
15962,0.13124002464524626
15965,0.12889693389504855
15968,0.15128671103684035
15969,0.1423582562179116
15975,0.12116308919010202
15977,0.2158062778313066
15982,0.13157751851281196
15988,0.13678744037208596
15990,0.05210843180952358
15991,0.051824972150870965
15992,0.0581306660482462
15993,0.16672787785102805
15997,0.13842118253470226
16003,0.12718417548409702
16009,0.14648433732746696
16014,0.13691779449293878
16015,0.13715024739924614
16016,0.05235022717198886
16019,0.15723063686184235
16026,0.12256887899370476
16029,0.1474299852984137
16030,0.1393653449076238
16031,0.054693141042139154
16032,0.13355887339501926
16037,0.05739098078153261
16045,0.16837636656256205
16049,0.1336725881114675
16051,0.12550036891761554
16055,0.15480039562812797
16061,0.16186908472148043
16064,0.14066088351281575
16065,0.057337070825038444
16076,0.21827898768553644
16078,0.22797569829726358
16085,0.13839714226486488
16087,0.06392886896782886
16088,0.1521737319619918
16091,0.13800300101628782
16092,0.1447008295505019
16093,0.15398193783010128
16095,0.1453791925637576
16101,0.12089853964795524
16102,0.15406461247937536
16110,0.16425308441615075
16111,0.13673209708744394
16113,0.19579277965599196
16118,0.14247342582528486
16121,0.06196200312508651
16123,0.1949944123775323
16127,0.1513579337418992
16129,0.057987888276957875
16130,0.11874271562316999
16133,0.12509372970410373
16135,0.13726404965656197
16136,0.13563003605624235
16137,0.1623556773263249
16138,0.06330259892661308
16140,0.1654107552349869
16141,0.13858380937365672
16142,0.12237270140528816
16145,0.152729228232284
16147,0.14783468027700758
16148,0.17708642613266073
16149,0.1401956196447599
16163,0.2340535495303169
16166,0.05386177694468515
16169,0.1265846045983848
16172,0.14659928300855113
16173,0.15816598575030485
16176,0.14848818941589226
16177,0.13968741908455454
16179,0.15445460613372297
16181,0.05053238530326824
16182,0.2694498226650542
16197,0.172591165024149
16198,0.1304955338663073
16199,0.12265787134905635
16203,0.10735427697631475
16204,0.07400375084801802
16218,0.11005341557327408
16219,0.16443452235053035
16226,0.13472900029785975
16227,0.13352299943257587
16228,0.13398322021921255
16229,0.15289220703877598
16230,0.14483424958431348
16235,0.1315964835817454
16237,0.05610689637751291
16240,0.11897304176329784
16242,0.15265698790557436
16246,0.1597833160198726
16247,0.15037573137951346
16248,0.13154214914295081
16254,0.37172161846987994
16256,0.13269561924611423
16258,0.12271369012855143
16260,0.051842709390078984
16266,0.14989201499419635
16270,0.13259998764870268
16271,0.13929511308710457
16272,0.1449034895739075
16274,0.12726986118029826
16275,0.14798897469322403
16276,0.05864984893752795
16277,0.13981310117621376
16278,0.049794002188138176
16279,0.12676145223177698
16280,0.15576698632025981
16284,0.1196330661027479
16286,0.1231725156480773
16288,0.15469776971842072
16293,0.12872652188711245
16299,0.22709014704204317
16300,0.14412740280381514
16307,0.12358259327086418
16314,0.14953925343996372
16315,0.12663707236894123
16319,0.1559837925109093
16320,0.16276413821046504
16321,0.15146075843824758
16325,0.05395859165643259
16329,0.0551232387565376
16333,0.047480768494451084
16335,0.15770044484024923
16336,0.15945017262326167
16342,0.14230662733830846
16343,0.19410489865154062
16346,0.15888991840617248
16347,0.13247734308160858
16348,0.14909847140566135
16350,0.058562442901478315
16352,0.13292412828615835
16354,0.1339747076876501
16356,0.1480315859500711
16357,0.16179173746839998
16358,0.12785349890873898
16362,0.1264508765714683
16364,0.05383413552997898
16367,0.15188010753048747
16371,0.1251818390243336
16374,0.14150491458723732
16376,0.13293870853702072
16377,0.17542305858450916
16378,0.15537735566775762
16381,0.12107317238306747
16384,0.14039449090832762
16386,0.14310839992093183
16388,0.12086134066237639
16391,0.15749889405833895
16394,0.14045323662876028
16397,0.04819555090416793
16398,0.14401235211023888
16400,0.14299440639038985
16404,0.15021078237098748
16409,0.12928027973099687
16411,0.11979910697056448
16418,0.22836608406686443
16420,0.1293833916887247
16421,0.15770223484220847
16425,0.12365741971243882
16426,0.13532852283868158
16429,0.13827586074134102
16430,0.15912735852583273
16431,0.05637999875731805
16437,0.07293763925065938
16438,0.04667279690400503
16439,0.11927169947657588
16440,0.05535837255285765
16441,0.15423132329521194
16451,0.12530614211872487
16461,0.12418246529506032
16464,0.20742807969005078
16466,0.2079657790458623
16467,0.12588050274592685
16468,0.14311535197972802
16469,0.13275642483601424
16470,0.14116132806963597
16483,0.1673447283929993
16488,0.05406879344976933
16490,0.0632594099063834
16496,0.17867976478352687
16502,0.06327541166558162
16511,0.054389092513518686
16512,0.14182888072622118
16513,0.13576730206530643
16514,0.047960791426412686
16515,0.05883285331162226
16517,0.13920571565996104
16520,0.05615522896583734
16525,0.15026660076941373
16529,0.13082658334928568
16532,0.14133669510488361
16536,0.24019837266040892
16540,0.07047728551327684
16542,0.14309768551739518
16548,0.13044970050445093
16549,0.10607869906274002
16551,0.2342041193863044
16552,0.1298367840950202
16557,0.12850197137170516
16558,0.12011645980410032
16559,0.16723103369120146
16561,0.1319157374982142
16562,0.13509787142066
16564,0.12194372587852181
16566,0.1251513594672109
16572,0.14690426550278796
16573,0.13991123064997812
16574,0.1561741581258428
16575,0.06668834506535042
16579,0.14697725162643518
16582,0.1184298547538496
16584,0.15534695922123934
16586,0.12948195766963927
16588,0.12957138298633525
16595,0.1338952538914306
16597,0.12119153572514696
16600,0.13499862555460568
16601,0.15234826392218062
16606,0.3129342588665035
16608,0.0461534111255334
16611,0.1407445019124032
16613,0.15196649677879737
16619,0.1509035572301227
16622,0.1362183503642557
16624,0.13415857718953764
16626,0.1692265288651834
16628,0.14004212470157557
16630,0.13406495210636232
16631,0.06793157352549091
16634,0.13692569448667827
16638,0.14803002014046182
16643,0.1034298811121161
16645,0.2053094873764082
16649,0.1288065387525575
16651,0.14963224164663838
16652,0.13659420266475963
16653,0.11744274196565775
16669,0.13922329633262776
16672,0.13704747252733163
16677,0.14554270178446144
16679,0.13356800395038704
16680,0.14523143315389808
16681,0.06236482370029604
16684,0.05191934940936145
16685,0.13240925825190974
16686,0.15781660619232035
16689,0.11865402091363754
16690,0.04979770621193357
16692,0.130658668283676
16693,0.05923045951405927
16696,0.07232819145673841
16703,0.1969201809058923
16704,0.04519766400759623
16707,0.12878679938913332
16711,0.12877362841247503
16713,0.1270735080565865
16714,0.3310202881666455
16716,0.12328529532027963
16717,0.17486272383931661
16718,0.1493553389649636
16720,0.04716529532409579
16723,0.13529193680332097
16724,0.20216923334333686
16728,0.2437853394900179
16730,0.13621496382202986
16743,0.13354474642766317
16744,0.052172925247103256
16748,0.14633180285955644
16750,0.13899255793831877
16752,0.15587975517522137
16753,0.1263992948913297
16755,0.1446501224300327
16756,0.06309698425333479
16760,0.14134977778734575
16764,0.04870551445139261
16771,0.1158031587113296
16772,0.16095018630227043
16776,0.13700929150525015
16777,0.06402227327376608
16780,0.16208452109074192
16781,0.1299739629134412
16788,0.1195807442412704
16792,0.1379714927810442
16794,0.1657180585958524
16795,0.056603269648275806
16796,0.051790480009130016
16798,0.12087899744934452
16801,0.13523113103693013
16802,0.1178575143630349
16803,0.1549046552607645
16815,0.13356500213574718
16816,0.11396660736960623
16818,0.13232921035510353
16819,0.16968330978047108
16824,0.1421828091916799
16829,0.13352152739729956
16833,0.13077632730976915
16834,0.13053571978400694
16846,0.1352987168233708
16847,0.15334419252084625
16848,0.13883717547069496
16852,0.1318570788299715
16853,0.13924181678904352
16857,0.1286811235779953
16858,0.15298472104914007
16861,0.13409844747841468
16862,0.15780879401759523
16867,0.1117671712750033
16869,0.13118315014334303
16870,0.13107006082741798
16872,0.1334925428071641
16877,0.11604221609278606
16883,0.12972028539824335
16890,0.07056939412855263
16893,0.11914121635927868
16894,0.05942125436098779
16897,0.11657965905422733
16901,0.11601188267355272
16902,0.12853329221880785
16906,0.046293335148009776
16910,0.05331676125280228
16911,0.24621982155381963
16921,0.1028782056210778
16926,0.14038293752609798
16928,0.1444462941117706
16932,0.15840932193918655
16933,0.13538143898301297
16935,0.1464586810419174
16943,0.13683046174507352
16947,0.05343202379267287
16948,0.13296035253202265
16949,0.06269463268293388
16953,0.14579915691244
16954,0.12478467575781181
16956,0.126187898859566
16958,0.05661561027791449
16962,0.13771343626639565
16969,0.058373319926422244
16970,0.052033618420362554
16979,0.12121105219148448
16981,0.1394712724735156
16983,0.13088720376921148
16984,0.12063656386331459
16985,0.1255047826224841
16987,0.1645550150939437
16989,0.24178055592216874
16990,0.16275881126141636
16992,0.13265292900963802
16995,0.1307920047369631
16997,0.2980439423607337
17000,0.16896948463947753
17002,0.125025876125959
17003,0.18524141109777353
17006,0.2247671917937168
17007,0.14839615197799266
17008,0.04854712310981287
17014,0.12849487569698914
17015,0.15568366689771002
17018,0.14465355021641968
17020,0.1055927587232443
17024,0.2570396825838323
17026,0.21368325538591737
17028,0.13682040918235783
17035,0.12980922570268416
17038,0.1311909047288749
17041,0.22788187627201117
17046,0.16228404513690753
17052,0.06421370088081371
17053,0.06115559772324097
17056,0.11442872277667945
17063,0.1328756560018523
17068,0.13886654398632353
17073,0.060254589892911325
17077,0.15035963489069337
17078,0.13340974272693878
17081,0.13523610983585205
17083,0.13856808750117366
17085,0.12260223132225999
17086,0.1428414486210376
17087,0.13175368226199757
17088,0.1349595877248587
17090,0.14684434639325417
17093,0.060031362980413505
17094,0.059620466001296196
17095,0.12563312035795277
17096,0.05698771199393103
17099,0.167358276906936
17101,0.14428681777050756
17102,0.13723554254436038
17104,0.1361256102822293
17105,0.14666345398594427
17115,0.12618050203034004
17116,0.15169220884672646
17122,0.055796652266038006
17123,0.0564386930775682
17127,0.15378239027764543
17128,0.14229178324029068
17131,0.15760987657744968
17136,0.1367449506679575
17140,0.06842539690316851
17141,0.14593759337145928
17146,0.12362230835230785
17147,0.05463795072372016
17149,0.1607604011320961
17155,0.14821450228505773
17158,0.204217141092659
17159,0.13251692899253242
17163,0.13830604984685374
17164,0.1289908848159791
17165,0.1445865160853949
17169,0.20494246497451302
17170,0.12970511629510525
17171,0.1586413374426192
17172,0.1157584801031259
17175,0.31109009364514173
17177,0.12281720146506644
17181,0.13946711417614072
17183,0.047484572565645866
17188,0.1370990827268288
17189,0.1320750783288125
17191,0.1140027358487058
17192,0.1217248934893358
17194,0.1332859243741307
17210,0.12186061368696714
17212,0.17948961858019585
17219,0.22925656070648004
17220,0.13777648432812106
17225,0.1414022577910682
17227,0.13597347672726853
17228,0.05875943168220696
17229,0.05333471043289681
17231,0.13840099298948572
17232,0.1513753112093865
17233,0.06336123459277349
17237,0.12466002499416518
17240,0.14724863956608836
17241,0.1350471813072523
17243,0.11435246147971923
17246,0.1571365194486038
17247,0.11638446314767
17251,0.2545090623007888
17253,0.11504326569278014
17254,0.05338968364120679
17256,0.06075890806397725
17257,0.13353871120666175
17262,0.11405486363227174
17267,0.07055345712246953
17268,0.14451762698972104
17269,0.13448514329798536
17270,0.14440366341758182
17275,0.15148877399202246
17276,0.16615135941343753
17277,0.23957816094073023
17279,0.138391797495684
17283,0.05800648097456333
17287,0.14624792519627416
17288,0.05575256382372998
17294,0.13028218787360374
17295,0.04888744086905404
17298,0.13852553078582847
17300,0.05403397029729762
17302,0.14361697958399772
17303,0.13552821282990124
17305,0.1492324219576446
17307,0.1676133946381501
17310,0.13038569357840038
17312,0.08181906243001713
17316,0.12920649940927842
17317,0.12636080202484226
17318,0.04644746265984453
17320,0.06944014086952505
17323,0.13498063053459894
17324,0.12700873301312215
17328,0.1926040309936568
17332,0.1494075121868953
17333,0.12663802120268977
17335,0.0632927287369579
17338,0.13525360563747393
17340,0.15020452607221188
17344,0.1651855451206103
17345,0.1589936849002258
17349,0.1361251715054596
17351,0.13075237855417554
17352,0.13237794364041638
17354,0.0578180437427534
17356,0.20907281921980253
17357,0.1348218265137749
17361,0.05087100632989387
17362,0.1690621199055567
17363,0.1409390334510024
17366,0.14298298884159935
17367,0.13502675139359843
17369,0.060658327299373614
17371,0.1534051553545332
17373,0.15622098882993768
17378,0.16149629899519308
17380,0.15385118245293566
17382,0.14270344692831008
17383,0.13092179771549495
17387,0.13398284003042918
17389,0.1612577834570361
17391,0.0971893579170048
17398,0.13889394572562125
17402,0.13313581746363276
17405,0.22509911971051189
17407,0.0579960525009182
17409,0.12737312567186992
17411,0.13605412702334282
17412,0.055293889775331
17413,0.12969627146441248
17415,0.1455619358410563
17420,0.1332127881314597
17421,0.12812972921046872
17422,0.1416471924414257
17428,0.13456907341714286
17430,0.1145971287166308
17433,0.12298593377492167
17435,0.1469254581958041
17438,0.1077218739868668
17440,0.0539965834089425
17442,0.13275103050437737
17444,0.1477873569062344
17448,0.14352839796430983
17449,0.20785572648318285
17462,0.14381090575398287
17464,0.1325179487590954
17466,0.06017527459697336
17468,0.17264260940471848
17469,0.13242751311871975
17472,0.12138746477717151
17473,0.13701414430452286
17475,0.14670002438269775
17479,0.05134202783818219
17481,0.12400043619010762
17482,0.14824057493354942
17485,0.05210684956610715
17486,0.23470703684057242
17488,0.16184315770339708
17489,0.07528850424561699
17490,0.1140965792936583
17491,0.060936986047910285
17492,0.13306682627328004
17494,0.10157270770683771
17497,0.21335187770718783
17500,0.1504267693212485
17506,0.14118184348809293
17507,0.13935990920852662
17508,0.24750705815067575
17510,0.10552490101146164
17512,0.21963896786758363
17513,0.13491915148310152
17515,0.14264588358634986
17520,0.15217514520082187
17521,0.13174496859720963
17522,0.15901391335902204
17523,0.12747634715104372
17524,0.136366973179617
17530,0.2295807541973151
17535,0.12521854354333145
17536,0.12821343201671506
17545,0.1377539140707491
17548,0.15693773574081712
17549,0.1323760400619354
17553,0.14053632470290617
17555,0.15541106539538552
17557,0.1427133727559628
17558,0.12497072752327182
17559,0.15127526441662356
17562,0.16680951620512496
17564,0.05010066656285641
17565,0.22096116144548378
17566,0.17327604519917336
17567,0.13897377432365546
17568,0.0488678787377949
17569,0.12264252034086957
17572,0.11591583272646011
17573,0.16286885988381467
17575,0.12400903446465007
17577,0.13685526517169863
17578,0.12979668353342877
17580,0.1221408043463296
17581,0.15886575361548255
17585,0.13494479964198683
17586,0.15165967227750277
17591,0.13553676402649045
17594,0.14116284148448713
17596,0.12055648954863163
17599,0.23673258200655917
17602,0.14058541599965133
17603,0.15581894922705702
17606,0.051944909704422226
17614,0.15813706021115376
17621,0.14878669742852046
17624,0.15445613311672107
17626,0.23194289411049412
17628,0.04844805961263639
17629,0.1340403723453724
17630,0.16345760387831007
17631,0.13822107626365798
17633,0.0682952369724028
17636,0.15751707283749292
17641,0.13288946921754263
17642,0.23050894956695028
17645,0.16500886236951287
17646,0.19301032246030808
17650,0.1306806586706402
17655,0.1455643160642891
17659,0.12752056218331287
17660,0.13413856375990635
17662,0.1435120048063588
17664,0.06404486281795511
17671,0.048160016993785026
17673,0.13481119976929534
17676,0.15098226883082355
17679,0.19650851183250007
17685,0.16500262916010214
17705,0.1528577193289138
17708,0.1398396873952169
17711,0.15079617974989945
17714,0.15717665426237792
17715,0.05808067067850551
17721,0.1368019972658846
17724,0.25372334152277665
17726,0.15389474023914407
17728,0.1438800409467424
17730,0.12632993675236712
17732,0.1302270821059296
17735,0.2434253990466454
17737,0.12365161216811293
17738,0.15092319514307767
17739,0.15552060183664673
17747,0.14821176481327253
17749,0.12676192189366864
17752,0.13773557648698243
17753,0.13900676387649552
17756,0.1206049231076956
17758,0.09507748178514527
17760,0.13307642900759042
17762,0.12043141987689066
17763,0.22343170122049463
17769,0.06616443300577829
17775,0.14496621906916948
17776,0.059396592629884296
17781,0.15966881812246408
17782,0.1263172574893313
17783,0.052749538319000755
17784,0.1525056089749522
17785,0.13526864310143033
17798,0.10353501092615777
17799,0.14766050764568844
17800,0.22469791254240207
17803,0.12972791241956022
17804,0.05050094145415737
17805,0.12652857613845825
17808,0.14582203428099413
17817,0.12613609320478297
17823,0.26028436707606917
17824,0.14769950193729833
17825,0.13117501422246486
17827,0.054842646879929485
17828,0.13552349682905737
17831,0.12173103496576015
17834,0.13641786250841265
17835,0.22381139402049705
17837,0.13369635810874883
17838,0.149894299926218
17839,0.13328549919796912
17843,0.16674053707398453
17846,0.32675286820594546
17847,0.13948328543834254
17848,0.14351123825697065
17853,0.05338100545515824
17856,0.13236797114489016
17859,0.13379873907637888
17863,0.05869344067706024
17868,0.05604183808857817
17869,0.13015444045695068
17870,0.20088067994882813
17875,0.056456203772303835
17876,0.14897672507993587
17877,0.14884869470175194
17879,0.14874111266506876
17884,0.14412095253674376
17885,0.06787146530139515
17886,0.051087182660337876
17890,0.16402005563126326
17897,0.1024591089030994
17900,0.09759781740329261
17902,0.14369344710681273
17903,0.13085916818303533
17908,0.1411511193285998
17914,0.14999024551927498
17915,0.14344320627898724
17916,0.0559585928293391
17920,0.145685046220344
17921,0.168290831924659
17924,0.13845918000951762
17925,0.10113943524599589
17926,0.10774954983253535
17928,0.1951674881025045
17930,0.12527494245662435
17932,0.12103998748781325
17933,0.13935725983611463
17939,0.16593362971150977
17941,0.23162019731172273
17943,0.17696021266564754
17947,0.0590467595217011
17948,0.13129087904135373
17950,0.1409518049530471
17956,0.13605006735753844
17959,0.13432230454983615
17970,0.15793494489251858
17973,0.13828563845388583
17974,0.1556298720969469
17975,0.13214243046058985
17976,0.14807875588880826
17980,0.11113817698284581
17986,0.1641726154984055
17987,0.056058579704524984
17990,0.2031653640230776
17994,0.1305603754410603
17999,0.13058623917208906
18002,0.06192973605109772
18003,0.05360774261556853
18005,0.19672621124735545
18007,0.20801027143593792
18013,0.11393257403218193
18015,0.05280563046729053
18016,0.12977020023055313
18018,0.122498076536312
18019,0.13292159005653148
18026,0.14520804082815564
18030,0.16300344700065544
18032,0.16024527237106823
18035,0.1383179715811008
18039,0.14463026884705693
18042,0.12273852869809926
18044,0.15341208301279796
18045,0.12326557492822965
18046,0.18532366448815424
18052,0.12796080261107676
18054,0.06265152558658424
18055,0.14678046820504742
18059,0.11706504644238892
18066,0.1396029169807871
18072,0.15761336843493925
18073,0.04628123679952774
18077,0.1604508270099293
18081,0.05488188038028981
18083,0.13810633734070768
18084,0.14227311657039907
18085,0.12580081243341046
18086,0.13799742812894675
18087,0.13583264097143213
18092,0.13601291294495338
18093,0.11401448872140274
18095,0.06037663336621016
18097,0.12658093109192559
18100,0.17583232263259913
18101,0.11806411250106238
18103,0.15181771145848735
18104,0.15785064857864523
18105,0.13216368351677785
18109,0.12296633994605587
18110,0.17089476613938243
18113,0.1721602450951169
18117,0.06711012216678314
18119,0.13790225531558653
18126,0.15366194354629212
18127,0.05470319316720647
18128,0.04608402553199889
18129,0.13917711788519416
18130,0.12305523378868788
18137,0.2900073503755479
18142,0.1511687723049931
18144,0.05126240618572727
18145,0.12834438397394166
18146,0.15061356730030823
18149,0.17123635395195996
18152,0.0582547617160554
18153,0.19922003551183737
18154,0.14692195697047328
18155,0.13505414458810394
18156,0.15238584787911644
18161,0.153964609425684
18163,0.06722660277111084
18165,0.06009012412392812
18166,0.14533023205663287
18168,0.15538146517333662
18172,0.05136597944926865
18174,0.16750815200669053
18176,0.05816459257557749
18177,0.06437907313814953
18179,0.1411876245773324
18181,0.14920639647356163
18182,0.05421476747088595
18183,0.1437386616482443
18187,0.13141171633746118
18188,0.22347854169847847
18189,0.13858106404332698
18194,0.14628594627246314
18196,0.15061930467999796
18197,0.15031864180718396
18198,0.11216293847087946
18199,0.15710636151146073
18201,0.16175164118154411
18205,0.13736964814403652
18206,0.15519292995169684
18207,0.1567806042789291
18210,0.13054058233574953
18212,0.1301709553031791
18214,0.13201836216306456
18215,0.11441042101229885
18216,0.15147574837879185
18220,0.06776119019809106
18221,0.22997637664585835
18222,0.0547307502119405
18223,0.15358915611438623
18227,0.13428370323449487
18228,0.17086632792998807
18229,0.05562135725260638
18232,0.16272778184774847
18234,0.14620355692013362
18239,0.12851989768722305
18243,0.1414936325202545
18244,0.05733712624000307
18245,0.1661350405776107
18246,0.1104178660793027
18248,0.14617662504865472
18250,0.23376664262990784
18253,0.22476160364206454
18254,0.13910877990052883
18256,0.1331721220491964
18257,0.14031883566286835
18263,0.06197223071877214
18264,0.04318566563126047
18266,0.13282606043660844
18267,0.0497683924573941
18268,0.1276134385066257
18269,0.15481391562040328
18270,0.1592861827682947
18271,0.24349954085290035
18272,0.12433728054283572
18276,0.14101969879005602
18277,0.05840937894831337
18280,0.14051833963865817
18282,0.05809748986144593
18285,0.15503864029071657
18288,0.30678840800145724
18295,0.05736727523521695
18298,0.14106257620555152
18300,0.11804355589415577
18301,0.1327931151865016
18302,0.1128880986940604
18304,0.058543467192804594
18305,0.14766743817559685
18306,0.22828580317103286
18307,0.0552894442835056
18308,0.06388859476577564
18309,0.13254122301436183
18311,0.140373714099694
18313,0.15343065408574125
18314,0.15105219487183025
18318,0.15526509186484316
18320,0.2143096408819547
18321,0.1362044811627543
18330,0.14976378752170078
18334,0.11845156119427547
18336,0.050507935718982405
18337,0.11792423165064655
18338,0.13779152335212244
18339,0.1395341652229336
18341,0.2258366740805331
18347,0.061328673145760536
18354,0.06519408646554495
18355,0.04541010504343711
18356,0.13507515424646294
18358,0.15238451773125455
18360,0.153208045033904
18361,0.13528111693865363
18363,0.15531885599340967
18364,0.22260357512913598
18367,0.1393378652147868
18380,0.05771402151465563
18383,0.1300097874442712
18384,0.1125576883289982
18385,0.1571514170121131
18387,0.33025780460836635
18390,0.13483458175943364
18391,0.18222295126811888
18392,0.14105305288599018
18395,0.3247825434368211
18396,0.15800634838687155
18397,0.12408919291191538
18399,0.1593901998762382
18400,0.21701621557680167
18403,0.14707417995797423
18404,0.1320984996332732
18406,0.13618808811574223
18407,0.2242686844357224
18413,0.14542056021663535
18415,0.14982365095500166
18417,0.16194508494700968
18420,0.05418748669842667
18422,0.13380120656675304
18425,0.06213630434059557
18426,0.3195116138683841
18427,0.05823262063253107
18428,0.12218733328633355
18429,0.14048584418343568
18430,0.11915279651141851
18431,0.13523431884539677
18432,0.16069542575964807
18433,0.33218057662917194
18435,0.1291965313641612
18436,0.12045833239150716
18437,0.053555905731995396
18439,0.1281231421997557
18444,0.1413932390243544
18446,0.1342826893375091
18448,0.15280398731377326
18455,0.1134792821819745
18457,0.14218362032889706
18459,0.15940715747259343
18463,0.1861898146315426
18464,0.13969697621632732
18467,0.13328145467434352
18469,0.14020659207676667
18471,0.04618211463148134
18475,0.12898873494290347
18476,0.059106084607635265
18477,0.13204047976774785
18483,0.13883703858491664
18488,0.1582654023622087
18489,0.07167913586761986
18490,0.13179529740808152
18492,0.24213168538173674
18493,0.14577773767177038
18494,0.12691098630797032
18498,0.10837383965048913
18502,0.1454178469439899
18503,0.05270587811617056
18504,0.1427560531022639
18506,0.1345079097043877
18507,0.15115071766883675
18508,0.14067750086945685
18512,0.1321380714027977
18515,0.050076713876859164
18517,0.15109646393615822
18518,0.13788126942663384
18520,0.1347684494558813
18521,0.11887229400559166
18522,0.14079283446487872
18523,0.13470115478216352
18524,0.06157586791786146
18530,0.12507957679604248
18531,0.14037773429171305
18532,0.0634752109676999
18533,0.15212883446404407
18534,0.15026020612855695
18540,0.1333345046353576
18542,0.12991988810184366
18543,0.1325703155112869
18544,0.14632412635945208
18547,0.13295157718608755
18549,0.04704053855375849
18552,0.1457446034808021
18553,0.18364480276276324
18555,0.13713552095433457
18558,0.15190067641999597
18565,0.06623074120869869
18568,0.2512364874107188
18572,0.13065667412364074
18575,0.14701577654650316
18576,0.15870335559719145
18579,0.1189551839518467
18581,0.16414276159079483
18583,0.10419180824684933
18584,0.052185695843541866
18585,0.05724162074769313
18590,0.053400410505660356
18594,0.13731354432860943
18595,0.12159224963464974
18598,0.12571298174035936
18600,0.20107128277151856
18601,0.3138995285180964
18602,0.11972183748690274
18603,0.22826248753643363
18604,0.05665128279169784
18610,0.1330779267887235
18611,0.14942747864277708
18615,0.1509879993513204
18617,0.1430071014761195
18619,0.15822730599670773
18623,0.05676869350292957
18630,0.12756809784033102
18631,0.1701334708540827
18632,0.06325790190202848
18633,0.14851768113796862
18638,0.13771338445004344
18639,0.11808245427630412
18640,0.12916487623271808
18641,0.059649342614536825
18645,0.15320722198867814
18648,0.11316196233516476
18649,0.13562698584892474
18651,0.11759635165692031
18653,0.08089611468429904
18656,0.14909265838727914
18657,0.13115000355161732
18658,0.13295175249593963
18659,0.12210044161235356
18661,0.13966822928566452
18663,0.23391802860331096
18668,0.14567678256829805
18669,0.1109674887757348
18671,0.13103953085836428
18672,0.08519618440607533
18673,0.14314239506149168
18679,0.11865386830579187
18689,0.1313814065055018
18690,0.14688633076262292
18692,0.1397262102436928
18694,0.15093152127216974
18695,0.1709824261106063
18698,0.14109343338427652
18699,0.1260985978831868
18704,0.14136908315542374
18706,0.3045073352751049
18709,0.14212604724234332
18712,0.14741007205539924
18713,0.16532955497214935
18717,0.15437311346054733
18719,0.3234078281915847
18724,0.12930754238453745
18725,0.0655181446407365
18728,0.15636089853455448
18729,0.1332639524938512
18732,0.05137313622431428
18733,0.13906753426955193
18734,0.06926379488312148
18735,0.15080779528902916
18736,0.1461292599435813
18739,0.11408903067692391
18740,0.1550850310835127
18742,0.1547434385372376
18743,0.23911241408492012
18749,0.052864161874787444
18750,0.14051583244093327
18751,0.1297330907187832
18755,0.12428168916119403
18756,0.058771106561110176
18759,0.15108444128442117
18760,0.06413348532602212
18762,0.1632655429969464
18765,0.13954903438203087
18766,0.11989245536588386
18769,0.1301716548219822
18772,0.14074458490030767
18773,0.06206751796195169
18774,0.13796667956881914
18778,0.13779353420211968
18780,0.058607868495357915
18782,0.15087448357223204
18784,0.11780827040792838
18785,0.1358775221276558
18786,0.13357532097756603
18801,0.1100831833534599
18804,0.13475395282377944
18807,0.14590029188383774
18810,0.21211208970319478
18811,0.10929736935946115
18815,0.12066927854938403
18816,0.15462339656313803
18818,0.15209324041746924
18819,0.1673318709201686
18820,0.1478765250810198
18821,0.23386951438592263
18822,0.1754498258937948
18825,0.15066634296387377
18827,0.21199181114161447
18831,0.13626805647874352
18832,0.1388822509164677
18834,0.20880436855166568
18836,0.1353802210947146
18837,0.13278524378681042
18840,0.059340578591925125
18842,0.10771304217985347
18847,0.1362497877063461
18849,0.127579246886105
18852,0.131401463999483
18854,0.15177264414905564
18855,0.12237660441386498
18857,0.13181310300299576
18859,0.18154159988356708
18860,0.16344194539760204
18861,0.14613001238282314
18862,0.056646774611841415
18864,0.12891600059712988
18868,0.12026444574804994
18870,0.14284875397833705
18871,0.056802582089021086
18874,0.1382669196835368
18880,0.16371969031782918
18882,0.140061421049252
18884,0.1339518102411703
18889,0.15684364091617148
18892,0.14339466848061755
18894,0.2342621258339766
18895,0.15517735701351149
18897,0.1552177491705011
18898,0.06078401806891609
18900,0.17775987546045752
18902,0.15263661955851823
18907,0.14964041150205723
18909,0.15622416155514748
18910,0.30737918453732993
18914,0.13534150136273848
18917,0.1471830612706625
18918,0.1247291047999643
18921,0.24455891525184778
18924,0.13973834670523275
18925,0.12610384729912927
18927,0.1351609717511276
18928,0.05630035424785086
18929,0.12372383591946864
18930,0.1320164009331442
18932,0.13102416739535294
18935,0.047190532959312755
18938,0.06325566325503892
18940,0.11936771809486244
18941,0.13622610527325302
18942,0.15822970437657374
18944,0.05719404296300327
18946,0.13558976785897286
18949,0.12463620044510035
18954,0.06057961203514895
18956,0.15741780719126988
18957,0.059453568701512936
18959,0.15308144776636018
18960,0.1111343858211179
18962,0.1334084831885617
18963,0.17027473789909447
18964,0.24118888275053252
18965,0.14212509161092496
18967,0.13398443843187824
18969,0.1276752362056835
18971,0.19554830227823117
18973,0.1261324793744098
18977,0.1328477370371272
18978,0.15961010145370652
18981,0.14681671134920088
18982,0.06128843162804808
18983,0.1181552914990713
18984,0.12818737477298395
18985,0.12961966650729514
18986,0.12666592267675203
18987,0.12577494115065624
18988,0.12274304851345622
18991,0.0647887834767105
18992,0.13032837247819695
18993,0.1371824317891589
18994,0.2472448124870485
18995,0.1307459334437398
18997,0.13545270768791667
18999,0.13773635277839325
19002,0.12723084973083543
19004,0.11061038420068214
19005,0.12891373198569342
19007,0.12159225003020743
19010,0.15186272550744975
19012,0.12857493958464852
19014,0.1372236036483171
19016,0.13377339481558143
19017,0.15598548596221248
19018,0.14059531149970134
19019,0.14088744895919403
19022,0.1911900662651208
19023,0.26819783912767725
19024,0.23263193969396473
19028,0.1449685478604827
19029,0.05134871063217455
19030,0.05785233687481233
19031,0.17889107925622277
19034,0.1398106798452492
19035,0.052183027885551264
19036,0.13441527404879766
19037,0.14850625056158678
19038,0.16182015284858287
19040,0.052837122354207997
19042,0.22698551967659852
19043,0.13012108436846756
19044,0.12801159263703143
19047,0.2278402847831178
19048,0.16209243860607803
19049,0.15335619447005722
19051,0.15197703259501422
19053,0.12995040228542593
19054,0.20963414936370534
19056,0.12325668588336192
19057,0.144129228311699
19058,0.13425286632022584
19059,0.11798997121781438
19060,0.14019043791096636
19062,0.14769979462180172
19064,0.15670069183645324
19071,0.23142909727117295
19078,0.13288613955063697
19079,0.13897755664628922
19080,0.10414058990030975
19081,0.05958561928533187
19085,0.14769335271915224
19088,0.1569691916154482
19089,0.15120732406824955
19090,0.15083541923741325
19091,0.23937590421497812
19092,0.12678602375668313
19094,0.1469739320941204
19099,0.16809775654518055
19100,0.14826306862614827
19101,0.06218774882413991
19103,0.11780769677741659
19104,0.1645015252321277
19106,0.13594083635096305
19107,0.2233658481771984
19108,0.1565980496011577
19109,0.04651111665518652
19111,0.13500745184816682
19112,0.1521335470410286
19113,0.13082665091648438
19114,0.13893845018401468
19116,0.15510119352328616
19117,0.15412216270819307
19121,0.1352266903633691
19125,0.22207095362477672
19127,0.19464699938657343
19128,0.14739434309956842
19136,0.12890720781734574
19137,0.1194898104191481
19142,0.17061936611367534
19143,0.14217006282590533
19144,0.13790432809132822
19146,0.14061044802378786
19147,0.11907060871886588
19152,0.07148604626825077
19154,0.049536262042954096
19157,0.13743345783597935
19160,0.14004731538499327
19161,0.05669116797524382
19162,0.22242120854444855
19165,0.051774670933846884
19167,0.05534850057428961
19168,0.13904147553769883
19171,0.053068860587883446
19172,0.054984868429653874
19173,0.15013260100165401
19174,0.14492208384572225
19176,0.1311894514161477
19177,0.14890755299653163
19178,0.04785160357099623
19179,0.21720851597577512
19180,0.22184638921553407
19182,0.14928942842379841
19184,0.1484836092165324
19185,0.04714604370285648
19187,0.05738609411061172
19189,0.22695629958203334
19191,0.1405009434056777
19193,0.14871541826451268
19194,0.16630435661436774
19197,0.15032228937742576
19198,0.1280391513743537
19200,0.15945929309067297
19202,0.048152756019662166
19204,0.08131212812332475
19205,0.14180748254809114
19206,0.1278491381476583
19212,0.05140784598970157
19213,0.13333363839638168
19214,0.32146962026892933
19222,0.149472901328336
19223,0.16018999569489534
19225,0.21763162368241906
19228,0.13838199316485972
19230,0.34296762352208726
19236,0.1347684002748739
19240,0.1457298953836717
19241,0.15976615894632526
19242,0.13820479278498954
19243,0.31578855017914753
19244,0.1289287382090996
19248,0.13394803665553384
19249,0.15479000547841998
19250,0.13498167478529371
19251,0.16870473942535852
19254,0.14184910587565475
19255,0.1488424807890053
19258,0.1623810923062628
19259,0.1366018689594964
19260,0.23961830930051128
19261,0.1368200980388455
19262,0.0599650129967841
19264,0.13504116731521165
19265,0.1772705602536136
19266,0.14680714830325498
19270,0.12214632880277465
19271,0.12900266869419016
19274,0.14275928275978733
19275,0.1423479652178641
19276,0.1081091386788305
19278,0.05794164076260708
19280,0.12578571551216364
19282,0.14575519937292436
19287,0.13416346438982812
19288,0.13404500849796894
19290,0.1599428846379123
19293,0.1599663869117029
19295,0.21198576997144913
19298,0.20364276275375598
19299,0.2205293859553232
19300,0.05567803799449025
19301,0.12797339717096592
19304,0.14352833519872232
19305,0.15470228084856874
19306,0.12284424414770284
19309,0.15063063352237327
19310,0.1277229078825852
19311,0.22327409339279947
19313,0.18286919151423892
19317,0.15686803074553346
19320,0.1578567325610209
19322,0.05295116600883677
19324,0.1621191127923547
19325,0.1505162651777486
19326,0.12425636440470039
19328,0.1479896841578387
19330,0.16004346455755025
19331,0.3439467476644527
19332,0.150196296847167
19334,0.13288438833745692
19337,0.13479153232366808
19338,0.1380738640909836
19340,0.1166662450359241
19341,0.1353290049214526
19342,0.1357069930371611
19343,0.1610793173519549
19347,0.3173389565742204
19348,0.15108247597889918
19349,0.2231021085752401
19354,0.14835482317228826
19356,0.13868875909809303
19357,0.14058613929413613
19358,0.20466039189714091
19361,0.11631566617791797
19362,0.14187544740572106
19365,0.12815794575624367
19366,0.14028938289705592
19367,0.1621539799448266
19369,0.13401403714931065
19372,0.13991461413018216
19376,0.05707053757329965
19377,0.13743439233426186
19382,0.06215521456612971
19383,0.2359230637687574
19384,0.1576043064937091
19385,0.13945417056535903
19386,0.15518339322864078
19388,0.15324731972999467
19392,0.13388827601896575
19393,0.1697318936568687
19394,0.13006779558231374
19395,0.225762662278535
19396,0.1376221386153757
19397,0.11279275602216679
19399,0.16920323630830864
19400,0.1613438112644439
19402,0.1300383265350648
19403,0.15309705021688544
19404,0.1298109209034748
19405,0.1442515356673686
19406,0.13457051806087944
19408,0.11868530749107153
19412,0.1528817755969201
19414,0.13314727801394494
19419,0.2508924171269515
19421,0.14860808149340315
19424,0.12267601705006452
19429,0.3020315911253746
19431,0.14072238419898717
19432,0.14878439103486668
19434,0.05945879266140971
19435,0.15000257645320525
19436,0.13447344349439871
19438,0.11874172185690354
19439,0.2338193726154229
19441,0.06048378628884246
19442,0.07119553110405427
19443,0.1324183930590339
19447,0.11473890691289892
19448,0.12963283660317843
19449,0.12962233964948677
19450,0.13973305519337714
19452,0.1332316380388675
19455,0.23867070576133598
19458,0.12433009641416798
19459,0.16323698640856726
19460,0.15251366879448627
19461,0.05293228499942339
19462,0.12007597505322336
19463,0.12458167529660505
19468,0.15627897548960157
19469,0.05348679204580875
19470,0.32751592227536735
19471,0.22563692085462847
19472,0.13438868085533967
19474,0.14162931220827019
19475,0.12686412779357842
19477,0.15543922049222492
19478,0.13068273214278528
19479,0.22720647468129923
19482,0.14552716422540374
19484,0.24367996784286727
19487,0.11020523272278626
19492,0.13790069268656058
19495,0.14280175310536877
19502,0.1327049885057482
19505,0.12281777847023168
19506,0.12857753383723294
19507,0.11737437071164036
19510,0.1130474024225289
19511,0.32904438495879895
19512,0.05393955290700387
19515,0.13528698726767052
19520,0.1401515738498731
19521,0.15732962514766777
19526,0.1524222507703737
19527,0.14497124019538504
19531,0.271860455443497
19532,0.13075775059895992
19534,0.15152135339730244
19538,0.14142537216397275
19539,0.05904551753657228
19542,0.11893154165129828
19543,0.13835694691012923
19545,0.15112317275143758
19546,0.1409945662632594
19548,0.17048201704706528
19550,0.16564816780996022
19552,0.1326664100730123
19553,0.04131309778267138
19554,0.11737516161458314
19555,0.12998745735517003
19556,0.13810819157982662
19557,0.13691092523880077
19561,0.13196465541957025
19563,0.14659786952080806
19570,0.14396463359602002
19572,0.1370859618180782
19574,0.22879848984746953
19578,0.1328853700422722
19579,0.15609365832656238
19582,0.1537689301415815
19586,0.04524137896230839
19587,0.11672921536116206
19589,0.1322293288477476
19590,0.05611302970449383
19592,0.14403748550894602
19594,0.0682375059829618
19596,0.2198531000309871
19599,0.1315798706604371
19600,0.11066911563685194
19603,0.11992388421688219
19604,0.11920579467318171
19605,0.16646338755936657
19607,0.11578248507098235
19616,0.06101300304898849
19618,0.06080091591134648
19619,0.05891801432731147
19620,0.13420890801668023
19623,0.13287392332697628
19624,0.1691086267939444
19625,0.1532920427353805
19626,0.19039845518500015
19628,0.14062702245109943
19629,0.16401819869043016
19631,0.1294503529074365
19633,0.1447555551643534
19634,0.13485613417579795
19635,0.2393083608401202
19636,0.15960879790289326
19637,0.13166341655958524
19639,0.16311842579416252
19643,0.1364012309930201
19644,0.15927062881013995
19645,0.17019656482635706
19647,0.16917971323115955
19649,0.17152421969961856
19650,0.13505383184318745
19652,0.14990604692342302
19653,0.16149114300800063
19656,0.14337832523962618
19660,0.1572232206240021
19663,0.14811137933548257
19664,0.15982730444139837
19666,0.14408572858772145
19668,0.14072757004833217
19671,0.12153541844555638
19672,0.14811210040357775
19674,0.21336247838285133
19675,0.15293145969303834
19676,0.1475273040216023
19678,0.1567276831999997
19679,0.12632076714946133
19680,0.16174959779854575
19681,0.14813402547848759
19682,0.12829424274831897
19683,0.1642410856579377
19684,0.11918566882316761
19686,0.13023128702023903
19687,0.14359128372329144
19691,0.135698667984115
19692,0.1296806465611549
19698,0.20461511637577756
19699,0.13052826278767612
19700,0.13180376673717514
19702,0.13001784588232063
19706,0.13768830586745465
19707,0.3212634549335188
19708,0.13416773765353918
19709,0.16670652731483615
19710,0.12380679097427208
19711,0.14428214017440566
19713,0.07750643338472604
19714,0.13965710258865155
19716,0.14998201587441704
19718,0.12651327132893486
19719,0.16463439925791684
19720,0.12392335187412708
19724,0.061915693299798694
19726,0.21577766999605624
19727,0.15313365388276717
19728,0.05817641399271892
19729,0.13884682151596694
19731,0.2189067883802709
19733,0.13879785819063284
19735,0.1296675189102653
19736,0.1661305148770708
19743,0.13855817844994955
19744,0.14372466458411093
19746,0.12814834191883762
19748,0.14662491531311578
19750,0.15539819097454174
19751,0.22308681436667593
19753,0.12638830741469356
19754,0.1384186399824294
19758,0.12741025610521034
19760,0.13930995265510193
19766,0.057809484986328916
19769,0.0636150070941554
19770,0.14611291836386164
19775,0.1566898119534464
19778,0.11759577617522841
19779,0.05557715371408825
19781,0.13551811953964682
19782,0.3256000645706493
19783,0.12599861329377782
19784,0.05058089216067775
19785,0.23320800254810609
19788,0.22961851447712892
19790,0.13579586808796268
19791,0.06417172128952801
19792,0.04895075892495923
19793,0.12920474355138967
19795,0.12336116562041874
19797,0.23110405857143734
19802,0.058451346228866594
19803,0.1710617765207555
19805,0.16103330544696484
19806,0.16005010830848154
19810,0.13981904334657635
19813,0.05938167632488292
19818,0.11820452580121354
19819,0.1428468408948709
19820,0.15968547946540707
19824,0.16114067092497952
19828,0.11928806498083144
19830,0.13506585999345888
19831,0.23396634453224724
19832,0.04773416882490013
19833,0.15359186961453272
19834,0.15173889828876244
19835,0.13374488583760433
19836,0.12955946824684747
19838,0.14490563418237734
19839,0.1677397177426984
19841,0.1337942222683148
19843,0.13377031983593918
19844,0.1469099705799759
19845,0.1416106671884647
19847,0.20108581726863728
19848,0.14838283369398025
19851,0.21036421791822707
19853,0.15417118369757637
19855,0.1365295734421098
19857,0.1370587311873674
19858,0.13453189824717982
19861,0.060810789741314465
19867,0.14833806972827562
19868,0.15760644915798805
19871,0.12998306415413075
19875,0.13537638467151086
19878,0.12306045528283222
19879,0.0519224185062183
19881,0.15214313985806632
19882,0.13279516404481
19883,0.11238333195681174
19884,0.21446898405964643
19887,0.327279835842763
19889,0.14447207431715575
19890,0.15234097401526292
19893,0.19480269213915602
19894,0.26440501265368327
19896,0.13445796899280382
19898,0.3218002815329595
19900,0.23165427717267906
19901,0.15294106065576213
19904,0.15143061969009275
19906,0.324901387542299
19914,0.04808865360990562
19916,0.06297868845856255
19920,0.23706648768524846
19921,0.052460761669851724
19922,0.13483105314417138
19924,0.24882084064036109
19925,0.13709379524591614
19926,0.16614185439058105
19935,0.06154839854952796
19937,0.1224145196993586
19938,0.13250977440246908
19941,0.1500623929929043
19943,0.11406401888174345
19946,0.14977168774335653
19949,0.056820402006472974
19953,0.15572171699130224
19955,0.15695894508728303
19957,0.1535530857936872
19958,0.131253183016343
19959,0.15733734493157941
19960,0.1294195609867327
19963,0.12561600557775568
19964,0.32219913604470574
19965,0.1558536287917356
19966,0.15515807208629184
19967,0.13704772990184083
19968,0.16106075943101406
19969,0.052109656687096925
19970,0.054551434334183024
19972,0.12316812099471575
19973,0.14912488552838152
19974,0.12381941973542158
19975,0.1354793473195814
19977,0.24818939695978964
19983,0.05276464842946149
19984,0.10268819312324103
19986,0.22115831832283273
19987,0.15049955700087736
19988,0.11842594642561918
19989,0.11762809837806658
19993,0.12185613112395192
19995,0.10351585939868369
19996,0.15411145805271584
20001,0.1406153837817294
20003,0.1436809875177837
20004,0.17289018281393137
20011,0.2576421930466106
20016,0.20662430318903793
20019,0.1407812044684575
20020,0.12117172500289829
20024,0.15161202456271838
20025,0.24066029276998563
20027,0.15483927821778803
20030,0.16027861221666215
20031,0.04988024300095176
20032,0.13545567860376453
20034,0.1368195262494839
20035,0.1337455577944159
20037,0.07240162405041935
20039,0.12669722209667506
20040,0.1420528581234632
20041,0.14810761235115627
20042,0.14059993550603497
20043,0.13931058190234846
20045,0.11800927308204086
20047,0.1292061525882891
20048,0.22174706742822584
20049,0.13369595601669232
20051,0.23930378604537156
20053,0.14377110768414308
20055,0.1549013130265777
20057,0.2624102840312344
20058,0.15777681553592504
20061,0.1449479414438265
20065,0.13559582105330084
20066,0.1428667843716051
20067,0.14911020320312854
20068,0.05360959867460032
20070,0.1649150815439859
20072,0.13331245981531914
20073,0.15483817753357781
20075,0.15873966503701314
20077,0.1964126998199338
20078,0.1470779796189598
20079,0.15540655250304974
20083,0.12364983920839945
20084,0.119358460991479
20085,0.13502184238980153
20086,0.05766789862403708
20088,0.12852173403089528
20089,0.14046581357265456
20090,0.052584074811428905
20091,0.2505311299925784
20094,0.1547512620262373
20096,0.13348827003322508
20098,0.12639638394815456
20100,0.13689289919747388
20102,0.15293117431064024
20103,0.1505744648728317
20104,0.14358011609874805
20106,0.13227987041452252
20108,0.36927304412205875
20110,0.14180998604484407
20117,0.1467612256575785
20118,0.34698229246835144
20119,0.14085932804195833
20120,0.257209733918622
20126,0.12024413452824348
20127,0.11489402253533551
20133,0.11483745116293693
20138,0.12927692322502854
20141,0.1325296700468871
20145,0.15371661857088095
20146,0.06130698053299241
20148,0.14346983258410248
20150,0.15696874661975052
20151,0.1394451393656273
20152,0.1432365136118774
20156,0.13069683232785312
20158,0.15472475604881175
20160,0.14973323339208572
20161,0.062027711246459775
20162,0.12841946312838376
20164,0.15576691041409274
20167,0.11849027727959201
20169,0.15116119396624803
20170,0.1530880156431705
20171,0.1310485802097794
20172,0.04824856883837082
20174,0.11901706497514417
20175,0.1415442327927034
20178,0.12874878640377696
20181,0.15137678152159856
20184,0.057072467204150254
20187,0.25177737220306595
20189,0.14913333998241735
20190,0.1470922298227239
20191,0.1369899889089667
20192,0.15360759563538595
20193,0.1468313698551374
20197,0.2267607946170304
20198,0.1305434243436028
20199,0.13417772065109562
20201,0.13637648688791024
20202,0.12258974787044187
20203,0.13154606003479652
20204,0.1403259402960623
20205,0.14548694914717983
20208,0.05470404508114107
20210,0.13437594890515456
20211,0.13345651743352485
20212,0.14272639998930972
20213,0.15386820749248084
20214,0.1546877294658828
20217,0.12479534153023597
20218,0.141072995758401
20220,0.1504432390493503
20221,0.12105806778011424
20225,0.1438753655264538
20226,0.14350449183095593
20229,0.13265685378045156
20234,0.1982241455114896
20238,0.14732910531202534
20241,0.06307662737172395
20242,0.13659419208811424
20243,0.16666523451541035
20245,0.15243044598074612
20248,0.1805109266373789
20250,0.1890591221895322
20251,0.23399470091508923
20252,0.13728714044539045
20255,0.053619195083171145
20256,0.13198081366836845
20259,0.06016369674588752
20260,0.061489351510863696
20261,0.12160564059243124
20262,0.1285184837312261
20263,0.12357069062851475
20265,0.04948538028517393
20266,0.24100477018405764
20269,0.05284381754743432
20270,0.145073781819264
20274,0.11619247882286415
20276,0.1961935047611264
20277,0.23818331884039123
20278,0.12546652801523678
20282,0.12575568193511177
20285,0.12550965565879096
20286,0.14735052671960303
20287,0.08653012539259103
20288,0.22628328848904938
20291,0.2285645374191463
20292,0.06712773776070954
20293,0.13907765036199093
20296,0.14262158138148673
20300,0.13407478289700914
20302,0.12881788420334975
20303,0.1352061222225368
20305,0.1739382903980487
20306,0.12404036012044249
20309,0.12197570417876166
20314,0.2162226369234861
20315,0.14488598379004974
20316,0.1392326854515592
20317,0.12907621997830293
20318,0.15235029085869797
20319,0.12988441350026753
20320,0.16880094382093475
20323,0.1487470923471928
20324,0.06021839564975581
20325,0.06098511930033676
20326,0.05281550709672857
20327,0.13162911538152777
20330,0.13854225483590507
20331,0.14101236463586725
20342,0.17016086945990544
20343,0.128243044982514
20345,0.19729031228613836
20347,0.05992302382072037
20348,0.13855358791422512
20352,0.12358550205109928
20354,0.061343242695730486
20355,0.12801081155804978
20356,0.23949212821123694
20357,0.1352532648181375
20359,0.1267859302598987
20361,0.17433459553329156
20363,0.061389445699614395
20365,0.15317498528571943
20367,0.29365710049088833
20370,0.06020119046810443
20372,0.12044712662660348
20373,0.14251676118693374
20375,0.31968323963918227
20376,0.13056738103130539
20379,0.06424677606717588
20380,0.1527162735876712
20383,0.13382965918088915
20384,0.15969896236895004
20385,0.1260149348840892
20386,0.13235240963026942
20387,0.15650139911213962
20389,0.1338826480048574
20391,0.15098834801392008
20392,0.06898048223460146
20395,0.13695586784838013
20396,0.21874227371599217
20398,0.2502863965259056
20401,0.1379753819459634
20403,0.1376767670551916
20404,0.13780323750655085
20406,0.206906006923133
20407,0.1505357304944488
20409,0.13633770318485436
20411,0.1268666350682134
20412,0.1536897764823863
20418,0.1379615318082646
20419,0.1409797385899674
20420,0.05219634434929095
20423,0.14831911074763252
20430,0.15477297559612874
20432,0.13507363378889506
20433,0.32905640885125376
20434,0.21749065619610988
20437,0.13398833247287636
20438,0.15778039649027076
20439,0.13368569675389613
20440,0.13472744701504075
20442,0.1351895999969603
20444,0.24914898465879476
20446,0.12489416948314358
20449,0.14874867099535827
20452,0.10503913295133349
20454,0.1384614019081839
20455,0.14845252620443705
20456,0.1302713725122218
20458,0.13381841945891226
20462,0.15236618990361567
20464,0.14894763637392722
20465,0.1329507941924498
20467,0.1506310438710052
20468,0.047429562727811375
20472,0.17075120798950028
20473,0.06573708649142244
20475,0.12942357318881362
20477,0.13767376967222977
20482,0.1293815021763448
20483,0.23985482060267055
20486,0.2530281558166736
20487,0.14703352047320997
20490,0.1320652101328907
20491,0.1314185711920801
20494,0.06457727647266213
20495,0.16151977749182356
20496,0.13347624598607705
20497,0.11590830152562284
20498,0.21187316175095972
20499,0.13145187301294037
20507,0.13385761801142837
20508,0.14913883720605264
20509,0.06693169567006145
20510,0.13236026796323352
20511,0.1337721264067741
20512,0.06172703251519293
20513,0.16399396351271728
20517,0.1460405945007141
20518,0.2625356722023238
20522,0.1376909827611037
20525,0.14626861387831963
20526,0.13535580544656975
20531,0.22131401816989807
20534,0.1688298168770631
20536,0.13706206256905118
20540,0.12900294487895417
20544,0.1548004388229272
20546,0.1453740766346631
20548,0.05250272256653818
20549,0.1528475156866002
20550,0.060167439343755846
20551,0.12931185462373512
20552,0.13795371427986672
20553,0.13389714708497846
20555,0.2299466747289184
20559,0.1630762064674448
20560,0.14604503239763886
20561,0.2399672243200642
20562,0.13457152398335231
20563,0.1522308334686358
20565,0.15150847266169776
20567,0.14129335527760595
20568,0.17511573605892772
20569,0.12851879653513681
20572,0.1408226171118394
20580,0.14603740618779742
20582,0.1531888879249093
20584,0.2534524961816703
20585,0.14025422373143023
20588,0.051304940952066745
20591,0.14161452915879075
20596,0.1277493788312314
20597,0.06676403097652796
20600,0.15150290413463177
20602,0.22014759995042557
20606,0.06446656350980977
20609,0.1555237192030799
20610,0.172547720222253
20611,0.1403312581443217
20613,0.13094033619794837
20616,0.20601312636772268
20619,0.04691008198970088
20622,0.14816786415132907
20627,0.14599684499284338
20630,0.12140591048176638
20631,0.051307737261774636
20637,0.11796163183155148
20641,0.23756932044865542
20643,0.2331402226633184
20645,0.16503790447782551
20647,0.11126604164764166
20650,0.14803541940701936
20651,0.13042862495891192
20653,0.16449447804881556
20654,0.13790389414763685
20655,0.0640705081724792
20656,0.1403122241997864
20657,0.14145408683722532
20659,0.05462231740882902
20661,0.058176149854474744
20662,0.05373662352285549
20663,0.12933256992372438
20666,0.14349440536008512
20667,0.12366654604292518
20668,0.15279474204955754
20669,0.23246060270829666
20673,0.05907340985849084
20675,0.1552497074998729
20676,0.17632461063667576
20677,0.13328228698163264
20681,0.13373943290562945
20684,0.1303270776403727
20686,0.153134209065318
20687,0.1373454709610819
20689,0.1337565974147798
20690,0.15270373906186596
20691,0.13964414466118907
20692,0.13402702616779827
20694,0.12964913322403696
20695,0.16545276090932223
20696,0.06438403192877566
20698,0.14002597974878245
20700,0.16755443295984468
20703,0.14971448513426255
20704,0.3376093419983548
20705,0.1426046847322232
20706,0.11292212713851166
20707,0.14885699022029214
20710,0.25358028093635476
20711,0.12809243889330557
20712,0.07703778663837667
20713,0.14135018352265294
20714,0.1450244419933321
20715,0.12219933808803454
20716,0.16561728433797412
20722,0.1460457379297549
20724,0.17634317849126185
20726,0.23123431384178517
20728,0.17311775210002095
20729,0.23621265304195455
20730,0.1416420850018031
20734,0.15067576816815997
20735,0.05242997673491877
20736,0.1331108641276219
20737,0.11081633659481485
20738,0.149170249524559
20742,0.23228078678779385
20743,0.04505133479204866
20744,0.14203979653039814
20745,0.1339260034071023
20746,0.1526726862431408
20751,0.11042352607660341
20754,0.12657407440700688
20756,0.22161800091888084
20758,0.13369751516475498
20759,0.15842365618774756
20760,0.14967832494616207
20761,0.22065956666628503
20762,0.11489160356562818
20763,0.10741480014712235
20764,0.12960275478042152
20767,0.24491703177999025
20769,0.07736634845205972
20770,0.14088345207199154
20773,0.12776084936791335
20775,0.312462648234225
20776,0.12176396467004134
20777,0.22212161444468653
20778,0.059376142114293366
20782,0.1262531092027409
20783,0.11476981430712403
20784,0.11825723421839665
20786,0.1281807609761591
20787,0.1360556242220414
20788,0.12030010435278893
20789,0.05775666226087399
20790,0.06392242594968134
20791,0.13937162878093384
20800,0.25532861539846796
20801,0.1320310473625007
20804,0.1591780688001918
20807,0.17363916438783356
20809,0.059852584416684694
20810,0.31642657600701996
20812,0.32771753089353106
20814,0.14499304013489503
20815,0.1404474067409382
20818,0.045970952455315156
20819,0.15093053365812498
20820,0.15734290423754738
20821,0.13989034664530156
20823,0.14450562907904502
20826,0.16253122815898732
20827,0.252490669933649
20828,0.1388483358392179
20829,0.13045484044211442
20830,0.1614561044875144
20831,0.13483668237767638
20833,0.13691516599915177
20835,0.06399542904404018
20836,0.13347424748498937
20837,0.18467866649084358
20838,0.12994105616926782
20841,0.16787687464963702
20842,0.13783323979325915
20843,0.13733445792555393
20844,0.1254867544788878
20845,0.13593733577303974
20849,0.23357634602480715
20850,0.12551769777607497
20851,0.13501134187587158
20852,0.16603752552525308
20853,0.14395927024235766
20854,0.13045900913035274
20855,0.14186756205982545
20857,0.057152977690525957
20859,0.13655905249100384
20861,0.1419356411363791
20863,0.1827087409112153
20864,0.24886846900343185
20865,0.12578622778232312
20866,0.06404169224575527
20867,0.23437058617444195
20868,0.21547000276977124
20869,0.15533873712847573
20872,0.16075229692323478
20874,0.05759239386370826
20875,0.14086820474170286
20876,0.1342547387883672
20878,0.15620190335620798
20879,0.13564317295948675
20880,0.058831216184024544
20882,0.23182724107375471
20883,0.2268617456217
20885,0.04598553403091357
20886,0.14644326618009332
20887,0.06217855172909669
20888,0.15545869593545372
20889,0.13092923294073294
20891,0.14420923263413352
20892,0.14978114991057015
20893,0.14968607361024458
20896,0.13288700924886881
20897,0.04792947726771257
20899,0.14185938514020563
20900,0.2483689391239056
20901,0.1426823408179024
20902,0.14967687704463656
20903,0.12996663885399107
20905,0.13950879562538473
20906,0.2269911471639879
20911,0.13057125255876337
20912,0.16581575254797937
20913,0.15492033476619585
20915,0.12338468512207354
20916,0.18671072418977858
20917,0.31921312505533
20921,0.13201890520940168
20924,0.13000885285307903
20925,0.14044731734316146
20926,0.15212006094231073
20930,0.14536095512192138
20932,0.14665644854056104
20933,0.14443741962257386
20935,0.14014970296730758
20937,0.1102014549945265
20940,0.15691289967156824
20941,0.044598119999113825
20943,0.1386388906722148
20944,0.057450937621913466
20946,0.11616715039301292
20947,0.13997673201965738
20949,0.14610297179666215
20950,0.14642989311194998
20955,0.12876753093558885
20957,0.15411496321430776
20958,0.1546107623485527
20960,0.15276135247677353
20965,0.22800889251044942
20973,0.21971831555715227
20975,0.1319152744141364
20976,0.1409878154778934
20984,0.15733926933972203
20985,0.13109808555308844
20991,0.26470935288642594
20994,0.07842979555675665
20997,0.15165206509092594
20998,0.1479182424011985
21003,0.14423865818276238
21004,0.14893320944121596
21006,0.11792530280430875
21008,0.12971344514880603
21009,0.0603458906685234
21010,0.13505699355754627
21013,0.2382345869333734
21014,0.1734339391298858
21016,0.14988439238096446
21017,0.126037029490595
21021,0.057263497303559015
21023,0.1271836121525516
21024,0.14956851853935207
21025,0.11055863417559553
21027,0.16750089191952033
21029,0.07045251714211173
21030,0.05846626823405766
21031,0.05661443959719751
21032,0.1514458917136142
21033,0.15729366386489685
21034,0.22996414367305368
21035,0.05326251603511873
21038,0.13269044842632358
21039,0.11624339995571414
21042,0.15438758106539519
21046,0.15170083727098543
21047,0.14802178214774792
21050,0.05206750672103688
21051,0.22959941990887572
21052,0.14488625919985304
21054,0.047261738294166175
21056,0.15064015765676786
21057,0.1338441338178942
21058,0.13541584310831212
21059,0.10806593598417089
21060,0.055654145861828555
21063,0.05344431383775562
21066,0.07269923847209285
21074,0.1314096734463136
21076,0.13649946006450886
21077,0.1493781429270026
21078,0.118128690055814
21080,0.14894698921661184
21084,0.05038724394069661
21090,0.21723365426907504
21093,0.12064613687273221
21094,0.1321752418686512
21095,0.21356138995789775
21096,0.1381950736137723
21097,0.200951584348801
21098,0.06166485076492542
21099,0.1386459037251624
21102,0.13324728386917173
21103,0.15147755749428116
21104,0.14303592667974255
21105,0.14733643994253875
21106,0.22068401370886875
21107,0.18052395897749646
21108,0.1512612841780231
21109,0.05594217845713819
21114,0.05363755193649914
21119,0.1420911125471244
21120,0.13325857165594396
21121,0.1388125918376139
21125,0.15445339752259052
21128,0.13925760275538607
21129,0.06296758951054202
21130,0.13546429478370664
21131,0.14851934469177452
21133,0.22989004447085087
21134,0.12942396167004333
21135,0.14653333990452044
21137,0.11954547825778765
21138,0.13408592225409283
21139,0.05523038946617154
21140,0.1471132740924262
21141,0.13618505198704206
21142,0.1382992543851915
21143,0.15196312620961555
21144,0.1217277346463462
21146,0.11586992026390266
21147,0.15858858004339746
21149,0.14303830926409566
21150,0.13843463518302182
21152,0.21505743730373025
21153,0.15417651902595714
21155,0.060297810736676324
21158,0.10194141566936436
21159,0.1371169792571747
21161,0.16199378168722717
21162,0.13488674223459518
21163,0.11678838139218939
21166,0.14449439121275337
21167,0.15579909370824163
21173,0.13672425616487616
21174,0.1373637803022384
21177,0.15591852663749203
21178,0.15225190437532837
21180,0.22441657555053807
21181,0.05874116811853371
21182,0.06370958839511728
21183,0.14861230174076728
21184,0.14748778677553387
21186,0.11857488187333047
21187,0.2020155286998991
21188,0.13711567125203997
21189,0.14100274781431638
21192,0.15697754641262474
21193,0.1457662062292026
21196,0.05579200163591644
21198,0.15535037769337467
21199,0.13639434001841444
21200,0.1569086762529115
21204,0.1589987999389596
21206,0.1333952998664223
21207,0.1283584799166903
21208,0.16053785037718987
21210,0.1358174109377074
21211,0.05556188665999953
21212,0.12408786006274153
21213,0.13364116963313866
21214,0.1317998222853105
21216,0.21953695551154168
21217,0.059780977318605544
21218,0.1484472660803568
21219,0.21870038050416102
21220,0.1239308470127398
21223,0.22248858841788474
21224,0.1637480489763356
21226,0.25398050950744777
21227,0.12643661198101402
21229,0.05235797179026851
21231,0.16615412136601015
21232,0.15240855523433983
21233,0.13580760991873742
21237,0.130321137262142
21240,0.13329832195951227
21245,0.21895690926279507
21246,0.15510975686048523
21248,0.15891877016291603
21251,0.13070517264118195
21252,0.13383155896302068
21254,0.13484837045559317
21256,0.16113983081195174
21257,0.15429914524079658
21258,0.15607092009046844
21259,0.2277685505202311
21260,0.162495406464689
21262,0.15144663346958073
21263,0.1701976338084603
21264,0.16475725664615892
21265,0.16000178198423445
21268,0.0567712733696749
21269,0.050699546353954975
21271,0.22777132470633832
21272,0.2346076850529331
21274,0.15744862530929518
21276,0.12646670437996893
21279,0.13374707813719772
21281,0.12663833679895908
21283,0.20846412804004838
21285,0.12719191023270532
21288,0.13326194795508303
21289,0.21472434926649142
21291,0.13245797453922192
21292,0.0555346334139007
21294,0.15062647981842314
21296,0.12982114322637556
21299,0.13777253499609704
21300,0.1377490252433397
21304,0.04467140405755077
21306,0.06486950063849097
21307,0.13179912894341406
21309,0.15146380418349786
21312,0.13557478678948132
21314,0.15359025321787995
21315,0.2953870526028606
21316,0.12632845408761728
21317,0.11365805999695783
21318,0.10674162822588494
21319,0.14671438479080812
21320,0.1460583828940908
21321,0.1414888669136815
21322,0.2071740740550806
21323,0.14902143014254765
21324,0.12940702072070454
21326,0.24242600224490257
21327,0.13753934084497782
21328,0.17097490552285127
21330,0.12074137034738974
21331,0.1455163356785769
21332,0.22382550886819153
21333,0.14331832027121041
21334,0.15778546271529043
21339,0.056539315406435545
21340,0.048904266404787455
21342,0.06538425118276917
21344,0.1618445165017507
21345,0.2547066348648151
21346,0.22321369801970029
21347,0.06818054260329064
21348,0.047516239637667435
21349,0.15914649396402042
21350,0.1376306134699346
21352,0.05696715508728347
21355,0.059107335248530304
21359,0.1759425049392894
21361,0.12191906693513696
21362,0.1359630422501303
21364,0.13033890372577997
21366,0.11930542651005491
21367,0.13989009377373562
21368,0.13823065242996763
21374,0.20970926518311112
21379,0.11930400886531543
21380,0.09726359488911396
21382,0.1323745823189093
21383,0.1258207007581609
21385,0.15218161876616465
21388,0.16457709529133036
21391,0.1627058083794617
21393,0.13447009634413193
21394,0.2142849295450892
21395,0.15113506954404055
21398,0.15413453286543155
21399,0.06915297112536536
21400,0.14800339290502845
21401,0.1344602310690076
21402,0.2284407691167025
21403,0.22261274472747572
21404,0.05787629602651871
21406,0.145068535405667
21409,0.13046487717344243
21410,0.14958976088330772
21412,0.19494208720598388
21413,0.1120034864655332
21414,0.151804693916679
21415,0.144342401678601
21417,0.054237303247039806
21418,0.15528755615935902
21419,0.10743770593266982
21420,0.13257721486482746
21421,0.23054460892778197
21422,0.12959611870958448
21423,0.05866587977448878
21426,0.17236191567572717
21429,0.05340482253217631
21432,0.13211781396066424
21433,0.1316293831176093
21434,0.13459349667534395
21435,0.1526690711782224
21436,0.054089856025625965
21437,0.20606917056704738
21438,0.1346718097837804
21443,0.1650346005870742
21445,0.15999032580517497
21446,0.12779392731034347
21448,0.1638477942100679
21450,0.054212955436801255
21451,0.1300979799534049
21452,0.15184067915389285
21453,0.14220209533550096
21455,0.16056835185339427
21456,0.17517816156965293
21458,0.061208011002634996
21459,0.13830806505051169
21463,0.14544817356989395
21464,0.3289721021427674
21466,0.05837699970436591
21468,0.13286751754120463
21470,0.12715891374609053
21473,0.1589319020908041
21474,0.14122607700144946
21476,0.12994025705608647
21478,0.10768334079013422
21479,0.13767365402057302
21482,0.1376081508949754
21486,0.1295520226106828
21487,0.13011066077509784
21488,0.12781640271502528
21489,0.06686830506686903
21490,0.15032862135918984
21492,0.24756348137612427
21493,0.24777580361691265
21495,0.13887608000410318
21499,0.14362903353764392
21500,0.11948859156692611
21503,0.13775028927826238
21504,0.15344983600928164
21511,0.05535423485036335
21513,0.15318119115514775
21514,0.047621765224642544
21515,0.2377475671816953
21516,0.13982725157305675
21517,0.05454247947449083
21519,0.13118752986621052
21521,0.1342868705390944
21522,0.2564089466316998
21525,0.06527811996636455
21526,0.22056937580611263
21527,0.14804045202070926
21529,0.1579069413176795
21530,0.10790492746230221
21531,0.2513186712183496
21532,0.21563192745962692
21533,0.13022008647073202
21534,0.15823712157770092
21538,0.1146646440998412
21540,0.13451166443977813
21542,0.12818936726389038
21544,0.15410253261480686
21545,0.06617293081439318
21547,0.13057476387584624
21548,0.12876783757390275
21551,0.1402677272468519
21552,0.16247915501960727
21556,0.1276624282919424
21557,0.12885638013353046
21558,0.1251493869679684
21559,0.22284731672150437
21560,0.11472162076017545
21563,0.06457151977713363
21567,0.1704610132154266
21568,0.14538622080573543
21570,0.06366191576688218
21575,0.12894320375449
21576,0.324508166084856
21577,0.050412734027818276
21579,0.1465379106873043
21580,0.05367686614670991
21581,0.13492250449922466
21582,0.1265097206908752
21586,0.19968054679410174
21588,0.14817633238289218
21589,0.14976932719100455
21590,0.13186706799442988
21592,0.13205148530835925
21593,0.13266265481180334
21594,0.1562220191201452
21595,0.1072693237089993
21596,0.14929218926726365
21597,0.153735637197439
21599,0.13727021312423704
21600,0.06190967604566121
21604,0.05572885961131583
21605,0.12077472409730208
21606,0.304264476145839
21607,0.18011196292966597
21608,0.16001010266756344
21611,0.06445211093258327
21612,0.2228023937811842
21613,0.15293365259085967
21614,0.1447791082721746
21617,0.1497841879685172
21618,0.13170393260997645
21621,0.1360101677213582
21623,0.14934260940988509
21624,0.13060677316606556
21625,0.338997198607898
21626,0.13760570974100322
21634,0.13198420459125476
21636,0.13594399673325547
21638,0.14825818284556325
21641,0.1333587464634847
21643,0.15597033907527477
21645,0.0595024504939167
21646,0.064536849224817
21649,0.13850263050734354
21650,0.13931522565548585
21651,0.06002093429746107
21652,0.142729539972317
21653,0.15904497599957546
21654,0.15796680452759276
21659,0.13167507656617694
21660,0.036618999342103456
21661,0.1303150288295848
21664,0.1505642728498403
21665,0.12612052286730624
21666,0.34045399354022354
21669,0.15298210504391047
21671,0.1433156015655247
21673,0.2342806340083632
21675,0.14066616812146748
21676,0.13281653119574124
21677,0.11328153268897834
21678,0.20616434535673422
21680,0.14183320171427302
21681,0.16569864461058992
21683,0.11786444180148153
21684,0.12392011643639494
21685,0.056615158151953546
21686,0.1610550886780712
21688,0.13368368543631776
21689,0.1531511257605762
21690,0.16561727987969838
21692,0.1423742196740415
21693,0.1503001796025315
21694,0.05683414005712111
21695,0.13004528125211934
21696,0.13116954087688543
21697,0.15007016231192388
21698,0.21134591227703986
21699,0.1343408855102124
21705,0.13515130440046652
21709,0.1363457187311039
21710,0.16653032423330782
21711,0.25115564779319205
21714,0.1513722766228059
21715,0.17787019556855524
21716,0.135254374452871
21719,0.22635194735160477
21721,0.15953724513997397
21723,0.1668442015154109
21727,0.23201019981331544
21728,0.11995365310464001
21729,0.13674925491633907
21730,0.05510476546052207
21731,0.15624455296227333
21732,0.09763544412546005
21733,0.13736766134559125
21734,0.1367415477130754
21736,0.14708180400618323
21737,0.13538078530518333
21738,0.17224049750266074
21739,0.17133099019271403
21741,0.16198400921400352
21742,0.1613211474644768
21745,0.1916158615222142
21746,0.055547698724555866
21747,0.14081663789932802
21750,0.10956019219761512
21751,0.14034116674683908
21754,0.13758456869008068
21756,0.16116497311517758
21757,0.1329945787607771
21758,0.14473208211666128
21760,0.13011426082290461
21765,0.1339482511549204
21767,0.1304799921554241
21768,0.12265905692114652
21769,0.14679599054041276
21770,0.12890037507443108
21771,0.1271742039329481
21772,0.15498797045815293
21773,0.13626527323221374
21774,0.15286742666522218
21775,0.12265314991154269
21780,0.13754638904307384
21781,0.21516871323132944
21782,0.16312958733099048
21790,0.1347082048165597
21791,0.15379410173060065
21792,0.15384460961007052
21793,0.22840319204587978
21794,0.11378896126348204
21796,0.05195378126570337
21798,0.1501887496862247
21799,0.12930968042458574
21800,0.12372739726207532
21802,0.13582985434499872
21803,0.13315460585332115
21804,0.14835179685989747
21805,0.1245831727250752
21806,0.1497711634325881
21807,0.22174414659351444
21808,0.15307603022184477
21812,0.1242228182374652
21813,0.04870035531394657
21816,0.16141304989562788
21817,0.12322210428013647
21819,0.14276238232424585
21821,0.058458492798455816
21823,0.1514401228733975
21826,0.1464730666243754
21827,0.1303493230844287
21828,0.14649314918616718
21829,0.13070228984272805
21831,0.14573064718850326
21833,0.13359820165261155
21836,0.23404080467229949
21837,0.1513879482745099
21838,0.15066247838566138
21839,0.1643293480121522
21840,0.12792275784041812
21844,0.1515672435899063
21846,0.1371916511525401
21847,0.14452871533964412
21848,0.22626244338933021
21851,0.1359829879069173
21852,0.20060343412299766
21853,0.17756468588313715
21855,0.11908789241396006
21856,0.22776884095334266
21859,0.1515233848318998
21862,0.11395442125163655
21864,0.07369832782649868
21866,0.22379776434519694
21867,0.1435329567425579
21868,0.1442187430886686
21869,0.14755613464947626
21870,0.1312512918585891
21871,0.16721030052423858
21872,0.06577855812887219
21873,0.20918329068705274
21874,0.127273012444237
21876,0.13052334779652303
21877,0.22119453703949907
21879,0.15848862950024045
21882,0.23938369301985202
21885,0.1450509200179108
21886,0.10594139728773364
21887,0.13352346702369555
21888,0.13978954573692193
21889,0.15158317767336016
21890,0.14309201666920116
21893,0.13664866000344789
21894,0.13286558418591518
21895,0.13785016812814527
21896,0.23188267313489033
21899,0.23137802094247678
21900,0.1394557623283836
21901,0.1317387510676405
21903,0.13117094001322402
21905,0.14044494629453527
21906,0.2117587780935405
21908,0.12020585116234822
21910,0.14168975670107442
21911,0.12881455441188314
21913,0.15600534870535585
21914,0.13452605060065626
21916,0.12370550099822822
21918,0.05453345141848657
21919,0.1286423422781539
21921,0.156229371500936
21923,0.1306419178180096
21925,0.05028602194645336
21926,0.13852425148062592
21927,0.15179825165266064
21928,0.14357136017234107
21930,0.16783750691871707
21931,0.12568418211961366
21934,0.14031180126220044
21935,0.14734602941649366
21936,0.3244853041285206
21937,0.1294094595290028
21938,0.22490767739680317
21939,0.3060341944201637
21941,0.13383608062005697
21942,0.15053329039394894
21945,0.1818142664050001
21946,0.12279620518191135
21947,0.1652839386242449
21948,0.15727248320638196
21952,0.05011401820692843
21953,0.17411274818171874
21957,0.13364697801495495
21958,0.04854432504108755
21959,0.13364922543231755
21961,0.1329519989213983
21962,0.15520893128496005
21963,0.059613454509982386
21964,0.15443555807550624
21967,0.1570092915320434
21969,0.05759276121254607
21970,0.11916923562010154
21971,0.06027733811396896
21973,0.16340723102339
21974,0.1308667836456336
21980,0.11459590937962023
21981,0.06567971476522272
21983,0.12916383272896456
21984,0.12140927988049219
21985,0.13006899315515671
21986,0.15596584513459968
21990,0.15907774324578267
21991,0.13081218691701346
21992,0.1303169044378985
21994,0.14956817542734235
21995,0.12192630045987762
21996,0.0650092980954355
21997,0.13595164269564775
21998,0.16443738135043567
21999,0.13450401778992904
22002,0.059599054029507464
22004,0.1343124127642216
22005,0.25387378487804313
22007,0.1478069649439745
22008,0.1353886185357122
22009,0.1255134628444616
22012,0.32083470251363605
22013,0.11674390578642617
22015,0.06694001111913334
22016,0.1432460429553436
22017,0.05657287602462186
22019,0.21304584108271757
22020,0.14299087258269938
22021,0.043881417637438754
22022,0.11641378178896865
22023,0.15426516786142588
22025,0.17053409336319303
22027,0.1654674447792181
22028,0.06536912904498554
22033,0.14813454148858857
22034,0.1752064933554408
22035,0.14777509050451676
22036,0.13086227731608324
22038,0.05743469481206087
22039,0.1514082503429731
22042,0.22461661986594034
22044,0.13747825716478645
22045,0.13745256893131502
22048,0.248525822987312
22049,0.12068798558230494
22051,0.13576847117559665
22052,0.06961494085148608
22053,0.13992528455554054
22054,0.16334662004064612
22055,0.15252361192504338
22056,0.13771433037837583
22058,0.2271155303913752
22059,0.14541355043229065
22061,0.06272512959474776
22062,0.13917635633274922
22065,0.13537288883660137
22066,0.1347820903420546
22068,0.21469329554543964
22069,0.13695314370217174
22074,0.16303308505908398
22076,0.14246381668301533
22077,0.131084740914854
22078,0.15551527780632746
22079,0.25081820159923907
22080,0.1488580965404501
22082,0.054247069972228154
22084,0.14636579808653938
22085,0.15161629270403285
22086,0.14478997323128806
22090,0.23961628449492484
22091,0.15438187843296036
22093,0.13064171371981692
22095,0.0578828975119738
22098,0.14386198602979602
22099,0.06233031338379265
22100,0.11549264112755506
22101,0.16370480220993547
22102,0.38187922146956965
22103,0.13409042694323278
22106,0.14258188397432825
22107,0.13985244582156917
22111,0.15373909769891653
22112,0.20123024070220263
22116,0.0716910928528463
22121,0.18593197684920482
22123,0.0540868761342143
22124,0.06124482529828452
22125,0.12514826231717868
22126,0.16254342339889538
22127,0.11769707951595505
22130,0.14556055059537631
22131,0.17743192138168645
22132,0.059303298205181786
22134,0.22854483917471308
22135,0.15978202898839644
22136,0.23313599448890576
22137,0.1781677380298604
22141,0.16656198047094545
22143,0.1364037893231791
22146,0.14687848516028434
22147,0.13126732396493176
22148,0.23354309714039556
22149,0.1212957966113801
22151,0.15905974511152562
22152,0.15429989035060782
22153,0.14564949058076404
22154,0.14841515679955003
22156,0.1700864858406988
22158,0.15056985375550308
22159,0.16845936713263482
22160,0.1528969964186677
22161,0.14082369890147273
22163,0.12346862636848563
22164,0.22600330992606266
22166,0.13372964525380782
22167,0.06338330571701509
22168,0.24598844121529226
22169,0.16993881025240481
22172,0.16665029311163632
22175,0.1387246444441373
22176,0.06436246705479626
22177,0.11521799914357445
22178,0.23803384836770886
22181,0.1336529116113748
22182,0.1313883107078902
22183,0.06086269777758998
22184,0.15006381394135104
22186,0.3344626624604545
22187,0.150206942159898
22190,0.16753238353714253
22193,0.12749362182978263
22194,0.13406803833721506
22195,0.1588068990973814
22196,0.06346473346513301
22197,0.22738343396497143
22198,0.05861922864906808
22199,0.16623247923830078
22200,0.1470840612558862
22202,0.22040107949434223
22203,0.14504054045283715
22204,0.13840080052463943
22205,0.12767892017087135
22206,0.14175174400769103
22208,0.13735369078258472
22210,0.11435464916317034
22212,0.2307237965969909
22214,0.13482629551042719
22216,0.16346135542149415
22219,0.15668596203481588
22222,0.1660990242115685
22223,0.2546213967965467
22224,0.13879721622636212
22225,0.15539227431307215
22226,0.06113322425341944
22227,0.2278030367344613
22229,0.12852758593682284
22231,0.14813283877487382
22233,0.13687989791367797
22234,0.26979635560875204
22235,0.12399842965189531
22236,0.1536656465104745
22237,0.16579501982294959
22240,0.12604635010344678
22241,0.16662873568135975
22242,0.14738920188997467
22243,0.14505574707139812
22245,0.1510529470995785
22248,0.17100389135545252
22249,0.13434030408444336
22250,0.16656836906555156
22251,0.14937153103499065
22252,0.055427215411966685
22253,0.14755772674374737
22254,0.1196849241693501
22255,0.14058968652591392
22257,0.12314569417726035
22260,0.15952813604557015
22262,0.14918345587999265
22263,0.15899976972290514
22264,0.14317515132529818
22265,0.14130866746876047
22267,0.3270864810205507
22268,0.16419274901718234
22269,0.23217793111989368
22271,0.05458843154764241
22272,0.15158267073793832
22273,0.15152313110308793
22274,0.1668376324888034
22275,0.06436430030820439
22277,0.39640402371308947
22282,0.15775939304095182
22283,0.07450356660460615
22284,0.058747269934309516
22286,0.17401326308014534
22287,0.058655761768139164
22288,0.12814001018190713
22289,0.13927470211346815
22290,0.12535095027638632
22291,0.13443837977825634
22292,0.061465521046974524
22293,0.14746265443351808
22295,0.1370739981349645
22296,0.12676130660712143
22297,0.151365412586417
22298,0.1459576510507213
22299,0.13806440995285646
22300,0.2060595029821583
22302,0.21414887400934254
22303,0.20224647434771392
22305,0.12058710416069504
22306,0.15581825915991482
22307,0.22713234019526035
22308,0.13206692350775184
22309,0.15664737025106723
22312,0.2569340110385718
22313,0.13557816152620822
22314,0.15550969786787594
22315,0.13235237702079272
22316,0.23582433960742133
22317,0.058929581675960685
22318,0.16759341511595244
22319,0.2664821868382439
22320,0.1636268598252552
22322,0.16605696425131106
22323,0.22181632158597278
22324,0.13872515434618682
22328,0.15321420626404467
22329,0.1324607704368055
22330,0.1318156183887777
22331,0.16425133851882795
22332,0.13960131534868186
22333,0.06391373170501903
22334,0.14984266386345704
22335,0.15664506193084632
22336,0.1718975376941234
22338,0.24767125300466258
22339,0.12463448169223179
22341,0.13290677597405548
22342,0.1410918232563537
22343,0.1546160423145171
22344,0.07755552633037655
22345,0.1601784644201194
22346,0.11847088849822734
22350,0.13218463460239305
22351,0.13735160695722748
22353,0.1425950576245773
22354,0.17514693174401158
22355,0.15372399253378635
22358,0.13375359124614739
22362,0.15638138434702514
22365,0.14638248388338423
22366,0.15813286159841083
22368,0.12695177862150828
22369,0.12902860640288477
22370,0.056649864352191694
22371,0.14243307857731224
22372,0.23872500988447076
22373,0.13157265612022093
22374,0.13276569068188349
22375,0.14042300112815506
22376,0.1382112924277456
22377,0.12578886914565632
22378,0.13320558313164688
22379,0.16052050522195493
22382,0.13784797610136953
22386,0.14343517651482407
22387,0.23749151407576236
22388,0.13394610019156292
22390,0.14732338372279796
22391,0.12466195236782507
22392,0.13102905534233356
22393,0.3070370712728463
22394,0.20656648607129807
22395,0.17348147429396416
22397,0.15645841648834247
22399,0.1628739231657323
22401,0.14874452399581678
22402,0.16306962403731107
22403,0.1400665896747236
22405,0.21665964072456945
22406,0.13540793194664516
22407,0.18179401760407182
22408,0.15640848615879518
22409,0.06068195373017418
22410,0.1266107534967193
22411,0.2633402091721251
22413,0.1626866106634436
22415,0.15533040770187007
22416,0.16706068436800664
22419,0.16678041662493903
22422,0.17044862579251316
22424,0.14301726887749397
22425,0.2621004370125211
22426,0.13017417724715652
22427,0.15320079028758823
22428,0.15242975117420793
22429,0.15246436929708565
22430,0.1272206736863674
22431,0.13710655580022682
22432,0.13762757534508863
22433,0.05508338862276754
22436,0.11245579336142758
22437,0.14229660083575701
22438,0.14093354945693093
22439,0.14404772807138605
22440,0.14295982213391445
22441,0.12851903160949008
22442,0.12768972519101707
22443,0.15513076911695609
22444,0.13011651309724404
22446,0.062144215966963685
22447,0.1401475611073823
22448,0.15615364984273175
22449,0.136982103525925
22450,0.15584205334867968
22451,0.1556462914396527
22452,0.22044235057238193
22454,0.055973020383450145
22455,0.3854261169084743
22457,0.14347782676950782
22459,0.13311465981656895
22460,0.1472393299762837
22461,0.1333292793510995
22462,0.1680450225290745
22464,0.12454893329720451
22465,0.14859144909612323
22466,0.23342479301649646
22470,0.2318248172716096
22474,0.16248688997194077
22476,0.12125487794265019
22477,0.1547701458061193
22479,0.16166829897095844
22480,0.25818943875142447
22482,0.14392571784723296
22485,0.12689130998321838
22486,0.14618996661106887
22487,0.13178461599082214
22488,0.06013043234872667
22489,0.12465656035900682
22492,0.1381454900395763
22493,0.15982680948126626
22495,0.13139229102875422
22497,0.1597875735870687
22499,0.1256682489605362
22500,0.12586638347681436
22502,0.1613935862447979
22507,0.14999978784326368
22508,0.054117382816868405
22510,0.13012784342191472
22512,0.14940755358091612
22513,0.12845735227187083
22515,0.16014317402132244
22518,0.13470175190943579
22519,0.1479376276673877
22520,0.15915872278815602
22521,0.10160184071149783
22523,0.16407853596201177
22524,0.36695991361701163
22525,0.1451495905559199
22526,0.23012238972124682
22527,0.12431749055108272
22528,0.13960608122065488
22529,0.11882718676837162
22530,0.15847187867335896
22531,0.12374940021292147
22533,0.13784433249528255
22538,0.13722518131922273
22540,0.058315416205114864
22542,0.15439311955237314
22544,0.13656732630557988
22546,0.08038285260221129
22547,0.22277901409271444
22549,0.12965349332503673
22550,0.3191775263227759
22551,0.252756841420199
22552,0.15198668409128271
22553,0.044402211386642104
22554,0.212671301146952
22558,0.06344615620784698
22560,0.12256699698691477
22561,0.2054458037401125
22562,0.18997051630933942
22563,0.25796610318539037
22564,0.219390722419536
22565,0.14337551851030925
22566,0.13497835875064895
22567,0.1510623626116716
22570,0.13186476854928963
22573,0.16436398099992539
22577,0.16875167128258273
22580,0.1333348912686948
22581,0.16869912068604065
22583,0.2147382065605769
22584,0.18060854348692681
22585,0.1332579045119508
22587,0.13689951475681283
22588,0.13520417532950663
22591,0.22701666545759078
22592,0.22967538263684573
22593,0.163757050959099
22595,0.21170273084496244
22596,0.23139036819191244
22597,0.138983305502286
22598,0.1393329982994827
22599,0.05806196260187857
22600,0.14834293454030706
22601,0.12981213734466157
22602,0.1600828710875627
22603,0.20334567667332323
22604,0.2588709587703052
22605,0.14600990752319587
22606,0.07672503881112477
22607,0.14021498129924637
22608,0.13862586944803518
22609,0.1383865865215611
22610,0.15341809189564337
22611,0.15861188098855233
22612,0.1521840229708773
22613,0.25885246109025734
22614,0.22281874003687394
22615,0.06767507569846554
22618,0.13781187038978898
22621,0.14459456656819397
22622,0.1338876330759487
22624,0.13337566634455345
22626,0.1669583464957892
22627,0.15945257385358313
22628,0.12820628838232834
22629,0.138047307730891
22630,0.12194627825408419
22631,0.12753557536200588
22633,0.13308937062517529
22634,0.14490098369098198
22635,0.13629816704831782
22637,0.13175302663245353
22639,0.1582647895384979
22641,0.1365097651235079
22642,0.14795763051110467
22643,0.18567009592172135
22644,0.3612896293477441
22646,0.13416904532929352
22647,0.2228663572907091
22648,0.13440756824722047
22650,0.2275776062196738
22652,0.14302830208731954
22653,0.14826755149500448
22655,0.25799084711268494
22657,0.048882185671511064
22658,0.1505247960146831
22662,0.1414426620120093
22663,0.13300980118541697
22664,0.23564950713413038
22665,0.15621748764543136
22666,0.24902833258799467
22668,0.15010418004603046
22669,0.1450658592709254
22670,0.16082526348926324
22671,0.1646701023593628
22672,0.12380247890109242
22673,0.05993556278013739
22676,0.12922811122364747
22678,0.15536892644467398
22682,0.1571880935969549
22683,0.1335868340521946
22684,0.12246166937935025
22685,0.14020762221513827
22686,0.1443993074887322
22687,0.2290531522842857
22688,0.12879231771574284
22690,0.1397937198471022
22691,0.1483454762748455
22692,0.1416021611429182
22694,0.13567013517076118
22695,0.1537196544410786
22696,0.05507079747265099
22697,0.2576369100692998
22699,0.23530421987101752
22702,0.27258640481166385
22704,0.10816510024862921
22705,0.16168761013528551
22706,0.18648906592206718
22709,0.0583911958379439
22711,0.22332717768791446
22712,0.14244523736324716
22714,0.15916974042932663
22715,0.1613625614058558
22716,0.13051161645342652
22717,0.2072739483687554
22718,0.05508802600972054
22720,0.3141445608189397
22721,0.07428727945123512
22724,0.1386028859574717
22725,0.14436652460534802
22726,0.25193500321996964
22728,0.13379505783490986
22729,0.10561401392866408
22730,0.1567842388338622
22732,0.17277974744522823
22733,0.22432362382131066
22734,0.15865295921092554
22735,0.3308738344748061
22736,0.14159480505845448
22737,0.13509248013900324
22738,0.049020255845887165
22739,0.23903090406045102
22740,0.24435153594623807
22742,0.14420550260177395
22743,0.15935534387599615
22745,0.15355772127947953
22746,0.0562674682474341
22748,0.3540173462821786
22749,0.21316185603670199
22751,0.09852570429283747
22752,0.16869663971909565
22753,0.3333262374685497
22756,0.11632355659524246
22757,0.052615853795798515
22758,0.2248907805495603
22759,0.1393205969386866
22762,0.13575035376915162
22763,0.20928891828088653
22764,0.15081261389648903
22766,0.06609112965197605
22768,0.06331096657264479
22769,0.13104654804072266
22770,0.12419048160107239
22772,0.248064547686445
22773,0.12471933888023856
22775,0.15376188419096487
22776,0.20643170243057107
22777,0.1476426134344308
22779,0.08100085307701203
22780,0.15567451466206766
22781,0.3421095187966442
22783,0.20314050703280712
22784,0.1621202370512493
22786,0.16661086773381378
22789,0.13315115901667945
22791,0.06390450346604702
22793,0.1632504153393286
22794,0.14686424915970672
22795,0.07278848770313151
22796,0.06260576182911734
22798,0.160770973589683
22800,0.14998460243332926
22801,0.1537041608244307
22802,0.16680906709761356
22804,0.07514222584627017
22808,0.13061904774656724
22810,0.3092683795234165
22811,0.13337239908128237
22812,0.05763711599515514
22813,0.1383546017676983
22814,0.15701398264625432
22816,0.12968299748467932
22818,0.1480148596247966
22820,0.24246147965869433
22821,0.05858977393887749
22823,0.1441957608964366
22824,0.13448890942034855
22825,0.138643715987195
22826,0.22930083917782684
22828,0.13235672611970922
22829,0.23281654020383225
22830,0.18977412884888173
22831,0.16735957087434056
22832,0.1381902316050388
22833,0.057008122001801484
22836,0.13796607425404706
22839,0.1210862022521301
22840,0.06090047615613953
22841,0.14701115368547601
22842,0.13463572588939735
22845,0.2003452253146957
22846,0.12851209238032485
22847,0.15308233195132182
22848,0.13164489126270704
22851,0.14593881786623078
22853,0.12448666126233504
22855,0.13778906800153043
22859,0.15062862022096374
22860,0.34033186933288206
22861,0.1280236345251616
22862,0.22054964751046224
22864,0.14427484929467976
22865,0.0483132406379424
22870,0.1409134235170424
22871,0.16232761987476627
22873,0.13236481679063505
22874,0.14921208794767976
22875,0.1309389686799931
22876,0.15289038200852798
22877,0.3217074175409592
22878,0.13178866768126432
22879,0.32957778562102813
22880,0.1534663103502752
22882,0.1450397174771937
22883,0.23748735612881122
22884,0.14901852057733483
22886,0.05184841932959826
22887,0.14241684443433933
22888,0.1171138112840096
22889,0.14915461770913174
22890,0.21903658626458583
22891,0.059074187181687485
22894,0.14636991775867716
22897,0.1547166208693697
22898,0.22622745210851716
22899,0.05977915588912938
22900,0.05893561435217642
22901,0.1360360374217075
22904,0.11893242559235534
22905,0.16384404118048435
22906,0.16640793475782595
22907,0.17161246556359624
22908,0.13734798653613764
22909,0.058266964414149976
22910,0.1584080099673726
22911,0.15229475783496443
22913,0.15277855199215634
22915,0.1646687062345623
22918,0.11963898513399615
22919,0.2404657873984076
22921,0.2309266135888039
22922,0.05846141577035195
22923,0.13615901647669176
22925,0.16198208750570992
22926,0.12368238439602783
22927,0.15546724665741712
22928,0.14416489379262504
22929,0.22553547656507955
22930,0.12481913029770672
22933,0.1347019754833551
22934,0.1544306736253256
22935,0.12413302694942616
22936,0.16447269045413665
22937,0.1379456872872748
22938,0.15086306918212333
22940,0.1282805598066838
22941,0.315027717882635
22943,0.14689885713932288
22945,0.12273066612026051
22946,0.14446426925948333
22947,0.19567373429648577
22948,0.2285163465005572
22949,0.23157885807410533
22950,0.1492983557918938
22951,0.14148957510116403
22952,0.15605816478411555
22953,0.1376028511387122
22954,0.14429969758216477
22955,0.3329429310632891
22957,0.3270530994809575
22958,0.1338984433995074
22959,0.13575183944266223
22961,0.16650328130886782
22962,0.12743375197381984
22963,0.11768289977659127
22964,0.15652532808288208
22965,0.1451776866648934
22966,0.13552233533409408
22967,0.15696753191109736
22968,0.33424177878232375
22969,0.12339001730561788
22970,0.1187827585933029
22971,0.15928937242583
22972,0.31678165867416486
22973,0.20076518591558273
22974,0.22566590702802214
22976,0.1427318080614547
22977,0.13406256496978255
22978,0.14330217792232097
22980,0.12979698967718983
22981,0.11763312558309774
22983,0.13197341729169804
22986,0.1313499010879379
22988,0.1412369447720179
22989,0.33344874542821124
22990,0.12021886699419493
22992,0.12765415693671692
22993,0.05912686550239496
22995,0.14373544604005303
22996,0.10911000060038355
22997,0.06782858975579403
22998,0.14351162473773038
23002,0.15326202372206102
23003,0.13187985325525498
23005,0.21787125136511598
23006,0.1305377104338598
23007,0.12044729420062127
23008,0.16111306402953604
23010,0.1536209504985881
23011,0.11100630780289433
23012,0.16528688928169136
23013,0.2378394319444691
23014,0.11151959342234778
23015,0.1407917801404897
23020,0.14964139192193654
23021,0.14131004364913208
23022,0.21808512100222063
23023,0.06054728690104208
23025,0.19896057400011707
23028,0.24342025468471204
23031,0.16112473528363225
23032,0.3305678322817393
23033,0.12765031433784924
23034,0.1484059103424059
23035,0.15837866725349764
23036,0.15295819110125758
23037,0.06318213042698773
23039,0.3078826233863142
23040,0.12349760149092343
23041,0.12740608384245206
23043,0.12951769104861618
23046,0.14569278379461306
23048,0.06225310956879395
23051,0.14471827764494913
23052,0.14662186171033792
23053,0.13357619815251345
23055,0.16460908028387064
23056,0.13001829569624468
23059,0.1691255419444299
23060,0.12165396585685512
23062,0.14624722882694052
23063,0.14925786327468077
23065,0.1362665028660517
23066,0.14953431028514153
23067,0.12247164836642369
23070,0.17291997502775183
23072,0.1352607304940482
23073,0.14158067163046345
23074,0.12876731436502736
23075,0.14134763288548796
23078,0.15417977535489277
23079,0.17254375705752978
23080,0.15783040973383491
23081,0.061829875790606795
23082,0.23025372495614937
23084,0.12629393519513502
23087,0.12853775987099686
23088,0.14673915195020115
23089,0.1611067940552511
23090,0.15801458529435247
23095,0.148089465311043
23097,0.1412217457244383
23098,0.06307609231998222
23099,0.1297738667433838
23100,0.14143139397315127
23101,0.14773037584314175
23102,0.17358271445624485
23103,0.22557552699770456
23105,0.1346183866561
23106,0.12532393001007563
23108,0.05289552475129039
23109,0.15157562425937976
23110,0.21133784012255297
23111,0.13176679209198125
23112,0.12121065951483317
23113,0.07370939291741777
23114,0.14359573285558336
23115,0.26531519134215553
23116,0.06819149332249819
23118,0.21118803900288818
23119,0.1189222405898179
23120,0.15625416706254067
23122,0.1591476122996645
23123,0.14437802448911158
23124,0.13159445405670828
23125,0.1382099255983372
23126,0.1507425622113574
23128,0.14586534009700025
23129,0.259527220220457
23131,0.12677780442729847
23132,0.14300876630418202
23133,0.24352309769481142
23134,0.1555834518363835
23135,0.14176597383118272
23136,0.13579664886031656
23137,0.06771684969633557
23139,0.15366537607217182
23142,0.04566875701449945
23143,0.1314161179107544
23146,0.15645029118032677
23147,0.12597333303028282
23148,0.12984271671646863
23149,0.12477304598135895
23151,0.13163760123193577
23152,0.14845558213491256
23153,0.3234546029073972
23154,0.14464422700326618
23156,0.16619616866704423
23157,0.1258296947063809
23158,0.1376324372756365
23161,0.1597837191086505
23162,0.1664519781506334
23163,0.14568316460556718
23164,0.19854553727855176
23166,0.2722602451420164
23167,0.1667223299606535
23168,0.1270955031664642
23169,0.13982112656937612
23170,0.13175942599563287
23171,0.15321774387832926
23172,0.05781053163094228
23173,0.22483689958714476
23174,0.13743714060730536
23176,0.14753365626320183
23177,0.13201523111357916
23178,0.1359762407381873
23179,0.13594781481451193
23180,0.1356812784569375
23181,0.3060720625090529
23182,0.1534573663237076
23183,0.1304650244291147
23184,0.1391412815834835
23185,0.14400002933272493
23186,0.13474834147233372
23187,0.23113357878972313
23188,0.14918284402371512
23191,0.14630931803976127
23192,0.1498741783509825
23193,0.14204603363693558
23194,0.1350809655445287
23196,0.1208502818649544
23197,0.13350937650461375
23198,0.14176929517423875
23199,0.06668154705589677
23201,0.23209089013597878
23202,0.16355473112599045
23203,0.13057277847522641
23204,0.06347062631453856
23205,0.16550134114438703
23206,0.141761676968576
23207,0.0559440554335586
23209,0.15535896407346478
23211,0.1467178407446855
23212,0.07665829819840922
23214,0.15527550024106043
23215,0.1356812826552195
23216,0.16463539245008668
23218,0.23417596642276695
23219,0.13150916850507763
23220,0.15770854919900185
23221,0.05959539358676287
23222,0.14616313781910534
23224,0.1391417675387778
23225,0.1512772292458625
23227,0.1451067422267964
23228,0.15690044156589894
23229,0.23708735066347897
23230,0.13171217755584066
23231,0.3139120020031394
23233,0.17852611470335394
23234,0.13527432609926637
23236,0.16153401223613245
23238,0.1470065704721855
23239,0.10698033768200903
23240,0.13433232848119675
23241,0.1512154316000644
23242,0.31548843844343805
23245,0.14521753071070836
23246,0.13106912447048846
23248,0.15474271976082488
23249,0.250327446697553
23250,0.13620523862393752
23251,0.15243074620749497
23254,0.16761227160494904
23255,0.16102050408150037
23257,0.3222770232180503
23258,0.16322947005781743
23259,0.13375046154913384
23260,0.1457923228403098
23262,0.1455960335181095
23264,0.15510137281706682
23267,0.16942314448799903
23270,0.1407201981050103
23271,0.1376831050538224
23273,0.15535056719472973
23274,0.1307969761530164
23275,0.14774989499802071
23276,0.1545272547920427
23277,0.14311447271400124
23278,0.1511078378814435
23280,0.2630591569575487
23282,0.23939657107853315
23283,0.13604914867010753
23284,0.16252458877303827
23286,0.14040747226914824
23287,0.15980299019494137
23288,0.1314543246243789
23289,0.15622828750281115
23291,0.06137331444464282
23293,0.22926836349370655
23294,0.1335421695534768
23295,0.15139324141019717
23297,0.13087141722873982
23298,0.13294925759127957
23299,0.146390402110452
23304,0.23396154466651603
23305,0.14275392478732768
23306,0.12240979419607995
23307,0.06494954957280247
23309,0.21306423317781414
23310,0.1483417916409216
23311,0.1670761231730853
23313,0.12961185545429718
23314,0.1682087523245439
23315,0.13665821483761512
23318,0.11506849419972189
23319,0.060741034202496026
23320,0.131147980235246
23321,0.15481458772614537
23322,0.13151132487974346
23323,0.17305283253219406
23325,0.1190453882142987
23326,0.14288519750813572
23328,0.32728687586544625
23332,0.04891493526814268
23333,0.05068248333788074
23334,0.36430713903257506
23335,0.13470854503028093
23336,0.147553298400857
23338,0.06272289911991544
23339,0.13573391920288203
23340,0.15083334883816774
23343,0.2195763629133063
23344,0.1422724734929236
23346,0.1110390745673544
23347,0.1422399870697843
23348,0.14136705384281054
23349,0.23363876871977263
23351,0.12510439659639033
23352,0.2087250907167174
23353,0.36889330497651385
23354,0.1471459238525374
23356,0.2868585761762079
23357,0.14317702635691926
23359,0.13102435710982507
23361,0.15111123777700694
23364,0.165500923088435
23365,0.14160510472682908
23366,0.21480450790670697
23367,0.13658805016702974
23368,0.16333402440580533
23369,0.20673303571745882
23371,0.14996711118526096
23372,0.15176836291888185
23373,0.1632926750185737
23377,0.13248810344644402
23378,0.1510869407918753
23385,0.142463497211776
23387,0.06464521641469458
23388,0.20498833607193379
23392,0.06409384305445989
23394,0.3118997838490393
23395,0.15913183298281164
23397,0.2804801612324283
23398,0.0594744352093213
23399,0.1427464491278735
23401,0.1485270588904167
23402,0.15630002050439262
23404,0.15971540394734343
23407,0.24912541647481418
23409,0.13436976740767814
23410,0.17623725785398886
23411,0.05939259654775961
23412,0.1378887215425592
23413,0.08332353086277919
23415,0.14848544021229254
23416,0.14146243731521121
23417,0.13227197694859222
23419,0.12881948518435724
23421,0.06258486341653999
23422,0.12977388372267457
23423,0.13852321485885577
23426,0.1436007352081104
23427,0.1337142818689262
23428,0.1361269245486622
23430,0.16971206497642827
23431,0.1373544874079626
23432,0.130754296824225
23433,0.13090489383444898
23435,0.049827879411882825
23436,0.13115740722437028
23438,0.13771222216808243
23439,0.06132669209743989
23440,0.1452706172325641
23441,0.05699814167164033
23442,0.12928866285550786
23443,0.16221311482776102
23444,0.15112928108376128
23447,0.06158352642023289
23450,0.15490449590425298
23452,0.13616057311326057
23453,0.1397601443516019
23454,0.13972122156937034
23455,0.061673594631458106
23456,0.07331656510948731
23457,0.161452656874014
23459,0.12702290067408303
23462,0.1600763249087683
23463,0.21100115870297928
23466,0.146869742743683
23468,0.1514887999902327
23469,0.135024943145303
23470,0.1348038843806369
23471,0.2160239191603031
23472,0.24098172016903488
23473,0.14043406674761055
23474,0.21539572880606714
23476,0.1846999510153356
23477,0.12802370525248044
23478,0.15641414407852466
23479,0.22501336438230057
23480,0.13939568807415353
23481,0.1339096140516944
23482,0.12064115927502408
23483,0.2287858296932465
23484,0.1546947939261133
23486,0.12874441936550612
23487,0.13340288266838443
23488,0.13747887610750936
23489,0.1341269355280547
23490,0.23572556809599127
23492,0.14746263176210211
23493,0.04408616279577925
23494,0.25648837207446307
23495,0.3370207645381559
23496,0.1643735116885241
23497,0.14665227164910388
23498,0.11544542126891984
23499,0.15030212300718696
23500,0.12967669366948836
23501,0.05594913253727814
23504,0.16378920059900312
23505,0.12503617415549062
23506,0.14109435872975598
23507,0.2804624843705949
23508,0.14297353677804098
23509,0.13797364445369253
23514,0.15124597348603777
23515,0.07377034627520607
23516,0.05972535918352585
23517,0.26910811894830844
23519,0.24207486033133274
23520,0.13779578959207733
23521,0.13807093839850376
23523,0.12610827202530842
23524,0.14651706404216258
23525,0.15603984024537432
23526,0.13660423157899743
23528,0.14159123828455766
23529,0.13101694240785014
23530,0.14204656508306002
23531,0.16786837480947736
23532,0.06160053430055342
23533,0.05470779734020141
23534,0.05649276951334177
23535,0.13067875006195107
23538,0.1338553593350007
23540,0.05964445438021851
23542,0.05900818721916951
23544,0.16497528841407993
23550,0.248434782388551
23551,0.2297022767325379
23552,0.20239525512290815
23553,0.14376520754708716
23554,0.14283953649108116
23556,0.14251812762402394
23557,0.1466248454583597
23560,0.1310538346145373
23561,0.1362917696849847
23564,0.13195510409312294
23565,0.14652757363682867
23566,0.13529636953501106
23568,0.24179287099747312
23569,0.05199969018625794
23571,0.15942228212144402
23572,0.05401474604128524
23573,0.14648087555156447
23574,0.1357032099258313
23575,0.1397116694189769
23576,0.1528245592711892
23577,0.12668442583189768
23578,0.22615861963653494
23581,0.23452664868174872
23582,0.14582777634905608
23583,0.1389467075668886
23584,0.15260051169591254
23585,0.11650887713509842
23586,0.13733247629431533
23590,0.11532413106705627
23592,0.07229523987785721
23593,0.1337569157748994
23596,0.15351204582885605
23598,0.1488245089075928
23599,0.12956960354878322
23602,0.1464604339692378
23603,0.25094610488484
23604,0.2281532754666532
23606,0.11603814376619116
23607,0.12651464810169386
23608,0.11298514469967164
23609,0.25757909824115066
23610,0.1567540874187186
23611,0.10354630858804265
23612,0.06547530544374976
23614,0.06234369673717835
23615,0.15423720117471124
23616,0.14115176077013078
23618,0.15115143690799338
23619,0.1352981981606433
23621,0.11201847704644269
23622,0.15246549199229467
23625,0.13439506219291839
23626,0.13944305144325086
23629,0.14112160825156667
23632,0.15211162131804895
23633,0.14302658031106788
23634,0.12605538202496538
23636,0.1536451341608962
23642,0.12533050770008236
23643,0.1303283650945427
23645,0.14449818714689325
23646,0.17642321632724295
23647,0.15168110677753566
23649,0.25515389125366117
23651,0.13085241199364328
23652,0.13318424698538975
23653,0.11812363217007274
23654,0.33454466966399893
23655,0.14083802694473432
23656,0.1438359282985546
23659,0.13660522844142017
23661,0.06508432704867595
23662,0.14058764266010337
23663,0.15944285038206382
23664,0.15653166451546352
23665,0.1264849996437718
23666,0.1502792915763452
23667,0.13747307160553135
23668,0.05405630504108683
23669,0.16588818526090043
23670,0.1317829849633032
23671,0.15014247640677378
23673,0.13280223537479413
23674,0.12720393367356453
23675,0.14841484462909282
23676,0.22156650245329806
23679,0.209147464859266
23680,0.13146905133926198
23681,0.13450634686225799
23684,0.335408223191901
23686,0.14882741819719186
23687,0.14310288273622623
23688,0.05154052955571846
23689,0.15215825622085433
23692,0.3324962346810541
23693,0.1345869516148559
23694,0.15281756828594323
23696,0.11665040746356178
23697,0.14545543176604153
23698,0.1473307684772317
23700,0.12768733644560512
23701,0.1601178040995567
23703,0.1647135777291674
23704,0.1350031850866461
23706,0.054438172875574356
23707,0.14271456771622792
23711,0.13355162371458645
23713,0.3047104238098625
23714,0.153789723155573
23716,0.1250142136516852
23719,0.15335838629507417
23721,0.12610690812168618
23722,0.138701837321479
23723,0.16974443040288795
23724,0.14131488864832079
23726,0.0494591275439991
23728,0.12716859824024332
23729,0.22926457460512772
23730,0.3617835222441077
23731,0.13548225039123263
23733,0.14563193884955739
23735,0.12709491406442786
23736,0.11562685799440911
23737,0.11650505621916478
23738,0.23045626333031238
23740,0.1477259200591861
23742,0.13565487305171364
23743,0.22514681186557622
23744,0.12247506878366116
23745,0.2276428712626526
23748,0.15879425862035657
23749,0.30568965601540954
23751,0.2238089123996438
23752,0.23603114409215886
23753,0.12876738017974035
23754,0.14874517741060808
23755,0.09741340699015129
23756,0.1310025508375277
23758,0.14376866286598394
23759,0.2332065135396793
23760,0.12922707731210378
23761,0.2589236293810844
23763,0.06160553026574287
23764,0.21863287049636257
23765,0.12257777264420647
23767,0.12903913729135041
23768,0.13285526631790132
23769,0.13323253969601723
23771,0.15443878312899298
23772,0.1290791444870717
23773,0.061709885608604284
23774,0.2404847110361041
23775,0.06060103036819532
23776,0.08374022715033057
23777,0.045448047511768605
23779,0.1298384698828475
23780,0.07433108591698173
23782,0.12281320076818333
23783,0.11040881841039846
23785,0.2048226267563314
23788,0.11648765174332609
23790,0.16412929209264143
23791,0.1341666225311563
23793,0.16073481606588605
23794,0.160412154042697
23795,0.13213022494591864
23796,0.1488542657186862
23797,0.16334594640077538
23798,0.04691332126232864
23799,0.1338205677237886
23800,0.2027209346546085
23801,0.1296865050439035
23803,0.13478925538074005
23804,0.06388946578523505
23806,0.12888864478877549
23807,0.17119711355511974
23808,0.04866995417957378
23809,0.14060367870038615
23810,0.20588187471302982
23815,0.1582540506790195
23816,0.14615886021723826
23818,0.1325000574853753
23819,0.3187191736226243
23821,0.15406679723940753
23823,0.14094103472301078
23824,0.14367192760180092
23825,0.15211864321986387
23829,0.14105054448391247
23830,0.17802503739362247
23831,0.05461666781224791
23832,0.14448215556546554
23833,0.24650664847585274
23835,0.1377665590915992
23836,0.12954655351924976
23837,0.15099891967253581
23839,0.07536970960040874
23843,0.2802022335840742
23844,0.15241284447390957
23846,0.1591420959968673
23847,0.13432578287775293
23848,0.1348696995686197
23852,0.14949133648558513
23853,0.1338532529734231
23854,0.14588170385845187
23856,0.14292295360885113
23858,0.15311035641651394
23859,0.34249410737670427
23861,0.14976390412581259
23863,0.1457212505576576
23864,0.15546534531769846
23865,0.1565381718300513
23866,0.13602120071496981
23867,0.128419124483366
23868,0.13834708733363818
23869,0.04590306671811142
23872,0.14622712528615056
23875,0.13363964735569556
23876,0.15370844280083268
23878,0.1262657741262503
23879,0.13105712440785278
23880,0.23371099656443967
23881,0.1562935094094112
23883,0.15707027957119313
23884,0.13555438745319592
23885,0.15174114241645192
23889,0.22081745348980814
23890,0.13876077837136536
23891,0.14652896931834242
23892,0.16871411641359169
23893,0.17204605951243865
23894,0.14190939692239973
23895,0.12579495914425057
23896,0.09418444007735813
23897,0.13334216201669252
23898,0.1729523892916085
23899,0.05966584822144823
23900,0.12000583437521715
23901,0.1430238493995713
23904,0.15593965396309323
23906,0.23321454160340202
23908,0.159416018736805
23909,0.1429897213107672
23910,0.22374697196528906
23911,0.1711607177997141
23912,0.13779420857363922
23913,0.16767589233926328
23914,0.23578597930855646
23915,0.1560350151520028
23916,0.14101410028364014
23917,0.1478068934093307
23918,0.13011810670247945
23919,0.23169398283469284
23920,0.13080047278671475
23921,0.13672435455396792
23922,0.22857520882059376
23923,0.22519150490587664
23924,0.14217132327001702
23926,0.1300864304710872
23928,0.23051844797480053
23929,0.256541099461701
23930,0.14542670545630754
23931,0.05917002864316123
23932,0.11142565531369682
23933,0.13498292367829132
23935,0.17279881981788864
23936,0.13835862936486798
23937,0.12901254318468233
23938,0.2454993915780201
23939,0.1487008632525247
23940,0.31185566151264316
23941,0.13710668854867064
23942,0.1455400346108869
23943,0.054269962889708694
23945,0.15452313162664794
23946,0.13916002018402052
23947,0.1393460791461385
23948,0.30485668615797934
23949,0.16268600810680456
23950,0.14017012055501832
23951,0.13649480264551372
23953,0.1404107526572528
23955,0.056111461330505694
23956,0.14205300128544923
23957,0.2270597492025562
23958,0.1493570698106708
23959,0.3302311456144802
23960,0.1381895805326677
23961,0.15498457093219148
23962,0.10954792340411268
23963,0.13627623976736758
23965,0.1433777507438475
23966,0.041000779958327016
23967,0.1466656893768623
23968,0.11778793452577185
23969,0.12773511965983983
23970,0.2678197125991899
23971,0.140721637259708
23972,0.2257605613380238
23973,0.1364337795327017
23974,0.17376755558757745
23975,0.05117268266248408
23977,0.14365974396128284
23978,0.12558521715129442
23979,0.11616307700898343
23980,0.13816689470305976
23981,0.13169652734401593
23982,0.14518915555896156
23983,0.05239713403555855
23984,0.05555190421646103
23985,0.1425645822419046
23987,0.2645811582191145
23989,0.15209597232906885
23990,0.26661146890023646
23991,0.22311621823195738
23992,0.13299194883988663
23993,0.1366496999393476
23994,0.12926928773285873
23995,0.26371090470890113
23996,0.24248070804734456
23998,0.149446246717519
23999,0.1332537276677091
24000,0.13125182760643553
24001,0.21654533109385826
24002,0.13882384307500611
24003,0.13771769145363194
24004,0.06525167655525788
24005,0.15292908721678034
24006,0.14455974177787076
24007,0.1397218878478254
24008,0.15979934428782294
24010,0.15006264051261356
24012,0.13010079564567975
24014,0.22602100266166142
24015,0.3124666848192994
24016,0.3318501688604753
24018,0.13602120656426328
24019,0.1512180534124576
24020,0.21535410973976077
24021,0.14411485448218048
24022,0.234397456842319
24024,0.16483495900966194
24026,0.17260922651879834
24028,0.14322861928075895
24029,0.1460069244268157
24030,0.1474244041783412
24031,0.15723421395287873
24033,0.052221033897858316
24034,0.3924981405583083
24035,0.23313985458890374
24036,0.13281998887954682
24038,0.1403461240943231
24039,0.14006757629298777
24040,0.0581429958621009
24041,0.1235683137492955
24043,0.23450017286500335
24045,0.259444031418116
24046,0.14446164958255137
24047,0.15140713467054065
24048,0.24306884380357166
24049,0.24143711787682537
24050,0.38786495254318537
24053,0.05249665339936056
24054,0.05658212088134202
24055,0.140048034243123
24057,0.14534626780248172
24059,0.14522748724814805
24060,0.15785884761924654
24061,0.1574467568666929
24062,0.1451266585956278
24063,0.2016605720575046
24064,0.34649196386897846
24065,0.2317360142980921
24066,0.13346547915198775
24067,0.06398698343633942
24068,0.16207257685261922
24070,0.1608736046248715
24071,0.12550137849470683
24072,0.2505966371473858
24073,0.05677131712518027
24076,0.1345467895910314
24077,0.11994548234287147
24078,0.13953031152815942
24079,0.1379684540656983
24080,0.1339856027131549
24081,0.15695241894536655
24082,0.05819375791416061
24083,0.12345344208177345
24085,0.14939942943928813
24086,0.13992373563217558
24087,0.1582959752195383
24088,0.15973928613292976
24089,0.134058201244792
24090,0.37698412942788895
24092,0.1286014236145855
24093,0.15726932978954294
24094,0.05506208090059428
24096,0.13014380776316653
24097,0.17019674979481697
24098,0.14976318555115564
24099,0.13304886855164794
24100,0.1505677252681542
24101,0.11174099883814312
24102,0.23149832382442193
24103,0.1455092599773104
24104,0.12803544865483124
24105,0.1342858836291998
24106,0.16631633886077868
24107,0.14143635517452274
24108,0.12628153107343965
24109,0.14839804519898192
24110,0.057836364646310354
24111,0.13894272450818035
24112,0.14382559280397844
24113,0.06355323688428217
24114,0.14646562285471498
24115,0.14434466924241768
24116,0.06915763526384683
24117,0.15131759150938062
24118,0.13910718340652334
24119,0.3172749577411081
24120,0.13106586663029723
24122,0.05641041912630856
24123,0.14255799358215326
24124,0.1355215818868849
24126,0.16979042804858052
24127,0.24174991049801134
24128,0.32400830199807584
24129,0.12645499334285631
24130,0.15265814556633428
24131,0.04847481444923289
24132,0.36186607994655884
24133,0.05872453963217131
24135,0.14687710827506456
24136,0.1195752965805319
24137,0.13713458539243567
24138,0.22935287602699506
24139,0.13919599766227397
24140,0.13726063229051472
24141,0.07090173685348466
24143,0.15890867763179592
24144,0.11807553332849834
24145,0.13634743176765002
24146,0.06433298402156074
24147,0.17712063136869774
24148,0.230415834005866
24149,0.1332704161518526
24150,0.16799760463643268
24151,0.14441897586600325
24152,0.17969328309289817
24153,0.13750155699129937
24154,0.16710280539966643
24155,0.13531555179879973
24156,0.13329576768984525
24157,0.14142901093759275
24158,0.24671998661773253
24159,0.2398333955489929
24160,0.21258494226313027
24161,0.1486146940729063
24162,0.06643910588457325
24163,0.14862349936442423
24166,0.3710319896387561
24167,0.13763457402816415
24168,0.2303603860227484
24169,0.16056026119504854
24172,0.16205198400283233
24173,0.15750221841939827
24174,0.06725338682618813
24177,0.06461179127429385
24178,0.36710809300048536
24180,0.32742784833170463
24181,0.15564183640739182
24182,0.15332024552256537
24183,0.172600313790724
24184,0.16435750736516974
24185,0.07691519014042661
24187,0.1603663884967714
24189,0.17466148526798408
24190,0.3186920239942811
24191,0.17146571707733438
24193,0.05980369888907522
24195,0.22865308271023663
24196,0.16422521362808307
24198,0.15530616615105458
24200,0.339314120304118
24201,0.14415551788980785
24203,0.14416221484959174
24204,0.16420449293799455
24206,0.15604070061767253
24207,0.23929562054514378
24208,0.13432349192265267
24209,0.14613120335066954
24210,0.13505218705501326
24212,0.11852464347942393
24213,0.16896683959540915
24214,0.1578491315111251
24215,0.16306494011685538
24216,0.2447299625664705
24219,0.13276929116456715
24220,0.15970275136922923
24223,0.23498336762727
24224,0.13388886902546712
24225,0.14764350433558562
24226,0.23219695398124068
24227,0.12630348132617983
24228,0.12662915166318267
24229,0.1476444959758639
24230,0.13623817844220287
24231,0.23157490484287863
24232,0.06256146193499601
24233,0.14900589755319815
24234,0.13894185815782167
24235,0.10816734646363893
24236,0.33423862137522
24237,0.13731197003951504
24239,0.17129049869678242
24241,0.1354149875349753
24242,0.06927068232884037
24244,0.13548319699841013
24245,0.26530644270718584
24246,0.14158340983950846
24248,0.14805562376866188
24249,0.14007354876781686
24250,0.21462480576926002
24251,0.13096130334050898
24252,0.1284403979890992
24253,0.13689565319434205
24255,0.2515821380726171
24257,0.13255364855722773
24259,0.13191912459123262
24260,0.13510432439195053
24261,0.16052232831527424
24263,0.11906939234937913
24264,0.1320505114561829
24265,0.149454870867982
24266,0.15769819869678103
24267,0.13152478235968992
24268,0.3181584861362915
24270,0.14580385192380205
24271,0.17478057233903882
24272,0.06605321564263002
24274,0.23091930280022688
24275,0.13860182598588613
24277,0.15232106375684268
24278,0.06096937600389102
24280,0.12970701599037188
24281,0.15143592484913576
24283,0.15725173556485736
24286,0.15657866297035677
24287,0.1543282776085798
24288,0.1461208537055383
24289,0.1523354384073337
24291,0.1342268034977609
24292,0.20735961464262073
24293,0.050984608046701636
24295,0.1391777002133602
24296,0.14487560489777274
24297,0.23036638742518054
24298,0.1634213268212495
24299,0.16726437710590575
24300,0.1344491824088233
24301,0.14125024298700267
24302,0.1441956801993871
24303,0.36760078544401686
24304,0.24561401756740983
24305,0.15353605989665225
24306,0.1590615825386735
24307,0.13163832356559496
24308,0.15533272280704719
24309,0.06281726776295271
24310,0.14131621492890217
24311,0.14276039591013817
24312,0.1413537816188079
24313,0.13352366043362943
24314,0.14681107414608702
24315,0.10660044842930501
24316,0.11858346899299246
24318,0.057419705521709774
24319,0.24608689711707749
24320,0.15146690422997763
24321,0.14696700892806705
24322,0.28540130288001
24323,0.28724725424093156
24324,0.14121423551171727
24325,0.31374240486111243
24327,0.15704336007392333
24329,0.25857696957450466
24330,0.17596851453350032
24331,0.1452706059759176
24332,0.18034039760561332
24333,0.3272623103019209
24334,0.11566177938295175
24335,0.2086866316695422
24338,0.1386294911076009
24339,0.05282606368215073
24340,0.1380818374864076
24343,0.32633359830040176
24344,0.058264333016755765
24345,0.15483020909874734
24346,0.13829350235797266
24348,0.24543097178235151
24349,0.15112661225694898
24351,0.12278934391451735
24352,0.2340118408034256
24353,0.13220044283765175
24354,0.33353567650363863
24355,0.15931589778405908
24356,0.1416814448985273
24357,0.13858144595147429
24358,0.231219641345994
24359,0.1309320236911262
24361,0.14294753213344574
24362,0.13125029977475536
24363,0.06914208017622567
24364,0.1294033168051441
24365,0.26029573280929313
24367,0.14270594100337933
24368,0.04833630085032005
24369,0.13402323275054084
24372,0.1515523335210428
24373,0.13498476804239645
24374,0.1365271302274175
24375,0.12116799213123439
24377,0.2233550146819172
24378,0.13332225052500424
24379,0.33789298408001667
24380,0.13165587195665968
24381,0.14602653077301186
24382,0.14525988333701212
24383,0.15206560026713084
24384,0.0608427116323747
24385,0.12159013938199742
24386,0.06431153451345425
24387,0.15563623574604785
24388,0.15159339954437276
24389,0.12525176017053682
24390,0.07534412488606176
24392,0.14604873822801462
24394,0.14478752652607813
24395,0.2661701391419392
24396,0.3609111049876518
24398,0.1526317765737209
24399,0.04482258493802155
24400,0.06074328269846753
24401,0.12064338092971308
24402,0.13659381574091092
24403,0.1250390993024766
24404,0.13300679261812404
24405,0.1782270979134251
24406,0.25787254301607754
24407,0.15527026101221386
24408,0.15058316389628126
24409,0.17054108812583987
24410,0.06300892629754004
24411,0.14545649901983504
24412,0.060893898797245494
24413,0.07234204145701628
24414,0.1370809828202646
24416,0.2330443726040708
24417,0.16067317060367028
24419,0.13012845549345115
24420,0.1223389185306012
24421,0.06642056252855799
24422,0.13399179740119127
24425,0.2680610038498092
24426,0.06280970264136726
24427,0.24149380488970207
24429,0.16447705983623084
24432,0.12181639014247533
24433,0.14922100549499165
24434,0.14193133685046186
24435,0.3508246585817804
24436,0.1530080275585507
24437,0.13985265844098504
24439,0.13677846737016236
24440,0.14523384810170656
24441,0.14599628423943456
24442,0.18186445650065225
24443,0.13590492979533397
24444,0.15257000074946309
24445,0.14007691732075958
24446,0.12861252171542442
24447,0.23464622803904206
24449,0.15570679562305922
24450,0.130700945609513
24451,0.1670202172603122
24452,0.15156438456136237
24453,0.14730198068026626
24454,0.06736362708950862
24456,0.17849793951781223
24457,0.13638904962904785
24458,0.1499468142233212
24459,0.05737929797993056
24460,0.1356448817359634
24461,0.14350421852843798
24462,0.12037841895358671
24464,0.1606204179097483
24465,0.060914970625369824
24466,0.13297860542034334
24467,0.1358269990969706
24468,0.17598349426468227
24469,0.12600839080031118
24474,0.1653236912666335
24475,0.05538165020371913
24476,0.16583429334952698
24477,0.1809400639763732
24478,0.25837405921035655
24480,0.14292865450173403
24481,0.13277662540858248
24483,0.12159513363341962
24484,0.13347549511304416
24485,0.17754230806985039
24486,0.24220022634695806
24487,0.14270391208797684
24488,0.13185172254809158
24489,0.1482787789744313
24491,0.137840660441639
24492,0.22205052327194208
24494,0.050199224230478
24496,0.13688626338700932
24497,0.15136253282739764
24499,0.13376286063278586
24501,0.13129065027618225
24502,0.2376068504260267
24503,0.31434844771086784
24504,0.2620981233859987
24505,0.21176025004585233
24506,0.15437179164575102
24507,0.1396393425020718
24508,0.11206888342081445
24509,0.14351641327992237
24510,0.15776873739937908
24511,0.21432419458133695
24512,0.05497283289321857
24513,0.17425838277106626
24514,0.1411580901548724
24515,0.14413518173208462
24517,0.2379723793717751
24518,0.06108716155441244
24520,0.06753674793408052
24521,0.06389309758481182
24523,0.12723010177235783
24524,0.06000884490463062
24526,0.13060600401379796
24527,0.13898159120316259
24528,0.13298219457961757
24530,0.14885549973593187
24531,0.17192622853589568
24532,0.23009453071446861
24533,0.1558630010325877
24534,0.1434685083747775
24535,0.2294759249906152
24536,0.15487491741210424
24538,0.15375572619501932
24539,0.13614302749954288
24540,0.25102914230383366
24541,0.14598421699342373
24543,0.166483481181572
24544,0.14856509383081365
24546,0.15580029885880742
24547,0.25125158593574826
24548,0.1379122213504252
24549,0.1672229905758072
24550,0.3079263635419578
24551,0.14598862802507995
24552,0.1344224787125274
24554,0.24620965945091483
24555,0.23130593739983082
24556,0.12226989647003542
24558,0.19949142407553935
24559,0.3288018120355437
24560,0.1502994633099935
24561,0.12620874517996888
24562,0.22109493925181695
24563,0.20985400171326019
24564,0.13856388010296308
24567,0.14652681971765172
24568,0.12318658756720216
24569,0.17534789312953644
24570,0.20040776542285127
24571,0.16265572671141504
24572,0.3168402160906285
24573,0.24986553400874256
24575,0.2509925966126157
24576,0.15327146201375885
24577,0.14617349233679966
24578,0.2767416140371843
24579,0.13339694666652077
24581,0.15078921010236523
24582,0.14043559810198347
24583,0.13087290695704115
24587,0.1590266829876467
24588,0.13482709327925652
24589,0.16715985888118637
24591,0.1455229239020725
24592,0.06301062269389893
24593,0.13328981286014785
24594,0.1538132389047262
24595,0.24891008717705604
24596,0.135225838986956
24597,0.13559285680916525
24599,0.12349412924133611
24600,0.15182689018836953
24601,0.13886260894634136
24603,0.3341396836759409
24604,0.1478084851309573
24605,0.13069135397907067
24608,0.1372780425914361
24609,0.15675967622946257
24610,0.12126989955926223
24613,0.15791945157906384
24614,0.15620374119715005
24615,0.13850928896216155
24616,0.06016859274204306
24618,0.2184119855069444
24619,0.15377301598450083
24620,0.15732983110799692
24621,0.12944109993532849
24622,0.165226797859879
24623,0.14159593927055958
24624,0.15989030620811245
24625,0.16778555877177928
24628,0.16106358088015058
24629,0.14424406543351234
24630,0.21808652758539712
24631,0.23612093812654372
24632,0.21654180506395715
24633,0.12725037191300928
24634,0.19080992512215258
24635,0.16366896418822133
24636,0.17374551666830562
24637,0.2287122493638036
24638,0.06861475106104847
24639,0.13274760944368413
24640,0.1618269404510465
24641,0.15034983762655857
24642,0.06102409005491784
24643,0.12839028663780772
24644,0.13592368658863146
24645,0.11956574015188279
24646,0.13759747520429771
24647,0.13307293699108996
24648,0.2255603337751702
24649,0.1504342889662691
24650,0.11800001096666918
24651,0.14743758053000527
24652,0.11720844214190382
24653,0.37074385262875903
24654,0.2551981711729964
24655,0.16516690357178615
24656,0.1502892742343502
24657,0.1234736101064193
24658,0.06376700601542362
24659,0.13407503806494478
24660,0.15391287953797067
24661,0.317909102203434
24662,0.14013755905899533
24663,0.25478302344216014
24664,0.13009596519343317
24665,0.14823490375086848
24666,0.14862306731823077
24667,0.13233569422571587
24668,0.15924596656582946
24669,0.1315470304607595
24670,0.34343850467146564
24671,0.15727587278117933
24672,0.39122418996160246
24673,0.15627323579514724
24674,0.1546014558326798
24675,0.1538392652017488
24676,0.1313330501834565
24677,0.2750925130275045
24678,0.13238061551371536
24679,0.13410561731542808
24680,0.13014946999818755
24681,0.1456045096105536
24682,0.1268623110229453
24683,0.16143528765173534
24684,0.2529387377282932
24685,0.14374280604942585
24686,0.15881621715922495
24687,0.15120865892051286
24688,0.13646888308276983
24689,0.1327716604748803
24690,0.1517000909916718
24691,0.1518197866800008
24692,0.1147752151644576
24693,0.17178304324271593
24694,0.1409134633218571
24695,0.21850750611292696
24696,0.1726526907387443
24697,0.15802783578653823
24698,0.15032994944195324
24699,0.12246253422852404
24700,0.06079345766748985
24701,0.15336604770856002
24702,0.34535403734152725
24703,0.13317751027128932
24704,0.15663829877874458
24705,0.25014162078331703
24706,0.1691326687866556
24707,0.1334670574519186
24708,0.13644537448408617
24709,0.13556391648531077
24710,0.13952502704568265
24711,0.14877318539308576
24712,0.15825644391605634
24713,0.1410447837913823
24714,0.3235959589023405
24715,0.05242567713313005
24716,0.06620626295215547
24717,0.14132546340263671
24718,0.14817647766105246
24719,0.1509171775805706
24720,0.223276704335439
24721,0.18133194340592387
24722,0.14288796629449863
24723,0.15863418970274568
24724,0.08857686715383314
24725,0.3382068070257793
24726,0.16501134893639596
24727,0.13417117619355118
24728,0.12209400061534058
24729,0.15027413975278509
24730,0.16526370277918012
24731,0.14500523313311772
24732,0.3321922508764695
24733,0.13004236116570778
24734,0.14444033297066222
24735,0.14526915904918003
24736,0.3486644538653818
24737,0.31255571525054265
24738,0.22337551199184325
24739,0.17759766630447038
24740,0.1361888515255646
24741,0.17253597400864806
24742,0.1657026071328549
24743,0.06207578879566456
24744,0.13786416149952924
24745,0.1394145689856886
24746,0.15874800071370207
24747,0.14100252108985506
24748,0.172192862997345
24749,0.17671279522705308
24750,0.056339005844316115
24751,0.13494765828606442
24752,0.13386347073403576
24753,0.14358663376097913
24754,0.26215004885749527
24755,0.31671769416934126
24756,0.1637247530214298
24757,0.25465779314978054
24758,0.06490486878584323
24759,0.15620233553527268
24760,0.1414025339404844
24761,0.15841424834675247
24762,0.13731261060462463
24763,0.05735055695094758
24764,0.1500680788649894
24765,0.1343320587649555
24766,0.15688354515424802
24767,0.15292162016730945
24768,0.15933455536342786
24769,0.14044838943527957
24770,0.1411464644655885
24771,0.14817535630825418
24772,0.1714079657567336
24773,0.1383558588273089
24774,0.17055544329434663
24775,0.21902994797212622
24776,0.15856850401253347
24777,0.11541674872324889
24778,0.1590725332709649
24779,0.14729074483151366
24780,0.1733034756273032
24781,0.1223094348261151
24782,0.0667095086152891
24783,0.12680056407176143
24784,0.2660463694942534
24785,0.14028796441812802
24786,0.14350830764447092
24787,0.1335204301832295
24788,0.30724273982906114
24789,0.13532893197599094
24790,0.17378068474814443
24791,0.16359695735578544
24792,0.1579411186100312
24793,0.15148059193635688
24794,0.21749494498140703
24795,0.3139448764282209
24796,0.09897068099703016
24797,0.14602028753111074
24798,0.1363141720110959
24799,0.1588817958699993
24800,0.30159436408348744
24801,0.3354858861930681
24802,0.30040232364876207
24803,0.12921527745837652
24804,0.14048776762038262
24805,0.1613017734625386
24806,0.13748893298122955
24807,0.1459249909161924
24808,0.11564751136164189
24809,0.2330756935495422
24810,0.34723785937564144
24811,0.347599821056922
24812,0.1311136662999839
24813,0.1334405276013051
24814,0.14740143021653745
24815,0.1460188777850072
24816,0.135350832010395
24817,0.14000772322998853
24818,0.127028902266823
24819,0.15242829939047675
24820,0.05068236956582012
24821,0.3791086398003776
24822,0.12826917080644903
24823,0.26944444679962976
24824,0.14363883117901405
24825,0.21990051518611892
24826,0.12879919342992618
24827,0.2496948006395337
24828,0.15643421723188383
24829,0.13866373158527956
24830,0.1365832878378353
24831,0.1616678674581019
24832,0.12565782013653293
24833,0.1482418304190815
24834,0.1696734097978316
24835,0.11266871176545123
24836,0.14772613880733249
24837,0.23125413231034947
24838,0.1427342338386267
24839,0.3591952361126321
24840,0.13175193032974913
24841,0.14482478639568203
24842,0.06267352695724505
24843,0.1528209161154715
24844,0.1409751868197457
24845,0.06778185322317554
24846,0.1413688968662768
24847,0.29534773402881903
24848,0.16271864100764824
24849,0.14687893911054778
24850,0.13272914250233186
24851,0.15913926410897555
24852,0.14171021813379897
24853,0.1577596584625799
24854,0.1375505821457989
24855,0.05361205709578021
24856,0.13339595823145606
24857,0.3325885496789588
24858,0.06353739629979785
24859,0.33344659695723927
24860,0.32584317039235283
24861,0.14772210773801897
24862,0.16981561525139982
24863,0.22421396222528212
24864,0.3768556765504319
24865,0.057228426951015154
24866,0.15703131702930478
24867,0.22216987437882285
24868,0.1289457724921525
24869,0.15923365076193022
24870,0.1402502041380606
24871,0.15965775384855882
24872,0.14633639821722488
24873,0.16891885446436217
24874,0.15813393326547226
24875,0.2175520631783273
24876,0.14193078863275105
24877,0.14454834210415785
24878,0.3159884308465134
24879,0.13833254947740192
24880,0.05779523485638903
24881,0.162336231726175
24882,0.13325998800214267
24883,0.24022310112147816
24884,0.16655012175208164
24885,0.15246223966098466
24886,0.1713956297779251
24887,0.1393198184957019
24888,0.12446249365387002
24889,0.14678854998105056
24890,0.32039030763786924
24891,0.14509893411668964
24892,0.24850611190780336
24893,0.06138660763911992
24894,0.1594079127588851
24895,0.13370842876401304
24896,0.15573537249943256
24897,0.06951867516568067
24898,0.3106878301515461
24899,0.16343024645050286
24900,0.06260130044351538
24901,0.246283044695047
24902,0.1310134029196023
24903,0.15299394140987466
24904,0.0598188497174173
24905,0.1729916771229177
24906,0.1223366117837843
24907,0.13588573136230575
24908,0.22195370098172448
24909,0.13698900086620916
24910,0.15496137827700363
24911,0.17400913898745407
24912,0.05915962805285676
24913,0.14300435677853446
24914,0.05753632145653109
24915,0.13759648664485002
24916,0.05691613951486875
24917,0.17042913697041512
24918,0.11765817982040616
24919,0.1615614936333584
24920,0.14419110312888292
24921,0.14708059719486977
24922,0.12798780471331528
24923,0.22847239592183372
24924,0.2107052821007454
24925,0.150780202599688
24926,0.05698506231561809
24927,0.23187553780187722
24928,0.14765026341247847
24929,0.3488257554160642
24930,0.24706583226425471
24931,0.31946562061055894
24932,0.13728229966072764
24933,0.17134696453314352
24934,0.1307579897163434
24935,0.13702912693989977
24936,0.39840342680642216
24937,0.15167014595179926
24938,0.14872680370294478
24939,0.22758954705001752
24940,0.14738004551361145
24941,0.1512959227969959
24942,0.1724069962213436
24943,0.05619918858738564
24944,0.27817927001985493
24945,0.34374702908903493
24946,0.20362055756035968
24947,0.33931645353449635
24948,0.13812576128602633
24949,0.1316330913378591
24950,0.12460665320111428
24951,0.32449979480800517
24952,0.06461433173121944
24953,0.16847140115629117
24954,0.15722303730656426
24955,0.14433273349354292
24956,0.16100161038504923
24957,0.1407725565434621
24958,0.058026275712683144
24959,0.12154545100305006
24960,0.1737168329061599
24961,0.1285059773663645
24962,0.3200143998558522
24963,0.15837308039418596
24964,0.14117104313055956
24965,0.16900026966194254
24966,0.14953787350838
24967,0.06755414840989679
24968,0.32145213578585896
24969,0.12774602744848562
24970,0.24202940050250799
24971,0.16212160698408734
24972,0.10916330926591816
24973,0.13593414240038418
24974,0.3241644451047414
24975,0.15560045927762334
24976,0.23922146989681084
24977,0.13385698143623348
24978,0.1650908092043063
24979,0.12985509779581955
24980,0.05171741099263554
24981,0.13774278512472132
24982,0.26290137639041056
24983,0.14217904792160002
24984,0.14941625783476717
24985,0.13823298775741755
24986,0.13268445122840397
24987,0.15652549100754848
24988,0.17238218158312793
24989,0.23249663470981705
24990,0.1608473526810172
24991,0.2421884891214124
24992,0.19364937067163102
24993,0.23065419698596967
24994,0.1438197438921386
24995,0.15270769516970956
24996,0.05533462041664876
24997,0.1395365838650384
24998,0.1410242677371153
24999,0.15577029874434328
25000,0.1390463881930524
25001,0.1314221450662997
25002,0.15653727843680693
25003,0.16010481727648385
25004,0.17391216199897247
25005,0.1448145162740569
25006,0.16360018681421543
25007,0.060155953116784185
25008,0.14048995694863298
25009,0.13824610119435293
25010,0.15557313349677912
25011,0.14639151893621846
25012,0.055906730545972325
25013,0.1677548044121398
25014,0.13426793229439243
25015,0.1302960145041458
25016,0.22894497137691502
25017,0.33570213436820495
25018,0.15189401620529797
25019,0.12915816776377287
25020,0.20402734840945003
25021,0.1371817731177798
25022,0.1474951461224835
25023,0.1311007341958948
25024,0.14805255290656535
25025,0.1586043886017708
25026,0.3298101615018197
25027,0.16264709959499285
25028,0.05832565670927645
25029,0.1445884634717205
25030,0.15806849328559316
25031,0.30826194892183545
25032,0.05814946966356685
25033,0.13782402056604998
25034,0.22248222417286606
25035,0.15206473635841866
25036,0.1243600056892307
25037,0.3771949692948037
25038,0.1408463237708859
25039,0.3316280378688504
25040,0.11187635740253965
25041,0.2745256315999254
25042,0.1834001369567117
25043,0.13643928963409652
25044,0.1592336484742805
25045,0.1645526866532043
25046,0.32728623334341467
25047,0.055522379525175955
25048,0.22259919659305966
25049,0.3224410101014876
25050,0.2281503403762242
25051,0.14206465914398467
25052,0.14880155329955497
25053,0.05754559560016409
25054,0.23372084063973675
25055,0.1581287963273587
25056,0.15618159298672588
25057,0.15614709496709664
25058,0.1338959356677855
25059,0.15290072884122718
25060,0.2733431637354604
25061,0.12634719138146938
25062,0.13887843232882097
25063,0.32424744188376203
25064,0.22953014264560917
25065,0.06597136617116986
25066,0.1788556671725501
25067,0.12092776387766245
25068,0.1598469957572792
25069,0.15418033254889435
25070,0.32158610555447015
25071,0.14999339181230176
25072,0.15324370553056121
25073,0.32518550823594916
25074,0.1574555877584518
25075,0.16182927631724942
25076,0.15164681791707524
25077,0.15337844302545375
25078,0.11860582781259091
25079,0.1564876079965245
25080,0.36373496197119315
25081,0.14331393667226447
25082,0.23850444544881966
25083,0.15967808105109826
25084,0.1671958252531357
25085,0.30995065924105225
25086,0.14467404161976744
25087,0.32738486345393225
25088,0.13459771217365155
25089,0.22456255272711734
25090,0.11287109271109569
25091,0.31912670882733274
25092,0.22406169461620368
25093,0.3280920451071775
25094,0.2455592084950842
25095,0.18119078707360337
25096,0.1221878842686005
25097,0.3244022305180225
25098,0.2649127485280158
25099,0.20244319829723473
25100,0.24769125909598702
25101,0.1463582719839362
25102,0.23054240660408032
25103,0.15944118590277004
25104,0.15446342044187783
25105,0.13978306723295536
25106,0.12884964408942345
25107,0.1401560624252408
25108,0.3424584167125043
25109,0.14495909903194415
25110,0.1422293070899247
25111,0.1449318442653551
25112,0.1684044935700103
25113,0.21745451465220855
25114,0.15839198782377467
25115,0.26244012453463555
25116,0.25134430722829276
25117,0.1549944059454213
25118,0.1340087204754507
25119,0.14070791879586814
25120,0.07054261726529776
25121,0.13032220843145503
25122,0.2610643206549283
25123,0.18987628315307048
25124,0.14153713566666876
25125,0.14830226541670605
25126,0.25251706854686895
25127,0.2238854314637173
25128,0.4033120796595476
25129,0.1418415523905969
25130,0.16112590226412632
25131,0.13928469382313435
25132,0.11952736186229847
25133,0.1528451256056294
25134,0.06147385899541678
25135,0.15094499924467503
25136,0.1660755064427029
25137,0.12666656308760985
25138,0.15583802448290818
25139,0.13049870338450176
25140,0.13828579253008255
25141,0.15758500793271762
25142,0.14955196815466043
25143,0.059760489797289665
25144,0.13036996994112188
25145,0.16052901046030005
25146,0.21462090296678377
25147,0.15697124274937496
25148,0.22803199192857973
25149,0.2503915721061219
25150,0.14078475590917716
25151,0.14427909187430246
25152,0.06801132389518955
25153,0.13182247242908685
25154,0.3306346187256012
25155,0.13791300551463134
25156,0.16984190057002957
25157,0.13593364549579923
25158,0.12473730509920719
25159,0.15703723252076895
25160,0.14802281851508392
25161,0.1651768335722994
25162,0.14169388568999858
25163,0.15769803466665816
25164,0.14986640640367616
25165,0.11802906993108986
25166,0.06169590562111896
25167,0.15865189087694367
25168,0.17500889369911696
25169,0.051080430453863596
25170,0.14202457852575806
25171,0.1884889023636387
25172,0.13356397066797238
25173,0.06548987771989896
25174,0.17250634538459064
25175,0.15454893697647856
25176,0.06081723250407427
25177,0.14250673536029537
25178,0.13272015114571933
25179,0.1677584952612471
25180,0.15759463110402572
25181,0.119158278309823
25182,0.31721847239261813
25183,0.16072317353795135
25184,0.1512602930345587
25185,0.14852463879046884
25186,0.1579911012209465
25187,0.1253304101326484
25188,0.16490732284252735
25189,0.1259772262148975
25190,0.16065706748380637
25191,0.2867434580501716
25192,0.37998483056631227
25193,0.16279451674144257
25194,0.15068580923215216
25195,0.3156947298298375
25196,0.14209613027825263
25197,0.14224690226862113
25198,0.0594304060672676
25199,0.25435296770594773
25200,0.13957030913087926
25201,0.3322054437093962
25202,0.12392402527752813
25203,0.14066453116979527
25204,0.12515042820933525
25205,0.24390539388395527
25206,0.13310894721544095
25207,0.12678093503544974
25208,0.12885473845858503
25209,0.22117515138682403
25210,0.15572776536231298
25211,0.11056203878835216
25212,0.3330496105842123
25213,0.1188347532410392
25214,0.1508687760287596
25215,0.15050120359964586
25216,0.22577675313173118
25217,0.18427177192748317
25218,0.1529666438492585
25219,0.1494414507579753
25220,0.16389817623625716
25221,0.2807952356222011
25222,0.17043984840332216
25223,0.16238220727493952
25224,0.14434503828830242
25225,0.16445702425805045
25226,0.3186566346253904
25227,0.1267930834066049
25228,0.18172249566411736
25229,0.14981896457778915
25230,0.18277416957028933
25231,0.1263951059402528
25232,0.12890229871737563
25233,0.1743178705370036
25234,0.31544323227412085
25235,0.15948137163548437
25236,0.16319439007575115
25237,0.32153685860887166
25238,0.23150159526180653
25239,0.13841880945667945
25240,0.3292715965013182
25241,0.15127930118495386
25242,0.1301341006446021
25243,0.13881216809751257
25244,0.34574185291352205
25245,0.13279377523437075
25246,0.1438269423815381
25247,0.16526146588222781
25248,0.04828871317478374
25249,0.14948961984061904
25250,0.1307832997560756
25251,0.1366969745726506
25252,0.22790630004131246
25253,0.0619396039155136
25254,0.1488073896589407
25255,0.22923491547087552
25256,0.14371791616034166
25257,0.11646556127874219
25258,0.15327661625871053
25259,0.15077876396729695
25260,0.24062684676262586
25261,0.22439511053812067
25262,0.17386222712135213
25263,0.15075353972513686
25264,0.13136119715217853
25265,0.13590150715500643
25266,0.1417476467751606
25267,0.14930621465226174
25268,0.1424719553679875
25269,0.22554575130930987
25270,0.13301546544900442
25271,0.045943515122219114
25272,0.12396345944647683
25273,0.3591711392021395
25274,0.12856347382350825
25275,0.2515833397405696
25276,0.1482467358721084
25277,0.13839229537815195
25278,0.22480167216796354
25279,0.15527427873568136
25280,0.3195730805983924
25281,0.23245660150931782
25282,0.16889891020004857
25283,0.20638124216089043
25284,0.21571143374708088
25285,0.14792292366517446
25286,0.14218009076488886
25287,0.06523947762667033
25288,0.14889106529734486
25289,0.14717963089667033
25290,0.1445546250578611
25291,0.14557581882737247
25292,0.1368244023031585
25293,0.2329055145120346
25294,0.2730380402193802
25295,0.14328171858936886
25296,0.15157062031532453
25297,0.15706820138240218
25298,0.06369406742745429
25299,0.16502707398485789
25300,0.06295677339795329
25301,0.14883504511497014
25302,0.14368202815369
25303,0.16115642137262787
25304,0.16207092110865323
25305,0.24055768951237244
25306,0.16056728578949103
25307,0.12492895030681336
25308,0.12451642680727587
25309,0.13514622967167594
25310,0.12478756813858517
25311,0.17691950843280296
25312,0.13248181462076306
25313,0.1397886788838546
25314,0.16681050818500276
25315,0.14155528085841002
25316,0.07391060645496927
25317,0.11086041202643498
25318,0.20824370851443896
25319,0.13682486162821367
25320,0.23488822258415776
25321,0.1424611681949154
25322,0.15377404239159112
25323,0.16179602654033043
25324,0.24969910397883957
25325,0.13334356301941386
25326,0.24578031272847106
25327,0.22766921134055218
25328,0.1723143340414966
25329,0.14436061539623724
25330,0.1199500651240156
25331,0.06312350693112545
25332,0.16468207488396552
25333,0.14976946155430299
25334,0.3277340941762018
25335,0.22409408552043608
25336,0.32556871776364454
25337,0.22741689168114732
25338,0.11864468328438937
25339,0.19638643100345798
25340,0.13517782275459483
25341,0.15763506599714477
25342,0.13130270586902767
25343,0.33106806422893775
25344,0.23602751557761537
25345,0.15425401914826364
25346,0.17745469661478758
25347,0.16541629693578708
25348,0.1603871928418124
25349,0.15306484785050084
25350,0.16697064015106872
25351,0.129175724500524
25352,0.05870668506202589
25353,0.14877988624249155
25354,0.13666889969273494
25355,0.16325111872296716
25356,0.13334970346789426
25357,0.056280402317093386
25358,0.23686855038698784
25359,0.3477620233499058
25360,0.1368955562304913
25361,0.13316115981995041
25362,0.22831918163641834
25363,0.12629901253204348
25364,0.1289526082757937
25365,0.13882335124742623
25366,0.3256262367091417
25367,0.159738267952808
25368,0.142621212950657
25369,0.13147846543109482
25370,0.15119707502108315
25371,0.1514632034755352
25372,0.14336135654253665
25373,0.2401531929829256
25374,0.24024167004432748
25375,0.2589391959841734
25376,0.1397907893712666
25377,0.39755839769170764
25378,0.1334579057066198
25379,0.14431593631920475
25380,0.06447630545837188
25381,0.0737588935609095
25382,0.14723688611222047
25383,0.14449321564732273
25384,0.12911932567875978
25385,0.14325001604158777
25386,0.329781239477384
25387,0.14105242265266282
25388,0.166426431739492
25389,0.11093171106641372
25390,0.27136899944216875
25391,0.1250822998835832
25392,0.14564321627301396
25393,0.13978778476353332
25394,0.12752989022272104
25395,0.3218231459295431
25396,0.15317897264828384
25397,0.07545863934303418
25398,0.13778656753388394
25399,0.13892829125647216
25400,0.15646387989600394
25401,0.150127165889653
25402,0.22353831634185276
25403,0.22899621752143096
25404,0.1535258239285327
25405,0.13864468670750796
25406,0.11275473945782821
25407,0.15795366940682426
25408,0.1429144227842903
25409,0.15452758929051424
25410,0.3022361701644124
25411,0.15155186335573537
25412,0.33455100637794877
25413,0.12935240085657376
25414,0.23244188262142407
25415,0.15466859012405365
25416,0.1434460248131246
25417,0.16452894464512535
25418,0.242623148788774
25419,0.15467166417537548
25420,0.13126932889948076
25421,0.1312668873762744
25422,0.2675685082776804
25423,0.36822844913516384
25424,0.1539676148352722
25425,0.13287185031611987
25426,0.253799238359412
25427,0.16570956093452816
25428,0.15553017372186106
25429,0.24651825622963186
25430,0.11773266917636123
25431,0.2009017471813097
25432,0.1620965950994272
25433,0.17101410275207757
25434,0.14989777768125592
25435,0.06731872655004907
25436,0.14736237338859404
25437,0.1718621222750505
25438,0.14752617000531412
25439,0.13629785960425228
25440,0.220091741362068
25441,0.1423410582330874
25442,0.15986971479324585
25443,0.11842994377324598
25444,0.31787702168627585
25445,0.13011489473458593
25446,0.35217175959645974
25447,0.1258685206210865
25448,0.13322037192743286
25449,0.32517694934319635
25450,0.13325840596081637
25451,0.21929673746832173
25452,0.06399895552823998
25453,0.13120768586011325
25454,0.13142843070544094
25455,0.14308133852631727
25456,0.14744188866217955
25457,0.14886209073700013
25458,0.12010422230534876
25459,0.2276767167643478
25460,0.07081172303227233
25461,0.12890041953531706
25462,0.13862622107284958
25463,0.14007375329034358
25464,0.3207729584178447
25465,0.3165727564174054
25466,0.2567098181343969
25467,0.1348489063164261
25468,0.154453995359714
25469,0.15357462000107217
25470,0.23067201560933442
25471,0.16639824206772097
25472,0.14061402096447428
25473,0.13790578674212328
25474,0.13556522285418487
25475,0.23019887468815248
25476,0.15048897120716465
25477,0.3328391441583888
25478,0.14562882529689453
25479,0.3348948547064099
25480,0.27077860353222954
25481,0.1516468573271315
25482,0.25032697301281337
25483,0.12851823038156557
25484,0.14936837219703947
25485,0.1487197218335547
25486,0.1967622937161732
25487,0.38815651772140325
25488,0.21414274685408663
25489,0.1253571074244257
25490,0.14436317140603847
25491,0.1120304467260771
25492,0.14779910308122512
25493,0.16882098959700176
25494,0.15526652501962343
25495,0.11360473615972627
25496,0.07053116497002299
25497,0.15681148881023357
25498,0.0590202791978043
25499,0.15260491944883972
25500,0.24955997085831433
25501,0.09084077617441616
25502,0.1217822555914724
25503,0.15504884681262943
25504,0.24556634705370645
25505,0.06463662314943207
25506,0.1531808940939541
25507,0.06653532123033015
25508,0.12402467614589849
25509,0.13535622308833267
25510,0.18202243348998629
25511,0.15335290821973985
25512,0.31717538665674383
25513,0.20668585632692185
25514,0.20077569995384184
25515,0.16388134403159327
25516,0.1567918419931152
25517,0.06777071321196006
25518,0.16922659993800412
25519,0.16118853371783545
25520,0.14138198129391147
25521,0.1310741419319552
25522,0.14111788249246524
25523,0.22832929351403655
25524,0.1475082454858307
25525,0.13931851905423182
25526,0.06380438589141679
25527,0.13826208210535987
25528,0.2083527190658697
25529,0.1489154755637075
25530,0.056346403817538054
25531,0.12352544572417581
25532,0.13177137497107722
25533,0.12926812006839583
25534,0.14517055488156777
25535,0.31132357863554544
25536,0.22131578208489566
25537,0.26017935114134016
25538,0.12203444612523143
25539,0.16507811565010747
25540,0.15603297471684358
25541,0.10931609270343891
25542,0.16651982741534327
25543,0.13965884152128105
25544,0.14063601645388668
25545,0.16873771223728912
25546,0.1455614325057626
25547,0.1357690029257119
25548,0.12551105162932089
25549,0.06638039901404894
25550,0.1652154722206156
25551,0.12481940802015162
25552,0.14558388243265252
25553,0.3229299672329685
25554,0.057850524944927866
25555,0.11990554945302442
25556,0.14805815433293884
25557,0.15733582186489758
25558,0.13221054355896203
25559,0.17318940508842393
25560,0.14280497842965648
25561,0.06544701365598757
25562,0.15551801022199424
25563,0.12476229928483537
25564,0.11458033273670624
25565,0.13615913362439303
25566,0.13278149712525072
25567,0.14626955500379077
25568,0.14116223300390915
25569,0.14564633184685408
25570,0.14072148100882226
25571,0.24978246537058407
25572,0.15978618350784035
25573,0.20298251419105728
25574,0.13629754871287508
25575,0.15333055238498616
25576,0.14096946515906134
25577,0.15408200673184602
25578,0.17743300850560978
25579,0.12321735582214349
25580,0.2148786426172887
25581,0.24864940448755496
25582,0.1479028823562717
25583,0.12764516594494846
25584,0.18199426350854117
25585,0.14863131488822712
25586,0.21824741830988237
25587,0.2107589929139408
25588,0.21574339311940666
25589,0.15364596462433588
25590,0.13515516880368172
25591,0.14244015372717544
25592,0.12857480521100334
25593,0.13664764339144547
25594,0.1393078008888071
25595,0.0689252792587902
25596,0.14437641396315531
25597,0.05160317626973879
25598,0.2464862253411248
25599,0.13891693721166176
25600,0.16054587664997477
25601,0.13323693787347773
25602,0.15912532360831202
25603,0.22214764437180945
25604,0.16004236192291588
25605,0.11811407858149675
25606,0.14053585714357186
25607,0.13230525851123853
25608,0.23018537008743942
25609,0.12474515407863793
25610,0.14787598315655848
25611,0.12074016538773091
25612,0.14630890735508528
25613,0.1510803834430266
25614,0.24866247634656818
25615,0.13241193261801074
25616,0.1312649722091865
25617,0.16174660748030562
25618,0.3209118772361743
25619,0.22406430798339805
25620,0.2363188027572117
25621,0.14100734024897466
25622,0.14977737378613587
25623,0.13811066370742386
25624,0.1255486900965717
25625,0.17218814970928978
25626,0.1449425843042383
25627,0.3261247863719268
25628,0.05756312373423847
25629,0.051575082652130816
25630,0.1537521463282922
25631,0.29710527928894137
25632,0.13696882262427362
25633,0.13405181784951586
25634,0.13835078258368416
25635,0.13528341292424184
25636,0.15795203565004712
25637,0.06290569156668277
25638,0.15247312613559277
25639,0.12643153759342896
25640,0.15812141943912875
25641,0.1478404834133787
25642,0.13584241724595836
25643,0.16900562954214465
25644,0.21950402403510055
25645,0.13576482224465142
25646,0.15763286078222338
25647,0.15877478917466256
25648,0.1606635719795944
25649,0.21234316799205502
25650,0.147076642175813
25651,0.16140594800995317
25652,0.26409423248804703
25653,0.13113470126612783
25654,0.12076658846904867
25655,0.28753590981079274
25656,0.36152046420665684
25657,0.13603716893675022
25658,0.06417531743394463
25659,0.13252839326128055
25660,0.1312556077424618
25661,0.24077982040648532
25662,0.16296542788832497
25663,0.12472696811878034
25664,0.23052936759071174
25665,0.1408364818643691
25666,0.05557336238855272
25667,0.14192517607787544
25668,0.14691725517944726
25669,0.233224713742959
25670,0.16747520047015763
25671,0.13233982578662043
25672,0.164551497150337
25673,0.05079672428309631
25674,0.13088051446841542
25675,0.14406208191977554
25676,0.2184878361181886
25677,0.14454321068118464
25678,0.1467263983201657
25679,0.15770222931332806
25680,0.13450026417187186
25681,0.14994292683109822
25682,0.14391857908441344
25683,0.3833833579790616
25684,0.16026229743567583
25685,0.1351955103790103
25686,0.12699963392012523
25687,0.11728471043475891
25688,0.29042352195085386
25689,0.16114931847767777
25690,0.13690374234014951
25691,0.1193299251120323
25692,0.13024055200594928
25693,0.16219465377305137
25694,0.20681804337281806
25695,0.1540545706473755
25696,0.14048617098928445
25697,0.33093757359413545
25698,0.12843137908088012
25699,0.06032613792601846
25700,0.1344854543822063
25701,0.15023179042417556
25702,0.15961730729577603
25703,0.23932384822820368
25704,0.32262629805749077
25705,0.14760380977420362
25706,0.15298112618494847
25707,0.22263536953425567
25708,0.23103876995539724
25709,0.14920280637940952
25710,0.07526287111619218
25711,0.24036052128629923
25712,0.15045947883783858
25713,0.06868519102988042
25714,0.061534205213078244
25715,0.16745932525925633
25716,0.1175636538165559
25717,0.051349703798549404
25718,0.14268397824051665
25719,0.22858489740992505
25720,0.1611213436814113
25721,0.2369828259775948
25722,0.37967985278599614
25723,0.13672295404565074
25724,0.15302244533537745
25725,0.15371703545593246
25726,0.059540075392224154
25727,0.14186234437561487
25728,0.12088006721051706
25729,0.1301805593338372
25730,0.16446467769701356
25731,0.147960165851584
25732,0.1572165742429663
25733,0.14682488051447357
25734,0.24600702946139952
25735,0.12634585757471675
25736,0.16993630218456618
25737,0.14256709842029758
25738,0.21981563548080296
25739,0.05925155946911706
25740,0.13787468467602973
25741,0.13519811736124934
25742,0.11319135831490235
25743,0.14264162869985458
25744,0.11025603907880399
25745,0.1368054204268919
25746,0.1595437564447419
25747,0.13276269865162582
25748,0.15980393713929486
25749,0.23650944744090507
25750,0.14903621255580574
25751,0.32559790341414563
25752,0.15242101142361794
25753,0.32695613390064954
25754,0.14931541316474825
25755,0.05919566847517284
25756,0.16425124856965623
25757,0.15820147688730285
25758,0.12407942524246675
25759,0.22453389157634757
25760,0.1309582686831562
25761,0.14363642587284495
25762,0.11020857999766234
25763,0.12925551117291884
25764,0.13227812659854193
25765,0.13690576686165665
25766,0.16589260511661783
25767,0.3880547531958725
25768,0.1331288264247447
25769,0.150682852940399
25770,0.06546787504537993
25771,0.2104040208452767
25772,0.12436371982049478
25773,0.14480592501363188
25774,0.3354422888803139
25775,0.16026905186040621
25776,0.13566506641429185
25777,0.22835040218340852
25778,0.17219074308404245
25779,0.1461578828930425
25780,0.2328756289085825
25781,0.1614705553623571
25782,0.1348530791957852
25783,0.14145656896920553
25784,0.16232860504255242
25785,0.061373710357178826
25786,0.14242340306365056
25787,0.11900578642255552
25788,0.31800141010328886
25789,0.12558998278979133
25790,0.1335657133932005
25791,0.12527118559166067
25792,0.15004505724337186
25793,0.1544091173859805
25794,0.13311819362569724
25795,0.18624283738196867
25796,0.15308820912844404
25797,0.2064840620424287
25798,0.1319181116417923
25799,0.2429845884180301
25800,0.1535728916785726
25801,0.13484640717005458
25802,0.23128997176436566
25803,0.14851702143163173
25804,0.05431347342705476
25805,0.13520184403673013
25806,0.13336825169786135
25807,0.33030855755438654
25808,0.151876918751587
25809,0.12428403572213947
25810,0.1453227191635263
25811,0.05289477138496826
25812,0.1195766583772786
25813,0.1279649596566303
25814,0.3245172479632263
25815,0.13414218538516404
25816,0.1388923083491469
25817,0.327194299705468
25818,0.06206385735635543
25819,0.17585720576648545
25820,0.1350298980017936
25821,0.11677167997436351
25822,0.14542278885738316
25823,0.15887378209775374
25824,0.056593010284984244
25825,0.16341836508265012
25826,0.14450366183616442
25827,0.06145545586709093
25828,0.2343105028933512
25829,0.08250165820067068
25830,0.14375440578072524
25831,0.13510339159197385
25832,0.14025831544432196
25833,0.13742485943844623
25834,0.21347917289498597
25835,0.15573487512437806
25836,0.3196534133533291
25837,0.21268817296959674
25838,0.14339144903983966
25839,0.15286545108329896
25840,0.15479623347654747
25841,0.17457974260246126
25842,0.1349131054860211
25843,0.14268857636504767
25844,0.2162271359380219
25845,0.2382715481287015
25846,0.06208107205473165
25847,0.12496402496479972
25848,0.06747668262908388
25849,0.1242424942301012
25850,0.13986669000012253
25851,0.13706049477406107
25852,0.1390582717439826
25853,0.059049105656644875
25854,0.14413829861538846
25855,0.14788394425033585
25856,0.14431985328551797
25857,0.16527533791268756
25858,0.2288352192136514
25859,0.13162173373518327
25860,0.14036715978374853
25861,0.3371604497640028
25862,0.17131908466204526
25863,0.12247017968991766
25864,0.12418677410701644
25865,0.14438285400486772
25866,0.24333109415498655
25867,0.13389260412700754
25868,0.2017401249265673
25869,0.1387805063552715
25870,0.1605452196880212
25871,0.23384145594385225
25872,0.0686075025438014
25873,0.1469278800306912
25874,0.13470236770537186
25875,0.1313720282593634
25876,0.13605688894223444
25877,0.13302100313134602
25878,0.21972723995680835
25879,0.16531809523624078
25880,0.16297755775168027
25881,0.06062509184209937
25882,0.15939801204794696
25883,0.15357127459088593
25884,0.1305896558340042
25885,0.23076815658356642
25886,0.3295086715674792
25887,0.16357197633047832
25888,0.13846761643856606
25889,0.15159146375077553
25890,0.15270091598889446
25891,0.12705481428871765
25892,0.14927688761684557
25893,0.14608504371197473
25894,0.3315301119551176
25895,0.1309347579474287
25896,0.2292012875283642
25897,0.2538917794718675
25898,0.14468820464769283
25899,0.08505317262742076
25900,0.15139375198015786
25901,0.14001977376796565
25902,0.12867654305596404
25903,0.13080335110225488
25904,0.14197910398818891
25905,0.15326091521489768
25906,0.13969796930835113
25907,0.1367382015562566
25908,0.13576436335757625
25909,0.12949225894629468
25910,0.13694036621460715
25911,0.1400464473656557
25912,0.15451578393978382
25913,0.24303066894109165
25914,0.1426636446305415
25915,0.14460042020417976
25916,0.134630749430591
25917,0.13293815090335404
25918,0.13332624661139864
25919,0.06526527329718543
25920,0.12662210190959997
25921,0.18056071822600853
25922,0.14852264265939094
25923,0.15477844403148833
25924,0.23497328484774133
25925,0.1485677387038939
25926,0.18140303820327425
25927,0.14919626950420745
25928,0.22887332216410106
25929,0.12730910134372425
25930,0.17200261437231315
25931,0.13261187102304067
25932,0.1679280278738206
25933,0.1813042262107259
25934,0.14944695461092744
25935,0.05913567035288196
25936,0.15588756505329937
25937,0.12663094526640917
25938,0.05766651779914443
25939,0.24107771982300988
25940,0.15935774112616308
25941,0.13487141383705523
25942,0.13363311183729165
25943,0.1316221643231358
25944,0.24265189311823515
25945,0.12494498490533035
25946,0.15703303530746357
25947,0.21910623917789165
25948,0.14784671516415607
25949,0.3347849670218982
25950,0.1178312817995538
25951,0.14033004018750986
25952,0.15038011719383815
25953,0.16401482882503615
25954,0.056433748779534394
25955,0.17629561848731273
25956,0.14693045311686448
25957,0.14620725432397697
25958,0.13971515125026857
25959,0.17108274224712533
25960,0.1545951231797265
25961,0.1520624140764948
25962,0.23183739371164597
25963,0.12363035859281869
25964,0.16358304138080798
25965,0.13534142709051108
25966,0.14677842971137567
25967,0.14205291033727235
25968,0.13850063044384567
25969,0.13556612215725133
25970,0.15278220010170823
25971,0.062167801681954585
25972,0.2702422178977252
25973,0.05911623751053517
25974,0.13538500589987507
25975,0.1402233755526155
25976,0.14635542986695269
25977,0.2446664711863995
25978,0.16713737097658765
25979,0.15138031480912173
25980,0.20861846834870001
25981,0.3446994768889632
25982,0.04478299788183782
25983,0.06460613594191435
25984,0.056514037313098855
25985,0.2704785218388234
25986,0.13495210342896188
25987,0.1324651583054452
25988,0.13309145729176186
25989,0.1274283607961206
25990,0.1245391583177988
25991,0.1575796593080733
25992,0.1220353511149121
25993,0.22691391864928806
25994,0.156526390400054
25995,0.14046536797675785
25996,0.17404258074423407
25997,0.1687341120521591
25998,0.12427244245373492
25999,0.1623591125337992
26000,0.1384721409796823
26001,0.12041258393719614
26002,0.13025396628431007
26003,0.15751900885542913
26004,0.13066927323634522
26005,0.14447936340317
26006,0.160528550937499
26007,0.13178626048030764
26008,0.1681147999047497
26009,0.15627160099293635
26010,0.1546984401949376
26011,0.06507490292350454
26012,0.12646922271487718
26013,0.15043758775806942
26014,0.15748910582849118
26015,0.17325671032108836
26016,0.22507791703258523
26017,0.23143420388699126
26018,0.16403899783271694
26019,0.0627498240604765
26020,0.11762257451112085
26021,0.2258699328139935
26022,0.14488041882511005
26023,0.11422117801056073
26024,0.117395482811311
26025,0.1500704276634762
26026,0.20401132747483697
26027,0.3459827660868269
26028,0.061927200576545376
26029,0.05316490032514189
26030,0.12949112864011036
26031,0.1494357629591833
26032,0.3819847565119098
26033,0.15508380038785258
26034,0.1551002233789754
26035,0.06694489543334142
26036,0.15732297176471133
26037,0.21929994578159911
26038,0.14021276842972713
26039,0.14625279164307242
26040,0.23862592519843487
26041,0.15598039524580107
26042,0.06112799531162858
26043,0.12849148949231373
26044,0.1356681928680336
26045,0.1512076731126826
26046,0.15240880228679277
26047,0.2230212875041443
26048,0.14214872002001325
26049,0.2331638075583573
26050,0.16906792475814933
26051,0.12819482282412514
26052,0.054554031528594685
26053,0.1557760695612969
26054,0.06327427795091341
26055,0.15644978644112925
26056,0.22701435910819312
26057,0.13340290058251467
26058,0.21859342077220978
26059,0.13517976088260425
26060,0.15890567319418858
26061,0.12664509038348012
26062,0.14298757731783882
26063,0.14345482834724843
26064,0.1396622338552918
26065,0.1557388248903413
26066,0.14566083499445592
26067,0.06469584883539424
26068,0.174698491524774
26069,0.1511649765801242
26070,0.23712818579651884
26071,0.12915277638257072
26072,0.14341512863757588
26073,0.15976286387505234
26074,0.15361587357135598
26075,0.1316383303727605
26076,0.14933380435555085
26077,0.2595103447080438
26078,0.3204515045498147
26079,0.18014330912260887
26080,0.18110348886548125
26081,0.1508040862744488
26082,0.14264578892383517
26083,0.14254511943746664
26084,0.14757112023921304
26085,0.1185128805804585
26086,0.13316875583695098
26087,0.11415167524088624
26088,0.12125298113713369
26089,0.164055521603198
26090,0.1467104323093157
26091,0.15064735398201598
26092,0.24971832629121088
26093,0.14143857373902197
26094,0.15255442032079658
26095,0.06929996305954941
26096,0.1401959094156353
26097,0.3444323950515976
26098,0.42142773924990395
26099,0.13559315159081195
26100,0.1392674940111192
26101,0.06573049828594994
26102,0.14280122140076323
26103,0.2182967497838576
26104,0.3153450631126712
26105,0.06104820910712411
26106,0.06179692919691379
26107,0.15306845858145296
26108,0.06427720057690389
26109,0.15357968830656005
26110,0.17081832454222015
26111,0.12729705317804518
26112,0.13115742599838134
26113,0.13084559617217478
26114,0.16556719191256908
26115,0.12122708887150108
26116,0.1347025578855358
26117,0.13509175163074433
26118,0.16355082990785264
26119,0.14557886667819298
26120,0.36325049839917634
26121,0.14938306041891125
26122,0.1493369190554693
26123,0.14036627908859572
26124,0.20732644790336688
26125,0.16471951572656895
26126,0.13383819909654088
26127,0.11196614272429006
26128,0.06587523622170033
26129,0.12442851341773027
26130,0.04963199446529756
26131,0.18409536065224363
26132,0.06333228377945385
26133,0.2860021141463299
26134,0.13489031736366294
26135,0.1525023354377209
26136,0.13314671326962027
26137,0.13357845575454685
26138,0.14051663051195173
26139,0.1519026585253871
26140,0.23063923869785197
26141,0.07261804883267509
26142,0.2468526992026438
26143,0.1535157151537394
26144,0.17934319559576592
26145,0.16112367593113797
26146,0.15855252873682005
26147,0.053449528900715804
26148,0.15950330673531932
26149,0.13853869592411241
26150,0.06054002653767985
26151,0.13465828431008922
26152,0.13669797699303438
26153,0.11928735046809148
26154,0.21671468579054537
26155,0.15633339551197878
26156,0.15269351199782571
26157,0.158405722472719
26158,0.05999246652610996
26159,0.1534517781538498
26160,0.1601839350669121
26161,0.23264201970774528
26162,0.13510630032841203
26163,0.13599246719898725
26164,0.22924358229458205
26165,0.1479727956864068
26166,0.14196265350448078
26167,0.11768062557798753
26168,0.1756519600964008
26169,0.07052630479055048
26170,0.16291719278264297
26171,0.15181560102341862
26172,0.2258526652753674
26173,0.13537948190391141
26174,0.35388243485799076
26175,0.08228313206501175
26176,0.1634837451410816
26177,0.3199897828638759
26178,0.1088849955371653
26179,0.1505375756922444
26180,0.14412880592483757
26181,0.14735250892609725
26182,0.2667636742622843
26183,0.13540150669203255
26184,0.15629983432846373
26185,0.242383156933334
26186,0.1578897401922315
26187,0.16229073759425616
26188,0.1647902268220051
26189,0.06161629132078856
26190,0.168599475000292
26191,0.1374007882669036
26192,0.1234713417912349
26193,0.1507505338871728
26194,0.14304751519817754
26195,0.10335825829415296
26196,0.04890692172704604
26197,0.1380615312891052
26198,0.15667218782749465
26199,0.13992041175868597
26200,0.23741063638185014
26201,0.13804656252540848
26202,0.2632982416297096
26203,0.2161562085845616
26204,0.13786833716591684
26205,0.2577397375473901
26206,0.13210259655011727
26207,0.15192775990172655
26208,0.34450141008882196
26209,0.2257360549424775
26210,0.1533504111189561
26211,0.3899362566411904
26212,0.06818658138144323
26213,0.2268803511020241
26214,0.3788116534209016
26215,0.17398613752148734
26216,0.13825475456728048
26217,0.1591294021622617
26218,0.11991963174253596
26219,0.16216979269537102
26220,0.15022824534341706
26221,0.1559100672416323
26222,0.12750888223880733
26223,0.14289330226963998
26224,0.1396394207222022
26225,0.14460646199595614
26226,0.15005968950561932
26227,0.17123259249418016
26228,0.16229708966955447
26229,0.15537842892601245
26230,0.2527497385474009
26231,0.05815696793302439
26232,0.1530808912467458
26233,0.1745596282871149
26234,0.13793073974967296
26235,0.2588909770812087
26236,0.14772483186400337
26237,0.12731840457069554
26238,0.12254014441061246
26239,0.24835196535049991
26240,0.14387698192279305
26241,0.13418445131114196
26242,0.12870861745761733
26243,0.15131384799831132
26244,0.14036464030937873
26245,0.1368867200555401
26246,0.14278994584353288
26247,0.1383759780656286
26248,0.13877895622523725
26249,0.24983362825773217
26250,0.13632027213891654
26251,0.22770284554018472
26252,0.14648570743786046
26253,0.15168170635303502
26254,0.17772826007529885
26255,0.16868087297033713
26256,0.2626023548301021
26257,0.11860755564332728
26258,0.23666543690932104
26259,0.3310695388571233
26260,0.1627376727818753
26261,0.149940629528357
26262,0.15937946679076936
26263,0.16928280288248407
26264,0.135238908774154
26265,0.14150059918641567
26266,0.13498146173117614
26267,0.16348382626304428
26268,0.1587138246236873
26269,0.14308868675489494
26270,0.12838775254594229
26271,0.22028364980689413
26272,0.1801187482967102
26273,0.16143933549972586
26274,0.13981671815863195
26275,0.13366797056842156
26276,0.1633720556312528
26277,0.17178534950971663
26278,0.1588958273207984
26279,0.13009676547245047
26280,0.17379145805153853
26281,0.07148014257666138
26282,0.1584929430568548
26283,0.2443528393852465
26284,0.13381815160963703
26285,0.22211469161183872
26286,0.061649988668324836
26287,0.161941574905408
26288,0.22801582049563443
26289,0.1330837442990229
26290,0.13702198671864474
26291,0.1333998174619796
26292,0.16576727623605064
26293,0.1555420458427716
26294,0.33720779416182656
26295,0.05624633921123129
26296,0.1361199124566707
26297,0.13201695731478102
26298,0.07194412070793203
26299,0.1418984614190789
26300,0.14437937024890196
26301,0.2215302417407788
26302,0.12265379337323525
26303,0.15190587523280047
26304,0.11833299606587105
26305,0.2331051170780368
26306,0.15061822522906948
26307,0.1320147010119936
26308,0.2616094958188099
26309,0.2337189847546551
26310,0.17052811876132218
26311,0.3408520423005944
26312,0.13866566639287758
26313,0.0614815841758593
26314,0.1394033407232385
26315,0.15140043072523438
26316,0.14114177627888758
26317,0.3698760277752521
26318,0.16933595081148323
26319,0.15890357384731005
26320,0.13384985289647744
26321,0.14912789832595652
26322,0.15126773494271972
26323,0.17229698036443497
26324,0.15380409916346083
26325,0.15328875688832205
26326,0.05284394394117313
26327,0.06226390960396816
26328,0.13244358127480296
26329,0.13407967709042312
26330,0.15412106349501187
26331,0.34114486968540336
26332,0.14903285276660552
26333,0.0631701682159184
26334,0.1357220415500015
26335,0.23159374918572934
26336,0.1780396093229079
26337,0.14374923629835973
26338,0.139153462289074
26339,0.1450014081027672
26340,0.05026474670776057
26341,0.0569374698164708
26342,0.3342207180766242
26343,0.13555415635300888
26344,0.15671470974175566
26345,0.14530481223807956
26346,0.14345031333056713
26347,0.15454092925421445
26348,0.12297579761903707
26349,0.12470930403838731
26350,0.21450492344969563
26351,0.16126338224289719
26352,0.17368805198779058
26353,0.07473371787034329
26354,0.06128966978233166
26355,0.13544475365591416
26356,0.13505741224732887
26357,0.13330652549560829
26358,0.1355352639365306
26359,0.05993768375563595
26360,0.1763905067879321
26361,0.12006221129629416
26362,0.13427461438061702
26363,0.06356114911819416
26364,0.14705760025022063
26365,0.13222346745349176
26366,0.13149428063933677
26367,0.15304616323159137
26368,0.34850914721207077
26369,0.14149602673247585
26370,0.13829274945755168
26371,0.05689690663078938
26372,0.25507021822532405
26373,0.12145161014083553
26374,0.14754492745559253
26375,0.1411787717853557
26376,0.14561050060936062
26377,0.05940191099165605
26378,0.1372229201346829
26379,0.12310304218365256
26380,0.13096356475341667
26381,0.23187491626718454
26382,0.1724459648918671
26383,0.2405639240771255
26384,0.0657229130760022
26385,0.2768438426085813
26386,0.17084450769477327
26387,0.2550046606030789
26388,0.13764818440964766
26389,0.14449925591166074
26390,0.1553391750750654
26391,0.0652859927974075
26392,0.13002449067631242
26393,0.1497153429024773
26394,0.1333296323143082
26395,0.13001207903547637
26396,0.1632182676267052
26397,0.13395091226035413
26398,0.1392427551618326
26399,0.17185830627979842
26400,0.05298599071202452
26401,0.15235860052028674
26402,0.24238959508749508
26403,0.16425455406760492
26404,0.13908010102672455
26405,0.05977121251126248
26406,0.23339831866980412
26407,0.13310432128052319
26408,0.15905235646868598
26409,0.15066898590902328
26410,0.1309118112412703
26411,0.14746856047418438
26412,0.06585274487795369
26413,0.1412143294247254
26414,0.23867514908508303
26415,0.14978892022968682
26416,0.1631132478348302
26417,0.21850344116187864
26418,0.16143249498316348
26419,0.41045574455947464
26420,0.14163063652917807
26421,0.2847091816047528
26422,0.13470533240507676
26423,0.1526938651199313
26424,0.2295153572461208
26425,0.13794978523811485
26426,0.12748820896163368
26427,0.21135537020734924
26428,0.15037343881325754
26429,0.142426516413601
26430,0.15988702021704387
26431,0.13636124685043371
26432,0.11858144663386652
26433,0.13715936373896664
26434,0.14286325466809816
26435,0.05977827677454077
26436,0.1636069659496069
26437,0.13363596217722723
26438,0.134943923933745
26439,0.14244256834372326
26440,0.11781135190941243
26441,0.14700463972647165
26442,0.17611318410871862
26443,0.13335096669783197
26444,0.14572817874867072
26445,0.12743287663654024
26446,0.13649005067342057
26447,0.1598912412059616
26448,0.1343330965686877
26449,0.13157528223900314
26450,0.06289438312151957
26451,0.18173825311400224
26452,0.14264709347012305
26453,0.2743429745752646
26454,0.12570258340531762
26455,0.05664574879511154
26456,0.2439499998789339
26457,0.13881477379358087
26458,0.1382969331316518
26459,0.2197756950658627
26460,0.1336346051530587
26461,0.19236683554973544
26462,0.15741047926161955
26463,0.32536413631745825
26464,0.1426585067155247
26465,0.14513110859165695
26466,0.2217232607006013
26467,0.24747712603383692
